data,contrato,ajuste,ajuste_anterior
2018-01-04,DI1N24,10.1,10.062
2018-01-04,DI1X18,6.651,6.662
2018-01-04,DI1N22,9.605,9.607
2018-01-04,DI1N23,9.889,9.879
2018-01-04,DI1N20,8.43,8.453
2018-01-04,DI1N21,9.15,9.173
2018-01-04,DI1H18,6.801,6.798
2018-01-04,DI1K18,6.655,6.667
2018-01-04,DI1Z18,6.711,6.718
2018-01-04,DI1J18,6.723,6.722
2018-01-04,DI1J19,6.98,6.99
2018-01-04,DI1J20,8.22,8.212
2018-01-04,DI1J21,9,9.023
2018-01-04,DI1U18,6.647,6.654
2018-01-04,DI1J22,9.509,9.516
2018-01-04,DI1M18,6.63,6.641
2018-01-04,DI1G18,6.895,6.898
2018-01-04,DI1V20,8.67,8.693
2018-01-04,DI1F24,10.015,10.002
2018-01-04,DI1V21,9.305,9.323
2018-01-04,DI1F25,10.22,10.202
2018-01-04,DI1F20,7.93,7.922
2018-01-04,DI1F30,10.738,10.699
2018-01-04,DI1F21,8.83,8.853
2018-01-04,DI1V22,9.68,9.677
2018-01-04,DI1F26,10.35,10.342
2018-01-04,DI1F27,10.48,10.482
2018-01-04,DI1V18,6.645,6.659
2018-01-04,DI1V19,7.63,7.632
2018-01-04,DI1Q18,6.635,6.633
2018-01-04,DI1F22,9.42,9.433
2018-01-04,DI1F23,9.76,9.752
2018-01-04,DI1F19,6.77,6.775
2018-01-04,DI1F29,10.7,10.661
2018-01-04,DI1N19,7.28,7.281
2018-01-04,DI1F28,10.61,10.592
2018-01-04,DI1N18,6.62,6.628
2018-01-02,DI1N24,10.125,10.309
2018-01-02,DI1X18,6.686,6.737
2018-01-02,DI1N22,9.65,9.845
2018-01-02,DI1N23,9.937,10.127
2018-01-02,DI1N20,8.46,8.636
2018-01-02,DI1N21,9.2,9.406
2018-01-02,DI1H18,6.8,6.819
2018-01-02,DI1K18,6.68,6.726
2018-01-02,DI1Z18,6.746,6.804
2018-01-02,DI1J18,6.735,6.761
2018-01-02,DI1J19,7.01,7.111
2018-01-02,DI1J20,8.23,8.385
2018-01-02,DI1J21,9.05,9.246
2018-01-02,DI1U18,6.669,6.704
2018-01-02,DI1J22,9.556,9.751
2018-01-02,DI1M18,6.653,6.707
2018-01-02,DI1G18,6.895,6.898
2018-01-02,DI1V20,8.71,8.886
2018-01-02,DI1F24,10.07,10.255
2018-01-02,DI1V21,9.355,9.556
2018-01-02,DI1F25,10.26,10.444
2018-01-02,DI1F20,7.93,8.075
2018-01-02,DI1F30,10.743,10.891
2018-01-02,DI1F21,8.88,9.066
2018-01-02,DI1V22,9.723,9.918
2018-01-02,DI1F26,10.405,10.604
2018-01-02,DI1F27,10.51,10.663
2018-01-02,DI1V18,6.68,6.723
2018-01-02,DI1V19,7.63,7.784
2018-01-02,DI1Q18,6.642,6.667
2018-01-02,DI1F22,9.47,9.666
2018-01-02,DI1F23,9.8,9.995
2018-01-02,DI1F19,6.805,6.87
2018-01-02,DI1F29,10.705,10.853
2018-01-02,DI1N19,7.29,7.413
2018-01-02,DI1F18,6.89,6.89
2018-01-02,DI1F28,10.627,10.778
2018-01-02,DI1N18,6.64,6.656
2018-01-03,DI1N24,10.06,10.127
2018-01-03,DI1X18,6.663,6.685
2018-01-03,DI1N22,9.605,9.652
2018-01-03,DI1N23,9.877,9.939
2018-01-03,DI1N20,8.45,8.463
2018-01-03,DI1N21,9.17,9.203
2018-01-03,DI1H18,6.8,6.798
2018-01-03,DI1K18,6.67,6.677
2018-01-03,DI1Z18,6.719,6.745
2018-01-03,DI1J18,6.725,6.732
2018-01-03,DI1J19,6.99,7.01
2018-01-03,DI1J20,8.21,8.232
2018-01-03,DI1J21,9.02,9.053
2018-01-03,DI1U18,6.655,6.668
2018-01-03,DI1J22,9.514,9.559
2018-01-03,DI1M18,6.643,6.651
2018-01-03,DI1G18,6.898,6.895
2018-01-03,DI1V20,8.69,8.713
2018-01-03,DI1F24,10,10.072
2018-01-03,DI1V21,9.32,9.358
2018-01-03,DI1F25,10.2,10.262
2018-01-03,DI1F20,7.92,7.932
2018-01-03,DI1F30,10.698,10.744
2018-01-03,DI1F21,8.85,8.883
2018-01-03,DI1V22,9.675,9.725
2018-01-03,DI1F26,10.34,10.407
2018-01-03,DI1F27,10.48,10.512
2018-01-03,DI1V18,6.66,6.679
2018-01-03,DI1V19,7.63,7.632
2018-01-03,DI1Q18,6.635,6.64
2018-01-03,DI1F22,9.43,9.473
2018-01-03,DI1F23,9.75,9.802
2018-01-03,DI1F19,6.775,6.805
2018-01-03,DI1F29,10.66,10.706
2018-01-03,DI1N19,7.28,7.291
2018-01-03,DI1F28,10.59,10.629
2018-01-03,DI1N18,6.63,6.638
2018-01-05,DI1N24,10.165,10.102
2018-01-05,DI1X18,6.69,6.65
2018-01-05,DI1N22,9.65,9.607
2018-01-05,DI1N23,9.931,9.891
2018-01-05,DI1N20,8.5,8.432
2018-01-05,DI1N21,9.21,9.153
2018-01-05,DI1H18,6.802,6.799
2018-01-05,DI1K18,6.695,6.652
2018-01-05,DI1Z18,6.743,6.71
2018-01-05,DI1J18,6.733,6.72
2018-01-05,DI1J19,7.01,6.98
2018-01-05,DI1J20,8.28,8.222
2018-01-05,DI1J21,9.06,9.003
2018-01-05,DI1U18,6.662,6.646
2018-01-05,DI1J22,9.551,9.511
2018-01-05,DI1M18,6.655,6.627
2018-01-05,DI1G18,6.894,6.895
2018-01-05,DI1V20,8.73,8.673
2018-01-05,DI1F24,10.06,10.017
2018-01-05,DI1V21,9.355,9.308
2018-01-05,DI1F25,10.24,10.222
2018-01-05,DI1F20,7.99,7.932
2018-01-05,DI1F30,10.768,10.739
2018-01-05,DI1F21,8.89,8.833
2018-01-05,DI1V22,9.74,9.682
2018-01-05,DI1F26,10.37,10.352
2018-01-05,DI1F27,10.51,10.482
2018-01-05,DI1V18,6.66,6.644
2018-01-05,DI1V19,7.69,7.632
2018-01-05,DI1Q18,6.65,6.633
2018-01-05,DI1F22,9.46,9.423
2018-01-05,DI1F23,9.79,9.762
2018-01-05,DI1F19,6.795,6.77
2018-01-05,DI1F29,10.73,10.701
2018-01-05,DI1N19,7.32,7.281
2018-01-05,DI1F28,10.64,10.612
2018-01-05,DI1N18,6.63,6.618
2018-01-08,DI1N24,10.11,10.167
2018-01-08,DI1X18,6.698,6.689
2018-01-08,DI1N22,9.6,9.652
2018-01-08,DI1N23,9.866,9.933
2018-01-08,DI1N20,8.49,8.503
2018-01-08,DI1N21,9.17,9.213
2018-01-08,DI1H18,6.802,6.8
2018-01-08,DI1K18,6.689,6.693
2018-01-08,DI1Z18,6.755,6.742
2018-01-08,DI1J18,6.725,6.73
2018-01-08,DI1J19,7.02,7.01
2018-01-08,DI1J20,8.26,8.282
2018-01-08,DI1J21,9.025,9.063
2018-01-08,DI1U18,6.666,6.661
2018-01-08,DI1J22,9.501,9.554
2018-01-08,DI1M18,6.65,6.653
2018-01-08,DI1G18,6.895,6.894
2018-01-08,DI1V20,8.71,8.733
2018-01-08,DI1F24,9.98,10.062
2018-01-08,DI1V21,9.31,9.358
2018-01-08,DI1F25,10.19,10.242
2018-01-08,DI1F20,7.98,7.992
2018-01-08,DI1F30,10.723,10.769
2018-01-08,DI1F21,8.86,8.893
2018-01-08,DI1V22,9.69,9.742
2018-01-08,DI1F26,10.32,10.372
2018-01-08,DI1F27,10.46,10.512
2018-01-08,DI1V18,6.665,6.659
2018-01-08,DI1V19,7.69,7.692
2018-01-08,DI1Q18,6.652,6.648
2018-01-08,DI1F22,9.41,9.463
2018-01-08,DI1F23,9.74,9.792
2018-01-08,DI1F19,6.81,6.795
2018-01-08,DI1F29,10.685,10.731
2018-01-08,DI1N19,7.32,7.321
2018-01-08,DI1F28,10.592,10.642
2018-01-08,DI1N18,6.63,6.628
2018-01-11,DI1N24,10.013,10.072
2018-01-11,DI1X18,6.781,6.745
2018-01-11,DI1N22,9.565,9.622
2018-01-11,DI1N23,9.801,9.855
2018-01-11,DI1N20,8.53,8.543
2018-01-11,DI1N21,9.16,9.203
2018-01-11,DI1H18,6.794,6.798
2018-01-11,DI1K18,6.72,6.687
2018-01-11,DI1Z18,6.835,6.806
2018-01-11,DI1J18,6.756,6.734
2018-01-11,DI1J19,7.1,7.091
2018-01-11,DI1J20,8.32,8.323
2018-01-11,DI1J21,9.02,9.063
2018-01-11,DI1U18,6.748,6.704
2018-01-11,DI1J22,9.474,9.535
2018-01-11,DI1M18,6.695,6.668
2018-01-11,DI1G18,6.9,6.943
2018-01-11,DI1V20,8.73,8.763
2018-01-11,DI1F24,9.9,9.955
2018-01-11,DI1V21,9.29,9.343
2018-01-11,DI1F25,10.11,10.172
2018-01-11,DI1F20,8.04,8.042
2018-01-11,DI1F30,10.648,10.729
2018-01-11,DI1F21,8.88,8.923
2018-01-11,DI1V22,9.647,9.701
2018-01-11,DI1F26,10.245,10.312
2018-01-11,DI1F27,10.38,10.452
2018-01-11,DI1V18,6.75,6.709
2018-01-11,DI1V19,7.75,7.762
2018-01-11,DI1Q18,6.73,6.682
2018-01-11,DI1F22,9.39,9.453
2018-01-11,DI1F23,9.69,9.742
2018-01-11,DI1F19,6.89,6.865
2018-01-11,DI1F29,10.61,10.691
2018-01-11,DI1N19,7.4,7.391
2018-01-11,DI1F28,10.515,10.592
2018-01-11,DI1N18,6.69,6.658
2018-01-10,DI1N24,10.07,10.152
2018-01-10,DI1X18,6.746,6.7
2018-01-10,DI1N22,9.62,9.647
2018-01-10,DI1N23,9.853,9.908
2018-01-10,DI1N20,8.54,8.523
2018-01-10,DI1N21,9.2,9.213
2018-01-10,DI1H18,6.801,6.799
2018-01-10,DI1K18,6.69,6.662
2018-01-10,DI1Z18,6.806,6.755
2018-01-10,DI1J18,6.737,6.725
2018-01-10,DI1J19,7.09,7.03
2018-01-10,DI1J20,8.32,8.293
2018-01-10,DI1J21,9.06,9.068
2018-01-10,DI1U18,6.705,6.667
2018-01-10,DI1J22,9.532,9.552
2018-01-10,DI1M18,6.67,6.637
2018-01-10,DI1G18,6.94,6.893
2018-01-10,DI1V20,8.76,8.743
2018-01-10,DI1F24,9.953,10.022
2018-01-10,DI1V21,9.34,9.358
2018-01-10,DI1F25,10.17,10.232
2018-01-10,DI1F20,8.04,8.002
2018-01-10,DI1F30,10.728,10.749
2018-01-10,DI1F21,8.92,8.903
2018-01-10,DI1V22,9.699,9.734
2018-01-10,DI1F26,10.31,10.362
2018-01-10,DI1F27,10.45,10.492
2018-01-10,DI1V18,6.71,6.669
2018-01-10,DI1V19,7.76,7.702
2018-01-10,DI1Q18,6.683,6.648
2018-01-10,DI1F22,9.45,9.463
2018-01-10,DI1F23,9.74,9.782
2018-01-10,DI1F19,6.865,6.81
2018-01-10,DI1F29,10.69,10.711
2018-01-10,DI1N19,7.39,7.341
2018-01-10,DI1F28,10.59,10.622
2018-01-10,DI1N18,6.66,6.628
2018-01-12,DI1N24,9.948,10.015
2018-01-12,DI1X18,6.813,6.78
2018-01-12,DI1N22,9.53,9.567
2018-01-12,DI1N23,9.746,9.803
2018-01-12,DI1N20,8.52,8.533
2018-01-12,DI1N21,9.15,9.163
2018-01-12,DI1H18,6.796,6.791
2018-01-12,DI1K18,6.735,6.718
2018-01-12,DI1Z18,6.869,6.835
2018-01-12,DI1J18,6.765,6.754
2018-01-12,DI1J19,7.14,7.101
2018-01-12,DI1J20,8.33,8.323
2018-01-12,DI1J21,9.02,9.023
2018-01-12,DI1U18,6.775,6.747
2018-01-12,DI1J22,9.447,9.476
2018-01-12,DI1M18,6.712,6.693
2018-01-12,DI1G18,6.885,6.901
2018-01-12,DI1V20,8.72,8.733
2018-01-12,DI1F24,9.84,9.902
2018-01-12,DI1V21,9.275,9.293
2018-01-12,DI1F25,10.04,10.112
2018-01-12,DI1F20,8.06,8.042
2018-01-12,DI1F30,10.548,10.649
2018-01-12,DI1F21,8.89,8.883
2018-01-12,DI1V22,9.604,9.649
2018-01-12,DI1F26,10.175,10.247
2018-01-12,DI1F27,10.31,10.382
2018-01-12,DI1V18,6.78,6.749
2018-01-12,DI1V19,7.76,7.752
2018-01-12,DI1Q18,6.753,6.729
2018-01-12,DI1F22,9.37,9.393
2018-01-12,DI1F23,9.64,9.692
2018-01-12,DI1F19,6.925,6.89
2018-01-12,DI1F29,10.51,10.611
2018-01-12,DI1N19,7.43,7.401
2018-01-12,DI1F28,10.43,10.516
2018-01-12,DI1N18,6.71,6.688
2018-01-15,DI1N24,9.955,9.95
2018-01-15,DI1X18,6.79,6.813
2018-01-15,DI1N22,9.52,9.532
2018-01-15,DI1N23,9.748,9.748
2018-01-15,DI1N20,8.5,8.523
2018-01-15,DI1N21,9.13,9.153
2018-01-15,DI1H18,6.8,6.793
2018-01-15,DI1K18,6.73,6.733
2018-01-15,DI1Z18,6.84,6.869
2018-01-15,DI1J18,6.76,6.763
2018-01-15,DI1J19,7.11,7.141
2018-01-15,DI1J20,8.3,8.333
2018-01-15,DI1J21,8.995,9.023
2018-01-15,DI1U18,6.751,6.774
2018-01-15,DI1J22,9.432,9.449
2018-01-15,DI1M18,6.7,6.71
2018-01-15,DI1G18,6.875,6.885
2018-01-15,DI1V20,8.72,8.723
2018-01-15,DI1F24,9.845,9.842
2018-01-15,DI1V21,9.255,9.278
2018-01-15,DI1F25,10.05,10.042
2018-01-15,DI1F20,8.02,8.062
2018-01-15,DI1F30,10.588,10.549
2018-01-15,DI1F21,8.86,8.893
2018-01-15,DI1V22,9.599,9.606
2018-01-15,DI1F26,10.165,10.177
2018-01-15,DI1F27,10.34,10.312
2018-01-15,DI1V18,6.755,6.779
2018-01-15,DI1V19,7.73,7.762
2018-01-15,DI1Q18,6.731,6.752
2018-01-15,DI1F22,9.35,9.373
2018-01-15,DI1F23,9.64,9.642
2018-01-15,DI1F19,6.895,6.925
2018-01-15,DI1F29,10.55,10.511
2018-01-15,DI1N19,7.4,7.431
2018-01-15,DI1F28,10.465,10.431
2018-01-15,DI1N18,6.69,6.708
2018-01-16,DI1N24,9.978,9.957
2018-01-16,DI1X18,6.788,6.79
2018-01-16,DI1N22,9.555,9.522
2018-01-16,DI1N23,9.776,9.75
2018-01-16,DI1N20,8.54,8.503
2018-01-16,DI1N21,9.17,9.133
2018-01-16,DI1H18,6.795,6.797
2018-01-16,DI1K18,6.725,6.728
2018-01-16,DI1Z18,6.842,6.84
2018-01-16,DI1J18,6.757,6.757
2018-01-16,DI1J19,7.11,7.111
2018-01-16,DI1J20,8.33,8.303
2018-01-16,DI1J21,9.03,8.998
2018-01-16,DI1U18,6.747,6.75
2018-01-16,DI1J22,9.47,9.434
2018-01-16,DI1M18,6.697,6.698
2018-01-16,DI1G18,6.88,6.874
2018-01-16,DI1V20,8.74,8.723
2018-01-16,DI1F24,9.87,9.847
2018-01-16,DI1V21,9.295,9.258
2018-01-16,DI1F25,10.07,10.052
2018-01-16,DI1F20,8.05,8.022
2018-01-16,DI1F30,10.598,10.589
2018-01-16,DI1F21,8.89,8.863
2018-01-16,DI1V22,9.631,9.601
2018-01-16,DI1F26,10.21,10.167
2018-01-16,DI1F27,10.34,10.342
2018-01-16,DI1V18,6.75,6.754
2018-01-16,DI1V19,7.74,7.732
2018-01-16,DI1Q18,6.729,6.73
2018-01-16,DI1F22,9.39,9.353
2018-01-16,DI1F23,9.67,9.642
2018-01-16,DI1F19,6.9,6.895
2018-01-16,DI1F29,10.56,10.551
2018-01-16,DI1N19,7.4,7.401
2018-01-16,DI1F28,10.47,10.466
2018-01-16,DI1N18,6.69,6.688
2018-01-17,DI1N24,9.973,9.98
2018-01-17,DI1X18,6.79,6.787
2018-01-17,DI1N22,9.56,9.557
2018-01-17,DI1N23,9.781,9.778
2018-01-17,DI1N20,8.56,8.543
2018-01-17,DI1N21,9.18,9.173
2018-01-17,DI1H18,6.785,6.792
2018-01-17,DI1K18,6.72,6.723
2018-01-17,DI1Z18,6.846,6.842
2018-01-17,DI1J18,6.755,6.754
2018-01-17,DI1J19,7.12,7.111
2018-01-17,DI1J20,8.35,8.333
2018-01-17,DI1J21,9.045,9.033
2018-01-17,DI1U18,6.743,6.746
2018-01-17,DI1J22,9.472,9.472
2018-01-17,DI1M18,6.69,6.695
2018-01-17,DI1G18,6.9,6.879
2018-01-17,DI1V20,8.76,8.743
2018-01-17,DI1F24,9.87,9.872
2018-01-17,DI1V21,9.3,9.298
2018-01-17,DI1F25,10.06,10.072
2018-01-17,DI1F20,8.06,8.052
2018-01-17,DI1F30,10.578,10.599
2018-01-17,DI1F21,8.91,8.893
2018-01-17,DI1V22,9.639,9.633
2018-01-17,DI1F26,10.19,10.212
2018-01-17,DI1F27,10.32,10.342
2018-01-17,DI1V18,6.75,6.749
2018-01-17,DI1V19,7.76,7.742
2018-01-17,DI1Q18,6.72,6.728
2018-01-17,DI1F22,9.39,9.393
2018-01-17,DI1F23,9.68,9.672
2018-01-17,DI1F19,6.905,6.9
2018-01-17,DI1F29,10.54,10.561
2018-01-17,DI1N19,7.42,7.401
2018-01-17,DI1F28,10.45,10.471
2018-01-17,DI1N18,6.69,6.688
2018-01-18,DI1N24,9.961,9.975
2018-01-18,DI1X18,6.802,6.79
2018-01-18,DI1N22,9.575,9.562
2018-01-18,DI1N23,9.784,9.783
2018-01-18,DI1N20,8.58,8.563
2018-01-18,DI1N21,9.2,9.183
2018-01-18,DI1H18,6.786,6.781
2018-01-18,DI1K18,6.72,6.718
2018-01-18,DI1Z18,6.86,6.846
2018-01-18,DI1J18,6.746,6.752
2018-01-18,DI1J19,7.14,7.121
2018-01-18,DI1J20,8.38,8.353
2018-01-18,DI1J21,9.075,9.048
2018-01-18,DI1U18,6.75,6.742
2018-01-18,DI1J22,9.49,9.474
2018-01-18,DI1M18,6.688,6.688
2018-01-18,DI1G18,6.892,6.901
2018-01-18,DI1V20,8.78,8.763
2018-01-18,DI1F24,9.865,9.872
2018-01-18,DI1V21,9.315,9.303
2018-01-18,DI1F25,10.04,10.062
2018-01-18,DI1F20,8.1,8.062
2018-01-18,DI1F30,10.538,10.579
2018-01-18,DI1F21,8.94,8.913
2018-01-18,DI1V22,9.651,9.641
2018-01-18,DI1F26,10.16,10.192
2018-01-18,DI1F27,10.28,10.322
2018-01-18,DI1V18,6.76,6.749
2018-01-18,DI1V19,7.78,7.762
2018-01-18,DI1Q18,6.723,6.719
2018-01-18,DI1F22,9.41,9.393
2018-01-18,DI1F23,9.69,9.682
2018-01-18,DI1F19,6.915,6.905
2018-01-18,DI1F29,10.5,10.541
2018-01-18,DI1N19,7.44,7.421
2018-01-18,DI1F28,10.41,10.451
2018-01-18,DI1N18,6.69,6.688
2018-01-22,DI1N24,10.024,9.983
2018-01-22,DI1X18,6.804,6.799
2018-01-22,DI1N22,9.6,9.572
2018-01-22,DI1N23,9.836,9.796
2018-01-22,DI1N20,8.58,8.573
2018-01-22,DI1N21,9.21,9.193
2018-01-22,DI1H18,6.77,6.778
2018-01-22,DI1K18,6.725,6.723
2018-01-22,DI1Z18,6.864,6.859
2018-01-22,DI1J18,6.745,6.745
2018-01-22,DI1J19,7.14,7.131
2018-01-22,DI1J20,8.37,8.353
2018-01-22,DI1J21,9.075,9.068
2018-01-22,DI1U18,6.749,6.743
2018-01-22,DI1J22,9.512,9.484
2018-01-22,DI1M18,6.692,6.688
2018-01-22,DI1G18,6.87,6.879
2018-01-22,DI1V20,8.78,8.773
2018-01-22,DI1F24,9.94,9.887
2018-01-22,DI1V21,9.345,9.323
2018-01-22,DI1F25,10.09,10.062
2018-01-22,DI1F20,8.09,8.082
2018-01-22,DI1F30,10.588,10.559
2018-01-22,DI1F21,8.93,8.933
2018-01-22,DI1V22,9.679,9.651
2018-01-22,DI1F26,10.22,10.182
2018-01-22,DI1F27,10.33,10.302
2018-01-22,DI1V18,6.76,6.754
2018-01-22,DI1V19,7.78,7.782
2018-01-22,DI1Q18,6.72,6.714
2018-01-22,DI1F22,9.43,9.403
2018-01-22,DI1F23,9.72,9.692
2018-01-22,DI1F19,6.92,6.915
2018-01-22,DI1F29,10.55,10.521
2018-01-22,DI1N19,7.44,7.432
2018-01-22,DI1F28,10.46,10.431
2018-01-22,DI1N18,6.695,6.688
2018-01-19,DI1N24,9.981,9.963
2018-01-19,DI1X18,6.799,6.802
2018-01-19,DI1N22,9.57,9.577
2018-01-19,DI1N23,9.794,9.786
2018-01-19,DI1N20,8.57,8.583
2018-01-19,DI1N21,9.19,9.203
2018-01-19,DI1H18,6.782,6.782
2018-01-19,DI1K18,6.725,6.718
2018-01-19,DI1Z18,6.859,6.86
2018-01-19,DI1J18,6.748,6.743
2018-01-19,DI1J19,7.13,7.141
2018-01-19,DI1J20,8.35,8.383
2018-01-19,DI1J21,9.065,9.078
2018-01-19,DI1U18,6.744,6.749
2018-01-19,DI1J22,9.482,9.492
2018-01-19,DI1M18,6.69,6.686
2018-01-19,DI1G18,6.88,6.892
2018-01-19,DI1V20,8.77,8.783
2018-01-19,DI1F24,9.885,9.867
2018-01-19,DI1V21,9.32,9.318
2018-01-19,DI1F25,10.06,10.042
2018-01-19,DI1F20,8.08,8.102
2018-01-19,DI1F30,10.558,10.539
2018-01-19,DI1F21,8.93,8.943
2018-01-19,DI1V22,9.649,9.653
2018-01-19,DI1F26,10.18,10.162
2018-01-19,DI1F27,10.3,10.282
2018-01-19,DI1V18,6.755,6.759
2018-01-19,DI1V19,7.78,7.782
2018-01-19,DI1Q18,6.715,6.722
2018-01-19,DI1F22,9.4,9.413
2018-01-19,DI1F23,9.69,9.692
2018-01-19,DI1F19,6.915,6.915
2018-01-19,DI1F29,10.52,10.501
2018-01-19,DI1N19,7.43,7.442
2018-01-19,DI1F28,10.43,10.411
2018-01-19,DI1N18,6.69,6.688
2018-01-23,DI1N24,10.094,10.026
2018-01-23,DI1X18,6.779,6.804
2018-01-23,DI1N22,9.66,9.602
2018-01-23,DI1N23,9.896,9.838
2018-01-23,DI1N20,8.62,8.583
2018-01-23,DI1N21,9.27,9.213
2018-01-23,DI1H18,6.768,6.765
2018-01-23,DI1K18,6.7,6.723
2018-01-23,DI1Z18,6.84,6.864
2018-01-23,DI1J18,6.725,6.742
2018-01-23,DI1J19,7.13,7.141
2018-01-23,DI1J20,8.41,8.373
2018-01-23,DI1J21,9.135,9.078
2018-01-23,DI1U18,6.721,6.748
2018-01-23,DI1J22,9.572,9.515
2018-01-23,DI1M18,6.675,6.69
2018-01-23,DI1G18,6.88,6.868
2018-01-23,DI1V20,8.83,8.783
2018-01-23,DI1F24,10,9.942
2018-01-23,DI1V21,9.39,9.348
2018-01-23,DI1F25,10.17,10.092
2018-01-23,DI1F20,8.11,8.092
2018-01-23,DI1F30,10.668,10.589
2018-01-23,DI1F21,8.99,8.933
2018-01-23,DI1V22,9.739,9.681
2018-01-23,DI1F26,10.305,10.222
2018-01-23,DI1F27,10.42,10.332
2018-01-23,DI1V18,6.735,6.759
2018-01-23,DI1V19,7.79,7.782
2018-01-23,DI1Q18,6.688,6.719
2018-01-23,DI1F22,9.49,9.433
2018-01-23,DI1F23,9.78,9.722
2018-01-23,DI1F19,6.9,6.92
2018-01-23,DI1F29,10.63,10.551
2018-01-23,DI1N19,7.44,7.442
2018-01-23,DI1F28,10.545,10.461
2018-01-23,DI1N18,6.67,6.693
2018-01-24,DI1N24,9.941,10.096
2018-01-24,DI1X18,6.722,6.778
2018-01-24,DI1N22,9.5,9.663
2018-01-24,DI1N23,9.738,9.898
2018-01-24,DI1N20,8.48,8.623
2018-01-24,DI1N21,9.12,9.273
2018-01-24,DI1H18,6.765,6.763
2018-01-24,DI1K18,6.66,6.697
2018-01-24,DI1Z18,6.776,6.84
2018-01-24,DI1J18,6.709,6.721
2018-01-24,DI1J19,7.04,7.131
2018-01-24,DI1J20,8.27,8.413
2018-01-24,DI1J21,8.985,9.138
2018-01-24,DI1U18,6.677,6.72
2018-01-24,DI1J22,9.412,9.575
2018-01-24,DI1M18,6.646,6.673
2018-01-24,DI1G18,6.88,6.878
2018-01-24,DI1V20,8.67,8.833
2018-01-24,DI1F24,9.845,10.002
2018-01-24,DI1V21,9.235,9.393
2018-01-24,DI1F25,10.02,10.172
2018-01-24,DI1F20,7.99,8.113
2018-01-24,DI1F30,10.508,10.669
2018-01-24,DI1F21,8.84,8.993
2018-01-24,DI1V22,9.579,9.741
2018-01-24,DI1F26,10.14,10.307
2018-01-24,DI1F27,10.26,10.422
2018-01-24,DI1V18,6.685,6.734
2018-01-24,DI1V19,7.68,7.792
2018-01-24,DI1Q18,6.65,6.686
2018-01-24,DI1F22,9.33,9.493
2018-01-24,DI1F23,9.62,9.782
2018-01-24,DI1F19,6.83,6.9
2018-01-24,DI1F29,10.47,10.631
2018-01-24,DI1N19,7.33,7.442
2018-01-24,DI1F28,10.385,10.546
2018-01-24,DI1N18,6.635,6.668
2018-01-26,DI1N24,9.768,9.945
2018-01-26,DI1X18,6.67,6.72
2018-01-26,DI1N22,9.355,9.505
2018-01-26,DI1N23,9.571,9.742
2018-01-26,DI1N20,8.42,8.485
2018-01-26,DI1N21,9,9.125
2018-01-26,DI1H18,6.752,6.754
2018-01-26,DI1K18,6.67,6.653
2018-01-26,DI1Z18,6.725,6.775
2018-01-26,DI1J18,6.69,6.701
2018-01-26,DI1J19,7,7.041
2018-01-26,DI1J20,8.22,8.275
2018-01-26,DI1J21,8.875,8.99
2018-01-26,DI1U18,6.644,6.674
2018-01-26,DI1J22,9.27,9.417
2018-01-26,DI1M18,6.67,6.64
2018-01-26,DI1G18,6.88,6.875
2018-01-26,DI1V20,8.6,8.675
2018-01-26,DI1F24,9.66,9.849
2018-01-26,DI1V21,9.105,9.24
2018-01-26,DI1F25,9.86,10.024
2018-01-26,DI1F20,7.93,7.995
2018-01-26,DI1F30,10.368,10.51
2018-01-26,DI1F21,8.74,8.845
2018-01-26,DI1V22,9.431,9.584
2018-01-26,DI1F26,9.985,10.143
2018-01-26,DI1F27,10.11,10.263
2018-01-26,DI1V18,6.645,6.683
2018-01-26,DI1V19,7.64,7.684
2018-01-26,DI1Q18,6.625,6.646
2018-01-26,DI1F22,9.19,9.335
2018-01-26,DI1F23,9.47,9.624
2018-01-26,DI1F19,6.78,6.829
2018-01-26,DI1F29,10.33,10.473
2018-01-26,DI1N19,7.29,7.332
2018-01-26,DI1F28,10.24,10.388
2018-01-26,DI1N18,6.61,6.63
2018-01-29,DI1N24,9.813,9.77
2018-01-29,DI1X18,6.678,6.669
2018-01-29,DI1N22,9.408,9.357
2018-01-29,DI1N23,9.616,9.573
2018-01-29,DI1N20,8.45,8.423
2018-01-29,DI1N21,9.05,9.002
2018-01-29,DI1H18,6.745,6.745
2018-01-29,DI1K18,6.65,6.667
2018-01-29,DI1Z18,6.731,6.724
2018-01-29,DI1J18,6.68,6.685
2018-01-29,DI1J19,7.02,7
2018-01-29,DI1J20,8.25,8.222
2018-01-29,DI1J21,8.925,8.878
2018-01-29,DI1U18,6.653,6.642
2018-01-29,DI1J22,9.33,9.272
2018-01-29,DI1M18,6.638,6.667
2018-01-29,DI1G18,6.871,6.877
2018-01-29,DI1V20,8.65,8.603
2018-01-29,DI1F24,9.71,9.662
2018-01-29,DI1V21,9.17,9.107
2018-01-29,DI1F25,9.9,9.862
2018-01-29,DI1F20,7.97,7.932
2018-01-29,DI1F30,10.408,10.369
2018-01-29,DI1F21,8.79,8.743
2018-01-29,DI1V22,9.477,9.433
2018-01-29,DI1F26,10.02,9.987
2018-01-29,DI1F27,10.15,10.111
2018-01-29,DI1V18,6.655,6.644
2018-01-29,DI1V19,7.67,7.642
2018-01-29,DI1Q18,6.632,6.623
2018-01-29,DI1F22,9.24,9.192
2018-01-29,DI1F23,9.51,9.472
2018-01-29,DI1F19,6.785,6.78
2018-01-29,DI1F29,10.37,10.331
2018-01-29,DI1N19,7.32,7.291
2018-01-29,DI1F28,10.28,10.241
2018-01-29,DI1N18,6.615,6.607
2018-01-30,DI1N24,9.806,9.815
2018-01-30,DI1X18,6.693,6.677
2018-01-30,DI1N22,9.413,9.41
2018-01-30,DI1N23,9.614,9.618
2018-01-30,DI1N20,8.48,8.453
2018-01-30,DI1N21,9.06,9.053
2018-01-30,DI1H18,6.725,6.738
2018-01-30,DI1K18,6.655,6.646
2018-01-30,DI1Z18,6.751,6.73
2018-01-30,DI1J18,6.673,6.675
2018-01-30,DI1J19,7.05,7.02
2018-01-30,DI1J20,8.28,8.253
2018-01-30,DI1J21,8.94,8.928
2018-01-30,DI1U18,6.659,6.651
2018-01-30,DI1J22,9.338,9.332
2018-01-30,DI1M18,6.635,6.635
2018-01-30,DI1G18,6.88,6.862
2018-01-30,DI1V20,8.68,8.653
2018-01-30,DI1F24,9.705,9.712
2018-01-30,DI1V21,9.18,9.173
2018-01-30,DI1F25,9.89,9.902
2018-01-30,DI1F20,8,7.972
2018-01-30,DI1F30,10.388,10.409
2018-01-30,DI1F21,8.81,8.793
2018-01-30,DI1V22,9.479,9.479
2018-01-30,DI1F26,10.005,10.022
2018-01-30,DI1F27,10.13,10.151
2018-01-30,DI1V18,6.665,6.654
2018-01-30,DI1V19,7.69,7.672
2018-01-30,DI1Q18,6.633,6.63
2018-01-30,DI1F22,9.25,9.242
2018-01-30,DI1F23,9.51,9.512
2018-01-30,DI1F19,6.81,6.785
2018-01-30,DI1F29,10.35,10.371
2018-01-30,DI1N19,7.35,7.321
2018-01-30,DI1F28,10.26,10.281
2018-01-30,DI1N18,6.615,6.612
2018-01-31,DI1N24,9.784,9.808
2018-01-31,DI1X18,6.685,6.692
2018-01-31,DI1N22,9.4,9.415
2018-01-31,DI1N23,9.615,9.616
2018-01-31,DI1N20,8.48,8.483
2018-01-31,DI1N21,9.06,9.063
2018-01-31,DI1H18,6.72,6.716
2018-01-31,DI1K18,6.64,6.651
2018-01-31,DI1Z18,6.745,6.75
2018-01-31,DI1J18,6.666,6.668
2018-01-31,DI1J19,7.05,7.051
2018-01-31,DI1J20,8.28,8.283
2018-01-31,DI1J21,8.945,8.943
2018-01-31,DI1U18,6.64,6.657
2018-01-31,DI1J22,9.337,9.34
2018-01-31,DI1M18,6.61,6.632
2018-01-31,DI1G18,6.89,6.869
2018-01-31,DI1V20,8.685,8.683
2018-01-31,DI1F24,9.69,9.707
2018-01-31,DI1V21,9.185,9.183
2018-01-31,DI1F25,9.86,9.892
2018-01-31,DI1F20,8,8.002
2018-01-31,DI1F30,10.348,10.389
2018-01-31,DI1F21,8.82,8.813
2018-01-31,DI1V22,9.46,9.481
2018-01-31,DI1F26,9.97,10.007
2018-01-31,DI1F27,10.09,10.131
2018-01-31,DI1V18,6.655,6.664
2018-01-31,DI1V19,7.7,7.692
2018-01-31,DI1Q18,6.623,6.631
2018-01-31,DI1F22,9.26,9.252
2018-01-31,DI1F23,9.51,9.512
2018-01-31,DI1F19,6.805,6.81
2018-01-31,DI1F29,10.31,10.351
2018-01-31,DI1N19,7.36,7.351
2018-01-31,DI1F28,10.22,10.261
2018-01-31,DI1N18,6.605,6.612
2018-02-01,DI1N24,9.724,9.786
2018-02-01,DI1X18,6.687,6.684
2018-02-01,DI1N22,9.36,9.402
2018-02-01,DI1N23,9.57,9.617
2018-02-01,DI1N20,8.48,8.483
2018-02-01,DI1N21,9.04,9.063
2018-02-01,DI1H18,6.716,6.711
2018-02-01,DI1K18,6.63,6.636
2018-02-01,DI1Z18,6.75,6.744
2018-02-01,DI1J18,6.667,6.66
2018-02-01,DI1J19,7.06,7.051
2018-02-01,DI1J20,8.28,8.283
2018-02-01,DI1J21,8.93,8.948
2018-02-01,DI1U18,6.639,6.638
2018-02-01,DI1J22,9.297,9.339
2018-02-01,DI1M18,6.61,6.607
2018-02-01,DI1G18,6.89,6.89
2018-02-01,DI1V20,8.685,8.688
2018-02-01,DI1F24,9.64,9.692
2018-02-01,DI1V21,9.155,9.188
2018-02-01,DI1F25,9.79,9.862
2018-02-01,DI1G19,6.911,6.9
2018-02-01,DI1F20,8.01,8.002
2018-02-01,DI1F30,10.218,10.349
2018-02-01,DI1F21,8.81,8.823
2018-02-01,DI1V22,9.42,9.462
2018-02-01,DI1F26,9.885,9.972
2018-02-01,DI1F27,9.99,10.091
2018-02-01,DI1V18,6.655,6.654
2018-02-01,DI1V19,7.71,7.702
2018-02-01,DI1Q18,6.62,6.621
2018-02-01,DI1F22,9.22,9.262
2018-02-01,DI1F23,9.47,9.512
2018-02-01,DI1F19,6.805,6.805
2018-02-01,DI1F29,10.18,10.311
2018-02-01,DI1N19,7.37,7.361
2018-02-01,DI1F28,10.105,10.221
2018-02-01,DI1N18,6.6,6.602
2018-02-02,DI1N24,9.864,9.726
2018-02-02,DI1X18,6.72,6.686
2018-02-02,DI1N22,9.49,9.362
2018-02-02,DI1N23,9.705,9.572
2018-02-02,DI1N20,8.57,8.483
2018-02-02,DI1N21,9.17,9.043
2018-02-02,DI1H18,6.709,6.706
2018-02-02,DI1K18,6.629,6.626
2018-02-02,DI1Z18,6.779,6.749
2018-02-02,DI1J18,6.66,6.661
2018-02-02,DI1J19,7.09,7.061
2018-02-02,DI1J20,8.36,8.283
2018-02-02,DI1J21,9.05,8.933
2018-02-02,DI1U18,6.646,6.637
2018-02-02,DI1J22,9.427,9.299
2018-02-02,DI1M18,6.615,6.607
2018-02-02,DI1V20,8.78,8.688
2018-02-02,DI1F24,9.78,9.642
2018-02-02,DI1V21,9.285,9.157
2018-02-02,DI1F25,9.93,9.792
2018-02-02,DI1G19,6.938,6.911
2018-02-02,DI1F20,8.08,8.012
2018-02-02,DI1F30,10.338,10.219
2018-02-02,DI1F21,8.92,8.813
2018-02-02,DI1V22,9.55,9.422
2018-02-02,DI1F26,10.02,9.887
2018-02-02,DI1F27,10.12,9.991
2018-02-02,DI1V18,6.67,6.654
2018-02-02,DI1V19,7.78,7.712
2018-02-02,DI1Q18,6.618,6.618
2018-02-02,DI1F22,9.35,9.222
2018-02-02,DI1F23,9.6,9.472
2018-02-02,DI1F19,6.83,6.805
2018-02-02,DI1F29,10.3,10.181
2018-02-02,DI1N19,7.41,7.371
2018-02-02,DI1F28,10.23,10.106
2018-02-02,DI1N18,6.605,6.597
2018-02-06,DI1N24,9.852,9.926
2018-02-06,DI1X18,6.722,6.714
2018-02-06,DI1N22,9.48,9.552
2018-02-06,DI1N23,9.69,9.767
2018-02-06,DI1N20,8.56,8.603
2018-02-06,DI1N21,9.15,9.203
2018-02-06,DI1H18,6.678,6.676
2018-02-06,DI1K18,6.64,6.62
2018-02-06,DI1Z18,6.78,6.77
2018-02-06,DI1J18,6.645,6.644
2018-02-06,DI1J19,7.09,7.091
2018-02-06,DI1J20,8.36,8.383
2018-02-06,DI1J21,9.035,9.078
2018-02-06,DI1U18,6.644,6.637
2018-02-06,DI1J22,9.41,9.49
2018-02-06,DI1M18,6.625,6.612
2018-02-06,DI1V20,8.775,8.808
2018-02-06,DI1F24,9.767,9.842
2018-02-06,DI1V21,9.255,9.333
2018-02-06,DI1F25,9.92,9.992
2018-02-06,DI1G19,6.937,6.93
2018-02-06,DI1F20,8.07,8.093
2018-02-06,DI1F30,10.328,10.409
2018-02-06,DI1F21,8.91,8.943
2018-02-06,DI1V22,9.54,9.612
2018-02-06,DI1F26,10.015,10.082
2018-02-06,DI1F27,10.12,10.181
2018-02-06,DI1V18,6.665,6.659
2018-02-06,DI1V19,7.76,7.782
2018-02-06,DI1Q18,6.62,6.613
2018-02-06,DI1F22,9.34,9.413
2018-02-06,DI1F23,9.59,9.662
2018-02-06,DI1F19,6.83,6.82
2018-02-06,DI1F29,10.29,10.371
2018-02-06,DI1N19,7.4,7.412
2018-02-06,DI1F28,10.225,10.296
2018-02-06,DI1N18,6.615,6.602
2018-02-07,DI1N24,9.844,9.854
2018-02-07,DI1X18,6.704,6.721
2018-02-07,DI1N22,9.46,9.482
2018-02-07,DI1N23,9.676,9.692
2018-02-07,DI1N20,8.53,8.563
2018-02-07,DI1N21,9.12,9.153
2018-02-07,DI1H18,6.66,6.663
2018-02-07,DI1K18,6.61,6.636
2018-02-07,DI1Z18,6.758,6.779
2018-02-07,DI1J18,6.635,6.638
2018-02-07,DI1J19,7.07,7.091
2018-02-07,DI1J20,8.33,8.363
2018-02-07,DI1J21,9,9.038
2018-02-07,DI1U18,6.632,6.642
2018-02-07,DI1J22,9.39,9.412
2018-02-07,DI1M18,6.61,6.622
2018-02-07,DI1V20,8.745,8.778
2018-02-07,DI1F24,9.76,9.769
2018-02-07,DI1V21,9.23,9.258
2018-02-07,DI1F25,9.91,9.922
2018-02-07,DI1G19,6.914,6.937
2018-02-07,DI1F20,8.05,8.072
2018-02-07,DI1F30,10.348,10.329
2018-02-07,DI1F21,8.87,8.913
2018-02-07,DI1V22,9.52,9.542
2018-02-07,DI1F26,10.01,10.017
2018-02-07,DI1F27,10.12,10.121
2018-02-07,DI1V18,6.65,6.664
2018-02-07,DI1V19,7.74,7.762
2018-02-07,DI1Q18,6.612,6.618
2018-02-07,DI1F22,9.32,9.343
2018-02-07,DI1F23,9.57,9.592
2018-02-07,DI1F19,6.805,6.83
2018-02-07,DI1F29,10.31,10.291
2018-02-07,DI1N19,7.39,7.401
2018-02-07,DI1F28,10.235,10.226
2018-02-07,DI1N18,6.61,6.612
2018-02-05,DI1N24,9.924,9.866
2018-02-05,DI1X18,6.715,6.719
2018-02-05,DI1N22,9.55,9.492
2018-02-05,DI1N23,9.765,9.707
2018-02-05,DI1N20,8.6,8.573
2018-02-05,DI1N21,9.2,9.173
2018-02-05,DI1H18,6.689,6.698
2018-02-05,DI1K18,6.625,6.625
2018-02-05,DI1Z18,6.771,6.778
2018-02-05,DI1J18,6.651,6.654
2018-02-05,DI1J19,7.09,7.091
2018-02-05,DI1J20,8.38,8.363
2018-02-05,DI1J21,9.075,9.053
2018-02-05,DI1U18,6.639,6.644
2018-02-05,DI1J22,9.487,9.429
2018-02-05,DI1M18,6.615,6.612
2018-02-05,DI1V20,8.805,8.783
2018-02-05,DI1F24,9.84,9.782
2018-02-05,DI1V21,9.33,9.288
2018-02-05,DI1F25,9.99,9.932
2018-02-05,DI1G19,6.93,6.938
2018-02-05,DI1F20,8.09,8.083
2018-02-05,DI1F30,10.408,10.339
2018-02-05,DI1F21,8.94,8.923
2018-02-05,DI1V22,9.61,9.552
2018-02-05,DI1F26,10.08,10.022
2018-02-05,DI1F27,10.18,10.121
2018-02-05,DI1V18,6.66,6.669
2018-02-05,DI1V19,7.78,7.782
2018-02-05,DI1Q18,6.615,6.616
2018-02-05,DI1F22,9.41,9.353
2018-02-05,DI1F23,9.66,9.602
2018-02-05,DI1F19,6.82,6.83
2018-02-05,DI1F29,10.37,10.301
2018-02-05,DI1N19,7.41,7.412
2018-02-05,DI1F28,10.295,10.231
2018-02-05,DI1N18,6.605,6.602
2018-02-08,DI1N24,9.879,9.846
2018-02-08,DI1X18,6.645,6.703
2018-02-08,DI1N22,9.465,9.462
2018-02-08,DI1N23,9.701,9.678
2018-02-08,DI1N20,8.48,8.533
2018-02-08,DI1N21,9.1,9.123
2018-02-08,DI1H18,6.643,6.642
2018-02-08,DI1K18,6.609,6.605
2018-02-08,DI1Z18,6.696,6.757
2018-02-08,DI1J18,6.633,6.628
2018-02-08,DI1J19,6.99,7.071
2018-02-08,DI1J20,8.27,8.333
2018-02-08,DI1J21,8.98,9.003
2018-02-08,DI1U18,6.603,6.63
2018-02-08,DI1J22,9.387,9.392
2018-02-08,DI1M18,6.598,6.606
2018-02-08,DI1V20,8.71,8.748
2018-02-08,DI1F24,9.79,9.762
2018-02-08,DI1V21,9.215,9.233
2018-02-08,DI1F25,9.95,9.912
2018-02-08,DI1G19,6.844,6.914
2018-02-08,DI1F20,7.97,8.052
2018-02-08,DI1F30,10.398,10.349
2018-02-08,DI1F21,8.85,8.873
2018-02-08,DI1V22,9.533,9.522
2018-02-08,DI1F26,10.055,10.012
2018-02-08,DI1F27,10.17,10.121
2018-02-08,DI1V18,6.615,6.649
2018-02-08,DI1V19,7.68,7.742
2018-02-08,DI1Q18,6.59,6.61
2018-02-08,DI1F22,9.31,9.323
2018-02-08,DI1F23,9.59,9.572
2018-02-08,DI1F19,6.74,6.805
2018-02-08,DI1F29,10.36,10.311
2018-02-08,DI1N19,7.31,7.391
2018-02-08,DI1F28,10.285,10.236
2018-02-08,DI1N18,6.585,6.607
2018-02-09,DI1N24,9.991,9.881
2018-02-09,DI1X18,6.633,6.645
2018-02-09,DI1N22,9.545,9.468
2018-02-09,DI1N23,9.798,9.703
2018-02-09,DI1N20,8.49,8.483
2018-02-09,DI1N21,9.17,9.103
2018-02-09,DI1H18,6.645,6.643
2018-02-09,DI1K18,6.603,6.608
2018-02-09,DI1Z18,6.682,6.696
2018-02-09,DI1J18,6.625,6.633
2018-02-09,DI1J19,6.97,6.991
2018-02-09,DI1J20,8.28,8.273
2018-02-09,DI1J21,9.04,8.983
2018-02-09,DI1U18,6.598,6.603
2018-02-09,DI1J22,9.462,9.39
2018-02-09,DI1M18,6.59,6.597
2018-02-09,DI1V20,8.74,8.713
2018-02-09,DI1F24,9.895,9.792
2018-02-09,DI1V21,9.285,9.218
2018-02-09,DI1F25,10.07,9.952
2018-02-09,DI1G19,6.827,6.845
2018-02-09,DI1F20,7.98,7.973
2018-02-09,DI1F30,10.518,10.399
2018-02-09,DI1F21,8.9,8.853
2018-02-09,DI1V22,9.618,9.536
2018-02-09,DI1F26,10.175,10.057
2018-02-09,DI1F27,10.29,10.172
2018-02-09,DI1V18,6.605,6.615
2018-02-09,DI1V19,7.67,7.683
2018-02-09,DI1Q18,6.59,6.59
2018-02-09,DI1F22,9.38,9.313
2018-02-09,DI1F23,9.68,9.592
2018-02-09,DI1F19,6.725,6.74
2018-02-09,DI1F29,10.48,10.361
2018-02-09,DI1N19,7.31,7.312
2018-02-09,DI1F28,10.405,10.286
2018-02-09,DI1N18,6.59,6.584
2018-02-14,DI1N24,9.866,9.993
2018-02-14,DI1X18,6.605,6.633
2018-02-14,DI1N22,9.4,9.548
2018-02-14,DI1N23,9.663,9.8
2018-02-14,DI1N20,8.4,8.493
2018-02-14,DI1N21,9.03,9.173
2018-02-14,DI1H18,6.644,6.646
2018-02-14,DI1K18,6.595,6.602
2018-02-14,DI1Z18,6.65,6.682
2018-02-14,DI1J18,6.622,6.625
2018-02-14,DI1J19,6.92,6.971
2018-02-14,DI1J20,8.185,8.283
2018-02-14,DI1J21,8.9,9.043
2018-02-14,DI1U18,6.573,6.598
2018-02-14,DI1J22,9.314,9.465
2018-02-14,DI1M18,6.595,6.589
2018-02-14,DI1V20,8.64,8.743
2018-02-14,DI1F24,9.765,9.897
2018-02-14,DI1V21,9.14,9.288
2018-02-14,DI1F25,9.95,10.072
2018-02-14,DI1G19,6.787,6.828
2018-02-14,DI1F20,7.89,7.983
2018-02-14,DI1F30,10.438,10.519
2018-02-14,DI1F21,8.76,8.903
2018-02-14,DI1V22,9.476,9.621
2018-02-14,DI1F26,10.065,10.177
2018-02-14,DI1F27,10.19,10.292
2018-02-14,DI1V18,6.58,6.605
2018-02-14,DI1V19,7.61,7.673
2018-02-14,DI1Q18,6.565,6.59
2018-02-14,DI1F22,9.23,9.383
2018-02-14,DI1F23,9.54,9.683
2018-02-14,DI1F19,6.69,6.725
2018-02-14,DI1F29,10.4,10.481
2018-02-14,DI1N19,7.24,7.312
2018-02-14,DI1F28,10.315,10.407
2018-02-14,DI1N18,6.575,6.589
2018-02-16,DI1N24,9.803,9.865
2018-02-16,DI1X18,6.56,6.58
2018-02-16,DI1N22,9.34,9.393
2018-02-16,DI1N23,9.6,9.662
2018-02-16,DI1N20,8.23,8.343
2018-02-16,DI1N21,8.91,9.003
2018-02-16,DI1H18,6.641,6.642
2018-02-16,DI1K18,6.562,6.57
2018-02-16,DI1Z18,6.588,6.62
2018-02-16,DI1J18,6.617,6.619
2018-02-16,DI1J19,6.81,6.881
2018-02-16,DI1J20,8.01,8.123
2018-02-16,DI1J21,8.77,8.868
2018-02-16,DI1U18,6.54,6.552
2018-02-16,DI1J22,9.249,9.307
2018-02-16,DI1M18,6.55,6.574
2018-02-16,DI1V20,8.465,8.573
2018-02-16,DI1F24,9.7,9.762
2018-02-16,DI1V21,9.045,9.123
2018-02-16,DI1F25,9.89,9.952
2018-02-16,DI1G19,6.7,6.75
2018-02-16,DI1F20,7.71,7.833
2018-02-16,DI1F30,10.398,10.449
2018-02-16,DI1F21,8.62,8.723
2018-02-16,DI1V22,9.411,9.468
2018-02-16,DI1F26,10.02,10.077
2018-02-16,DI1F27,10.16,10.212
2018-02-16,DI1V18,6.545,6.56
2018-02-16,DI1V19,7.41,7.542
2018-02-16,DI1Q18,6.555,6.544
2018-02-16,DI1F22,9.16,9.223
2018-02-16,DI1F23,9.47,9.532
2018-02-16,DI1F19,6.62,6.655
2018-02-16,DI1F29,10.36,10.411
2018-02-16,DI1N19,7.08,7.182
2018-02-16,DI1F28,10.28,10.332
2018-02-16,DI1N18,6.54,6.559
2018-02-15,DI1N24,9.863,9.868
2018-02-15,DI1X18,6.58,6.605
2018-02-15,DI1N22,9.39,9.403
2018-02-15,DI1N23,9.66,9.665
2018-02-15,DI1N20,8.34,8.403
2018-02-15,DI1N21,9,9.033
2018-02-15,DI1H18,6.641,6.644
2018-02-15,DI1K18,6.571,6.594
2018-02-15,DI1Z18,6.62,6.65
2018-02-15,DI1J18,6.62,6.621
2018-02-15,DI1J19,6.88,6.921
2018-02-15,DI1J20,8.12,8.188
2018-02-15,DI1J21,8.865,8.903
2018-02-15,DI1U18,6.553,6.573
2018-02-15,DI1J22,9.304,9.317
2018-02-15,DI1M18,6.575,6.594
2018-02-15,DI1V20,8.57,8.643
2018-02-15,DI1F24,9.76,9.767
2018-02-15,DI1V21,9.12,9.143
2018-02-15,DI1F25,9.95,9.952
2018-02-15,DI1G19,6.75,6.788
2018-02-15,DI1F20,7.83,7.893
2018-02-15,DI1F30,10.448,10.439
2018-02-15,DI1F21,8.72,8.763
2018-02-15,DI1V22,9.466,9.478
2018-02-15,DI1F26,10.075,10.067
2018-02-15,DI1F27,10.21,10.192
2018-02-15,DI1V18,6.56,6.58
2018-02-15,DI1V19,7.54,7.612
2018-02-15,DI1Q18,6.545,6.564
2018-02-15,DI1F22,9.22,9.233
2018-02-15,DI1F23,9.53,9.542
2018-02-15,DI1F19,6.655,6.69
2018-02-15,DI1F29,10.41,10.401
2018-02-15,DI1N19,7.18,7.242
2018-02-15,DI1F28,10.33,10.317
2018-02-15,DI1N18,6.56,6.574
2018-02-19,DI1N24,9.836,9.805
2018-02-19,DI1X18,6.545,6.56
2018-02-19,DI1N22,9.375,9.342
2018-02-19,DI1N23,9.638,9.602
2018-02-19,DI1N20,8.2,8.233
2018-02-19,DI1N21,8.93,8.913
2018-02-19,DI1H18,6.64,6.641
2018-02-19,DI1K18,6.57,6.56
2018-02-19,DI1Z18,6.565,6.588
2018-02-19,DI1J18,6.613,6.616
2018-02-19,DI1J19,6.77,6.811
2018-02-19,DI1J20,7.97,8.013
2018-02-19,DI1J21,8.785,8.773
2018-02-19,DI1U18,6.532,6.539
2018-02-19,DI1J22,9.281,9.252
2018-02-19,DI1M18,6.555,6.549
2018-02-19,DI1V20,8.44,8.468
2018-02-19,DI1F24,9.735,9.702
2018-02-19,DI1V21,9.07,9.048
2018-02-19,DI1F25,9.92,9.892
2018-02-19,DI1G19,6.667,6.7
2018-02-19,DI1F20,7.67,7.712
2018-02-19,DI1F30,10.428,10.399
2018-02-19,DI1F21,8.63,8.623
2018-02-19,DI1V22,9.449,9.413
2018-02-19,DI1F26,10.045,10.022
2018-02-19,DI1F27,10.18,10.162
2018-02-19,DI1V18,6.535,6.544
2018-02-19,DI1V19,7.37,7.412
2018-02-19,DI1Q18,6.54,6.554
2018-02-19,DI1F22,9.19,9.163
2018-02-19,DI1F23,9.51,9.472
2018-02-19,DI1F19,6.59,6.62
2018-02-19,DI1F29,10.39,10.361
2018-02-19,DI1N19,7.04,7.081
2018-02-19,DI1F28,10.305,10.281
2018-02-19,DI1N18,6.535,6.539
2018-02-20,DI1N24,9.803,9.838
2018-02-20,DI1X18,6.527,6.544
2018-02-20,DI1N22,9.34,9.378
2018-02-20,DI1N23,9.6,9.64
2018-02-20,DI1N20,8.16,8.203
2018-02-20,DI1N21,8.88,8.933
2018-02-20,DI1H18,6.645,6.64
2018-02-20,DI1K18,6.57,6.569
2018-02-20,DI1Z18,6.549,6.565
2018-02-20,DI1J18,6.61,6.612
2018-02-20,DI1J19,6.75,6.77
2018-02-20,DI1J20,7.92,7.973
2018-02-20,DI1J21,8.73,8.788
2018-02-20,DI1U18,6.52,6.531
2018-02-20,DI1J22,9.249,9.284
2018-02-20,DI1M18,6.53,6.554
2018-02-20,DI1V20,8.4,8.443
2018-02-20,DI1F24,9.7,9.737
2018-02-20,DI1V21,9.03,9.073
2018-02-20,DI1F25,9.89,9.922
2018-02-20,DI1G19,6.65,6.667
2018-02-20,DI1F20,7.62,7.672
2018-02-20,DI1F30,10.388,10.429
2018-02-20,DI1F21,8.57,8.633
2018-02-20,DI1V22,9.411,9.451
2018-02-20,DI1F26,10.015,10.047
2018-02-20,DI1F27,10.15,10.182
2018-02-20,DI1V18,6.515,6.534
2018-02-20,DI1V19,7.325,7.372
2018-02-20,DI1Q18,6.52,6.539
2018-02-20,DI1F22,9.16,9.193
2018-02-20,DI1F23,9.47,9.512
2018-02-20,DI1F19,6.575,6.59
2018-02-20,DI1F29,10.35,10.391
2018-02-20,DI1N19,6.99,7.041
2018-02-20,DI1F28,10.27,10.307
2018-02-20,DI1N18,6.52,6.534
2018-02-21,DI1N24,9.815,9.805
2018-02-21,DI1X18,6.509,6.526
2018-02-21,DI1N22,9.32,9.342
2018-02-21,DI1N23,9.597,9.602
2018-02-21,DI1N20,8.12,8.163
2018-02-21,DI1N21,8.86,8.883
2018-02-21,DI1H18,6.64,6.646
2018-02-21,DI1K18,6.563,6.569
2018-02-21,DI1Z18,6.527,6.549
2018-02-21,DI1J18,6.607,6.609
2018-02-21,DI1J19,6.72,6.75
2018-02-21,DI1J20,7.88,7.922
2018-02-21,DI1J21,8.695,8.733
2018-02-21,DI1U18,6.505,6.519
2018-02-21,DI1J22,9.224,9.252
2018-02-21,DI1M18,6.51,6.528
2018-02-21,DI1V20,8.37,8.403
2018-02-21,DI1F24,9.705,9.702
2018-02-21,DI1V21,9.005,9.033
2018-02-21,DI1F25,9.91,9.892
2018-02-21,DI1G19,6.625,6.65
2018-02-21,DI1F20,7.58,7.622
2018-02-21,DI1F30,10.398,10.389
2018-02-21,DI1F21,8.53,8.573
2018-02-21,DI1V22,9.396,9.413
2018-02-21,DI1F26,10.03,10.017
2018-02-21,DI1F27,10.16,10.152
2018-02-21,DI1V18,6.5,6.514
2018-02-21,DI1V19,7.28,7.327
2018-02-21,DI1Q18,6.505,6.519
2018-02-21,DI1F22,9.13,9.163
2018-02-21,DI1F23,9.46,9.472
2018-02-21,DI1F19,6.55,6.575
2018-02-21,DI1F29,10.36,10.351
2018-02-21,DI1N19,6.96,6.991
2018-02-21,DI1F28,10.28,10.271
2018-02-21,DI1N18,6.505,6.519
2018-02-22,DI1N24,9.798,9.817
2018-02-22,DI1X18,6.539,6.508
2018-02-22,DI1N22,9.315,9.322
2018-02-22,DI1N23,9.585,9.599
2018-02-22,DI1N20,8.16,8.123
2018-02-22,DI1N21,8.87,8.863
2018-02-22,DI1H18,6.64,6.64
2018-02-22,DI1K18,6.56,6.561
2018-02-22,DI1Z18,6.562,6.526
2018-02-22,DI1J18,6.609,6.606
2018-02-22,DI1J19,6.78,6.72
2018-02-22,DI1J20,7.93,7.882
2018-02-22,DI1J21,8.715,8.698
2018-02-22,DI1U18,6.53,6.504
2018-02-22,DI1J22,9.222,9.227
2018-02-22,DI1M18,6.53,6.508
2018-02-22,DI1V20,8.405,8.373
2018-02-22,DI1F24,9.69,9.707
2018-02-22,DI1V21,9.01,9.008
2018-02-22,DI1F25,9.89,9.912
2018-02-22,DI1G19,6.655,6.625
2018-02-22,DI1F20,7.63,7.582
2018-02-22,DI1F30,10.378,10.399
2018-02-22,DI1F21,8.56,8.533
2018-02-22,DI1V22,9.388,9.398
2018-02-22,DI1F26,10.01,10.032
2018-02-22,DI1F27,10.14,10.162
2018-02-22,DI1V18,6.525,6.499
2018-02-22,DI1V19,7.36,7.282
2018-02-22,DI1Q18,6.525,6.504
2018-02-22,DI1F22,9.13,9.133
2018-02-22,DI1F23,9.45,9.462
2018-02-22,DI1F19,6.59,6.55
2018-02-22,DI1F29,10.34,10.361
2018-02-22,DI1N19,7.04,6.961
2018-02-22,DI1F28,10.26,10.281
2018-02-22,DI1N18,6.52,6.504
2018-02-26,DI1N24,9.568,9.68
2018-02-26,DI1X18,6.525,6.509
2018-02-26,DI1N22,9.15,9.237
2018-02-26,DI1N23,9.39,9.487
2018-02-26,DI1N20,8.09,8.113
2018-02-26,DI1N21,8.76,8.823
2018-02-26,DI1H18,6.64,6.64
2018-02-26,DI1K18,6.553,6.553
2018-02-26,DI1Z18,6.545,6.537
2018-02-26,DI1J18,6.604,6.605
2018-02-26,DI1J19,6.76,6.75
2018-02-26,DI1J20,7.88,7.892
2018-02-26,DI1J21,8.615,8.668
2018-02-26,DI1U18,6.517,6.502
2018-02-26,DI1J22,9.065,9.149
2018-02-26,DI1M18,6.534,6.528
2018-02-26,DI1V20,8.325,8.348
2018-02-26,DI1F24,9.48,9.582
2018-02-26,DI1V21,8.88,8.953
2018-02-26,DI1F25,9.64,9.762
2018-02-26,DI1G19,6.649,6.632
2018-02-26,DI1F20,7.6,7.612
2018-02-26,DI1F30,10.083,10.229
2018-02-26,DI1F21,8.48,8.523
2018-02-26,DI1V22,9.215,9.305
2018-02-26,DI1F26,9.76,9.877
2018-02-26,DI1F27,9.86,10.002
2018-02-26,DI1V18,6.52,6.504
2018-02-26,DI1V19,7.32,7.312
2018-02-26,DI1Q18,6.519,6.506
2018-02-26,DI1F22,8.98,9.063
2018-02-26,DI1F23,9.27,9.362
2018-02-26,DI1F19,6.59,6.57
2018-02-26,DI1F29,10.045,10.191
2018-02-26,DI1N19,7.01,7.001
2018-02-26,DI1F28,9.973,10.116
2018-02-26,DI1N18,6.52,6.509
2018-02-23,DI1N24,9.678,9.8
2018-02-23,DI1X18,6.51,6.538
2018-02-23,DI1N22,9.235,9.317
2018-02-23,DI1N23,9.485,9.587
2018-02-23,DI1N20,8.11,8.163
2018-02-23,DI1N21,8.82,8.873
2018-02-23,DI1H18,6.64,6.64
2018-02-23,DI1K18,6.555,6.558
2018-02-23,DI1Z18,6.538,6.562
2018-02-23,DI1J18,6.606,6.608
2018-02-23,DI1J19,6.75,6.781
2018-02-23,DI1J20,7.89,7.932
2018-02-23,DI1J21,8.665,8.718
2018-02-23,DI1U18,6.503,6.529
2018-02-23,DI1J22,9.147,9.225
2018-02-23,DI1M18,6.53,6.528
2018-02-23,DI1V20,8.345,8.408
2018-02-23,DI1F24,9.58,9.692
2018-02-23,DI1V21,8.95,9.013
2018-02-23,DI1F25,9.76,9.892
2018-02-23,DI1G19,6.632,6.655
2018-02-23,DI1F20,7.61,7.632
2018-02-23,DI1F30,10.228,10.379
2018-02-23,DI1F21,8.52,8.563
2018-02-23,DI1V22,9.303,9.39
2018-02-23,DI1F26,9.875,10.012
2018-02-23,DI1F27,10,10.142
2018-02-23,DI1V18,6.505,6.524
2018-02-23,DI1V19,7.31,7.362
2018-02-23,DI1Q18,6.507,6.524
2018-02-23,DI1F22,9.06,9.133
2018-02-23,DI1F23,9.36,9.452
2018-02-23,DI1F19,6.57,6.59
2018-02-23,DI1F29,10.19,10.341
2018-02-23,DI1N19,7,7.041
2018-02-23,DI1F28,10.115,10.261
2018-02-23,DI1N18,6.51,6.519
2018-02-27,DI1N24,9.595,9.57
2018-02-27,DI1X18,6.55,6.524
2018-02-27,DI1N22,9.18,9.152
2018-02-27,DI1N23,9.412,9.392
2018-02-27,DI1N20,8.1,8.092
2018-02-27,DI1N21,8.78,8.763
2018-02-27,DI1H18,6.64,6.64
2018-02-27,DI1K18,6.563,6.551
2018-02-27,DI1Z18,6.58,6.545
2018-02-27,DI1J18,6.605,6.602
2018-02-27,DI1J19,6.76,6.76
2018-02-27,DI1J20,7.87,7.882
2018-02-27,DI1J21,8.635,8.618
2018-02-27,DI1U18,6.53,6.516
2018-02-27,DI1J22,9.1,9.067
2018-02-27,DI1M18,6.55,6.532
2018-02-27,DI1V20,8.345,8.328
2018-02-27,DI1F24,9.505,9.482
2018-02-27,DI1V21,8.91,8.883
2018-02-27,DI1F25,9.67,9.642
2018-02-27,DI1G19,6.655,6.649
2018-02-27,DI1F20,7.59,7.602
2018-02-27,DI1F30,10.108,10.084
2018-02-27,DI1F21,8.5,8.483
2018-02-27,DI1V22,9.24,9.217
2018-02-27,DI1F26,9.79,9.762
2018-02-27,DI1F27,9.89,9.861
2018-02-27,DI1V18,6.535,6.519
2018-02-27,DI1V19,7.31,7.322
2018-02-27,DI1Q18,6.53,6.518
2018-02-27,DI1F22,9.02,8.982
2018-02-27,DI1F23,9.29,9.272
2018-02-27,DI1F19,6.6,6.59
2018-02-27,DI1F29,10.07,10.046
2018-02-27,DI1N19,7,7.011
2018-02-27,DI1F28,10.001,9.974
2018-02-27,DI1N18,6.53,6.519
2018-02-28,DI1N24,9.562,9.597
2018-02-28,DI1X18,6.528,6.549
2018-02-28,DI1N22,9.135,9.182
2018-02-28,DI1N23,9.374,9.414
2018-02-28,DI1N20,8.06,8.103
2018-02-28,DI1N21,8.75,8.783
2018-02-28,DI1H18,6.64,6.641
2018-02-28,DI1K18,6.55,6.561
2018-02-28,DI1Z18,6.556,6.58
2018-02-28,DI1J18,6.59,6.603
2018-02-28,DI1J19,6.73,6.76
2018-02-28,DI1J20,7.83,7.872
2018-02-28,DI1J21,8.615,8.638
2018-02-28,DI1U18,6.511,6.529
2018-02-28,DI1J22,9.052,9.102
2018-02-28,DI1M18,6.54,6.549
2018-02-28,DI1V20,8.275,8.348
2018-02-28,DI1F24,9.47,9.507
2018-02-28,DI1V21,8.87,8.913
2018-02-28,DI1F25,9.64,9.672
2018-02-28,DI1G19,6.62,6.655
2018-02-28,DI1F20,7.55,7.592
2018-02-28,DI1F30,10.068,10.109
2018-02-28,DI1F21,8.45,8.503
2018-02-28,DI1V22,9.198,9.242
2018-02-28,DI1F26,9.74,9.792
2018-02-28,DI1F27,9.85,9.891
2018-02-28,DI1V18,6.515,6.534
2018-02-28,DI1V19,7.27,7.312
2018-02-28,DI1Q18,6.513,6.529
2018-02-28,DI1F22,8.97,9.022
2018-02-28,DI1F23,9.25,9.292
2018-02-28,DI1F19,6.575,6.6
2018-02-28,DI1F29,10.03,10.071
2018-02-28,DI1N19,6.96,7.001
2018-02-28,DI1F28,9.96,10.002
2018-02-28,DI1N18,6.515,6.529
2018-03-02,DI1N24,9.519,9.574
2018-03-02,DI1X18,6.463,6.499
2018-03-02,DI1N22,9.07,9.142
2018-03-02,DI1N23,9.326,9.386
2018-03-02,DI1N20,7.97,8.072
2018-03-02,DI1N21,8.66,8.743
2018-03-02,DI1H19,6.617,6.68
2018-03-02,DI1K18,6.53,6.532
2018-03-02,DI1Z18,6.493,6.536
2018-03-02,DI1J18,6.594,6.602
2018-03-02,DI1J19,6.65,6.72
2018-03-02,DI1J20,7.75,7.832
2018-03-02,DI1J21,8.53,8.613
2018-03-02,DI1U18,6.481,6.505
2018-03-02,DI1J22,8.984,9.056
2018-03-02,DI1M18,6.51,6.509
2018-03-02,DI1V20,8.215,8.298
2018-03-02,DI1F24,9.425,9.482
2018-03-02,DI1V21,8.815,8.893
2018-03-02,DI1F25,9.6,9.652
2018-03-02,DI1G19,6.553,6.61
2018-03-02,DI1F20,7.47,7.552
2018-03-02,DI1F30,10.068,10.079
2018-03-02,DI1F21,8.36,8.453
2018-03-02,DI1V22,9.141,9.208
2018-03-02,DI1F26,9.715,9.757
2018-03-02,DI1F27,9.84,9.871
2018-03-02,DI1V18,6.48,6.509
2018-03-02,DI1V19,7.19,7.272
2018-03-02,DI1Q18,6.488,6.507
2018-03-02,DI1F22,8.9,8.972
2018-03-02,DI1F23,9.2,9.262
2018-03-02,DI1F19,6.515,6.565
2018-03-02,DI1F29,10.03,10.041
2018-03-02,DI1N19,6.88,6.951
2018-03-02,DI1F28,9.955,9.976
2018-03-02,DI1N18,6.495,6.508
2018-03-05,DI1N24,9.464,9.521
2018-03-05,DI1X18,6.42,6.462
2018-03-05,DI1N22,8.995,9.072
2018-03-05,DI1N23,9.261,9.328
2018-03-05,DI1N20,7.91,7.972
2018-03-05,DI1N21,8.59,8.662
2018-03-05,DI1H19,6.561,6.617
2018-03-05,DI1K18,6.5,6.527
2018-03-05,DI1Z18,6.446,6.492
2018-03-05,DI1J18,6.578,6.592
2018-03-05,DI1J19,6.59,6.65
2018-03-05,DI1J20,7.68,7.752
2018-03-05,DI1J21,8.455,8.532
2018-03-05,DI1U18,6.445,6.48
2018-03-05,DI1J22,8.906,8.986
2018-03-05,DI1M18,6.467,6.508
2018-03-05,DI1V20,8.135,8.217
2018-03-05,DI1F24,9.365,9.427
2018-03-05,DI1V21,8.74,8.817
2018-03-05,DI1F25,9.55,9.602
2018-03-05,DI1G19,6.5,6.553
2018-03-05,DI1F20,7.41,7.472
2018-03-05,DI1F30,10.008,10.069
2018-03-05,DI1F21,8.3,8.362
2018-03-05,DI1V22,9.069,9.143
2018-03-05,DI1F26,9.665,9.717
2018-03-05,DI1F27,9.79,9.841
2018-03-05,DI1V18,6.44,6.479
2018-03-05,DI1V19,7.13,7.191
2018-03-05,DI1Q18,6.445,6.487
2018-03-05,DI1F22,8.82,8.902
2018-03-05,DI1F23,9.13,9.202
2018-03-05,DI1F19,6.465,6.514
2018-03-05,DI1F29,9.97,10.031
2018-03-05,DI1N19,6.81,6.881
2018-03-05,DI1F28,9.9,9.956
2018-03-05,DI1N18,6.45,6.493
2018-03-01,DI1N24,9.572,9.564
2018-03-01,DI1X18,6.5,6.527
2018-03-01,DI1N22,9.14,9.137
2018-03-01,DI1N23,9.384,9.376
2018-03-01,DI1N20,8.07,8.062
2018-03-01,DI1N21,8.74,8.753
2018-03-01,DI1H18,6.64,6.64
2018-03-01,DI1H19,6.68,6.67
2018-03-01,DI1K18,6.535,6.548
2018-03-01,DI1Z18,6.537,6.556
2018-03-01,DI1J18,6.604,6.588
2018-03-01,DI1J19,6.72,6.73
2018-03-01,DI1J20,7.83,7.832
2018-03-01,DI1J21,8.61,8.618
2018-03-01,DI1U18,6.506,6.51
2018-03-01,DI1J22,9.054,9.054
2018-03-01,DI1M18,6.511,6.538
2018-03-01,DI1V20,8.295,8.278
2018-03-01,DI1F24,9.48,9.472
2018-03-01,DI1V21,8.89,8.873
2018-03-01,DI1F25,9.65,9.642
2018-03-01,DI1G19,6.61,6.62
2018-03-01,DI1F20,7.55,7.552
2018-03-01,DI1F30,10.078,10.069
2018-03-01,DI1F21,8.45,8.453
2018-03-01,DI1V22,9.206,9.2
2018-03-01,DI1F26,9.755,9.742
2018-03-01,DI1F27,9.87,9.851
2018-03-01,DI1V18,6.51,6.514
2018-03-01,DI1V19,7.27,7.272
2018-03-01,DI1Q18,6.508,6.512
2018-03-01,DI1F22,8.97,8.972
2018-03-01,DI1F23,9.26,9.252
2018-03-01,DI1F19,6.565,6.575
2018-03-01,DI1F29,10.04,10.031
2018-03-01,DI1N19,6.95,6.961
2018-03-01,DI1F28,9.975,9.961
2018-03-01,DI1N18,6.51,6.514
2018-03-06,DI1N24,9.464,9.466
2018-03-06,DI1X18,6.412,6.419
2018-03-06,DI1N22,8.995,8.997
2018-03-06,DI1N23,9.261,9.263
2018-03-06,DI1N20,7.88,7.912
2018-03-06,DI1N21,8.57,8.592
2018-03-06,DI1H19,6.559,6.561
2018-03-06,DI1K18,6.495,6.496
2018-03-06,DI1Z18,6.44,6.445
2018-03-06,DI1J18,6.575,6.575
2018-03-06,DI1J19,6.59,6.59
2018-03-06,DI1J20,7.66,7.682
2018-03-06,DI1J21,8.45,8.457
2018-03-06,DI1U18,6.435,6.443
2018-03-06,DI1J22,8.906,8.908
2018-03-06,DI1M18,6.465,6.464
2018-03-06,DI1V20,8.12,8.137
2018-03-06,DI1F24,9.365,9.367
2018-03-06,DI1V21,8.73,8.742
2018-03-06,DI1F25,9.55,9.552
2018-03-06,DI1G19,6.497,6.499
2018-03-06,DI1F20,7.39,7.412
2018-03-06,DI1F30,10.008,10.009
2018-03-06,DI1F21,8.28,8.302
2018-03-06,DI1V22,9.069,9.071
2018-03-06,DI1F26,9.665,9.667
2018-03-06,DI1F27,9.79,9.791
2018-03-06,DI1V18,6.43,6.439
2018-03-06,DI1V19,7.1,7.131
2018-03-06,DI1Q18,6.438,6.443
2018-03-06,DI1F22,8.82,8.822
2018-03-06,DI1F23,9.13,9.132
2018-03-06,DI1F19,6.46,6.464
2018-03-06,DI1F29,9.97,9.971
2018-03-06,DI1N19,6.79,6.811
2018-03-06,DI1F28,9.9,9.901
2018-03-06,DI1N18,6.445,6.448
2018-03-07,DI1N24,9.491,9.466
2018-03-07,DI1X18,6.428,6.411
2018-03-07,DI1N22,9.01,8.997
2018-03-07,DI1N23,9.283,9.263
2018-03-07,DI1N20,7.87,7.882
2018-03-07,DI1N21,8.58,8.572
2018-03-07,DI1H19,6.543,6.559
2018-03-07,DI1K18,6.487,6.491
2018-03-07,DI1Z18,6.443,6.439
2018-03-07,DI1J18,6.569,6.571
2018-03-07,DI1J19,6.57,6.59
2018-03-07,DI1J20,7.64,7.662
2018-03-07,DI1J21,8.455,8.452
2018-03-07,DI1U18,6.433,6.433
2018-03-07,DI1J22,8.918,8.908
2018-03-07,DI1M18,6.455,6.462
2018-03-07,DI1V20,8.125,8.122
2018-03-07,DI1F24,9.39,9.367
2018-03-07,DI1V21,8.74,8.732
2018-03-07,DI1F25,9.58,9.552
2018-03-07,DI1G19,6.484,6.496
2018-03-07,DI1F20,7.36,7.392
2018-03-07,DI1F30,10.048,10.009
2018-03-07,DI1F21,8.28,8.282
2018-03-07,DI1V22,9.087,9.071
2018-03-07,DI1F26,9.7,9.667
2018-03-07,DI1F27,9.83,9.791
2018-03-07,DI1V18,6.42,6.429
2018-03-07,DI1V19,7.08,7.101
2018-03-07,DI1Q18,6.435,6.436
2018-03-07,DI1F22,8.83,8.822
2018-03-07,DI1F23,9.15,9.132
2018-03-07,DI1F19,6.45,6.459
2018-03-07,DI1F29,10.01,9.971
2018-03-07,DI1N19,6.78,6.79
2018-03-07,DI1F28,9.94,9.901
2018-03-07,DI1N18,6.435,6.443
2018-03-08,DI1N24,9.516,9.493
2018-03-08,DI1X18,6.42,6.427
2018-03-08,DI1N22,9.01,9.012
2018-03-08,DI1N23,9.298,9.285
2018-03-08,DI1N20,7.83,7.872
2018-03-08,DI1N21,8.56,8.582
2018-03-08,DI1H19,6.541,6.543
2018-03-08,DI1K18,6.49,6.483
2018-03-08,DI1Z18,6.442,6.442
2018-03-08,DI1J18,6.563,6.565
2018-03-08,DI1J19,6.56,6.57
2018-03-08,DI1J20,7.59,7.642
2018-03-08,DI1J21,8.41,8.457
2018-03-08,DI1U18,6.428,6.431
2018-03-08,DI1J22,8.913,8.92
2018-03-08,DI1M18,6.455,6.452
2018-03-08,DI1V20,8.07,8.127
2018-03-08,DI1F24,9.41,9.392
2018-03-08,DI1V21,8.725,8.742
2018-03-08,DI1F25,9.61,9.582
2018-03-08,DI1G19,6.49,6.483
2018-03-08,DI1F20,7.32,7.362
2018-03-08,DI1F30,10.073,10.049
2018-03-08,DI1F21,8.25,8.282
2018-03-08,DI1V22,9.092,9.089
2018-03-08,DI1F26,9.715,9.702
2018-03-08,DI1F27,9.86,9.831
2018-03-08,DI1V18,6.42,6.418
2018-03-08,DI1V19,7.05,7.081
2018-03-08,DI1Q18,6.435,6.433
2018-03-08,DI1F22,8.82,8.832
2018-03-08,DI1F23,9.16,9.152
2018-03-08,DI1F19,6.455,6.449
2018-03-08,DI1F29,10.035,10.011
2018-03-08,DI1N19,6.76,6.78
2018-03-08,DI1F28,9.968,9.941
2018-03-08,DI1N18,6.44,6.432
2018-03-09,DI1N24,9.539,9.518
2018-03-09,DI1X18,6.4,6.419
2018-03-09,DI1N22,9.035,9.012
2018-03-09,DI1N23,9.326,9.3
2018-03-09,DI1N20,7.82,7.832
2018-03-09,DI1N21,8.58,8.562
2018-03-09,DI1H19,6.539,6.541
2018-03-09,DI1K18,6.485,6.486
2018-03-09,DI1Z18,6.43,6.441
2018-03-09,DI1J18,6.555,6.558
2018-03-09,DI1J19,6.56,6.56
2018-03-09,DI1J20,7.58,7.592
2018-03-09,DI1J21,8.44,8.412
2018-03-09,DI1U18,6.425,6.426
2018-03-09,DI1J22,8.935,8.915
2018-03-09,DI1M18,6.46,6.452
2018-03-09,DI1V20,8.065,8.072
2018-03-09,DI1F24,9.435,9.412
2018-03-09,DI1V21,8.745,8.727
2018-03-09,DI1F25,9.63,9.612
2018-03-09,DI1G19,6.487,6.489
2018-03-09,DI1F20,7.29,7.321
2018-03-09,DI1F30,10.088,10.074
2018-03-09,DI1F21,8.25,8.252
2018-03-09,DI1V22,9.12,9.094
2018-03-09,DI1F26,9.74,9.717
2018-03-09,DI1F27,9.87,9.861
2018-03-09,DI1V18,6.41,6.418
2018-03-09,DI1V19,7.02,7.051
2018-03-09,DI1Q18,6.428,6.433
2018-03-09,DI1F22,8.84,8.822
2018-03-09,DI1F23,9.19,9.162
2018-03-09,DI1F19,6.45,6.454
2018-03-09,DI1F29,10.05,10.036
2018-03-09,DI1N19,6.74,6.76
2018-03-09,DI1F28,9.98,9.969
2018-03-09,DI1N18,6.43,6.437
2018-03-12,DI1N24,9.536,9.541
2018-03-12,DI1X18,6.4,6.399
2018-03-12,DI1N22,9.025,9.037
2018-03-12,DI1N23,9.318,9.328
2018-03-12,DI1N20,7.8,7.822
2018-03-12,DI1N21,8.56,8.582
2018-03-12,DI1H19,6.535,6.539
2018-03-12,DI1K18,6.473,6.481
2018-03-12,DI1Z18,6.43,6.429
2018-03-12,DI1J18,6.548,6.549
2018-03-12,DI1J19,6.56,6.56
2018-03-12,DI1J20,7.55,7.582
2018-03-12,DI1J21,8.41,8.442
2018-03-12,DI1U18,6.41,6.423
2018-03-12,DI1J22,8.925,8.937
2018-03-12,DI1M18,6.445,6.457
2018-03-12,DI1V20,8.065,8.067
2018-03-12,DI1F24,9.43,9.437
2018-03-12,DI1V21,8.73,8.747
2018-03-12,DI1F25,9.63,9.632
2018-03-12,DI1G19,6.48,6.486
2018-03-12,DI1F20,7.28,7.291
2018-03-12,DI1F30,10.078,10.089
2018-03-12,DI1F21,8.23,8.252
2018-03-12,DI1V22,9.11,9.122
2018-03-12,DI1F26,9.745,9.742
2018-03-12,DI1F27,9.87,9.871
2018-03-12,DI1V18,6.41,6.408
2018-03-12,DI1V19,7.01,7.021
2018-03-12,DI1Q18,6.415,6.426
2018-03-12,DI1F22,8.83,8.842
2018-03-12,DI1F23,9.18,9.192
2018-03-12,DI1F19,6.45,6.449
2018-03-12,DI1F29,10.04,10.051
2018-03-12,DI1N19,6.74,6.74
2018-03-12,DI1F28,9.975,9.981
2018-03-12,DI1N18,6.42,6.427
2018-03-13,DI1N24,9.441,9.538
2018-03-13,DI1X18,6.405,6.399
2018-03-13,DI1N22,8.95,9.027
2018-03-13,DI1N23,9.233,9.32
2018-03-13,DI1N20,7.77,7.802
2018-03-13,DI1N21,8.51,8.562
2018-03-13,DI1H19,6.552,6.535
2018-03-13,DI1K18,6.47,6.468
2018-03-13,DI1Z18,6.435,6.429
2018-03-13,DI1J18,6.542,6.541
2018-03-13,DI1J19,6.57,6.56
2018-03-13,DI1J20,7.55,7.552
2018-03-13,DI1J21,8.365,8.412
2018-03-13,DI1U18,6.423,6.408
2018-03-13,DI1J22,8.853,8.927
2018-03-13,DI1M18,6.465,6.441
2018-03-13,DI1V20,8.02,8.067
2018-03-13,DI1F24,9.34,9.432
2018-03-13,DI1V21,8.67,8.732
2018-03-13,DI1F25,9.53,9.632
2018-03-13,DI1G19,6.503,6.479
2018-03-13,DI1F20,7.29,7.281
2018-03-13,DI1F30,9.988,10.079
2018-03-13,DI1F21,8.19,8.232
2018-03-13,DI1V22,9.032,9.112
2018-03-13,DI1F26,9.645,9.747
2018-03-13,DI1F27,9.77,9.871
2018-03-13,DI1V18,6.415,6.408
2018-03-13,DI1V19,7.01,7.011
2018-03-13,DI1Q18,6.421,6.413
2018-03-13,DI1F22,8.76,8.832
2018-03-13,DI1F23,9.1,9.182
2018-03-13,DI1F19,6.46,6.449
2018-03-13,DI1F29,9.95,10.041
2018-03-13,DI1N19,6.74,6.74
2018-03-13,DI1F28,9.88,9.976
2018-03-13,DI1N18,6.42,6.417
2018-03-14,DI1N24,9.434,9.443
2018-03-14,DI1X18,6.42,6.404
2018-03-14,DI1N22,8.96,8.952
2018-03-14,DI1N23,9.231,9.235
2018-03-14,DI1N20,7.84,7.772
2018-03-14,DI1N21,8.53,8.512
2018-03-14,DI1H19,6.583,6.552
2018-03-14,DI1K18,6.473,6.465
2018-03-14,DI1Z18,6.455,6.434
2018-03-14,DI1J18,6.531,6.534
2018-03-14,DI1J19,6.61,6.57
2018-03-14,DI1J20,7.61,7.552
2018-03-14,DI1J21,8.395,8.367
2018-03-14,DI1U18,6.41,6.421
2018-03-14,DI1J22,8.868,8.855
2018-03-14,DI1M18,6.462,6.462
2018-03-14,DI1V20,8.07,8.022
2018-03-14,DI1F24,9.335,9.342
2018-03-14,DI1V21,8.69,8.672
2018-03-14,DI1F25,9.52,9.532
2018-03-14,DI1G19,6.525,6.502
2018-03-14,DI1F20,7.35,7.291
2018-03-14,DI1F30,9.948,9.989
2018-03-14,DI1F21,8.23,8.192
2018-03-14,DI1V22,9.037,9.034
2018-03-14,DI1F26,9.63,9.647
2018-03-14,DI1F27,9.73,9.771
2018-03-14,DI1V18,6.425,6.413
2018-03-14,DI1V19,7.07,7.011
2018-03-14,DI1Q18,6.417,6.419
2018-03-14,DI1F22,8.78,8.762
2018-03-14,DI1F23,9.1,9.102
2018-03-14,DI1F19,6.485,6.459
2018-03-14,DI1F29,9.91,9.951
2018-03-14,DI1N19,6.79,6.74
2018-03-14,DI1F28,9.84,9.881
2018-03-14,DI1N18,6.425,6.417
2018-03-15,DI1N24,9.442,9.436
2018-03-15,DI1X18,6.43,6.419
2018-03-15,DI1N22,8.98,8.962
2018-03-15,DI1N23,9.249,9.233
2018-03-15,DI1N20,7.86,7.842
2018-03-15,DI1N21,8.55,8.532
2018-03-15,DI1H19,6.599,6.583
2018-03-15,DI1K18,6.473,6.468
2018-03-15,DI1Z18,6.46,6.454
2018-03-15,DI1J18,6.528,6.521
2018-03-15,DI1J19,6.63,6.61
2018-03-15,DI1J20,7.64,7.612
2018-03-15,DI1J21,8.415,8.397
2018-03-15,DI1U18,6.43,6.408
2018-03-15,DI1J22,8.888,8.87
2018-03-15,DI1M18,6.449,6.459
2018-03-15,DI1V20,8.09,8.072
2018-03-15,DI1F24,9.35,9.337
2018-03-15,DI1V21,8.71,8.692
2018-03-15,DI1F25,9.52,9.522
2018-03-15,DI1G19,6.538,6.524
2018-03-15,DI1F20,7.38,7.352
2018-03-15,DI1F30,9.948,9.949
2018-03-15,DI1F21,8.25,8.232
2018-03-15,DI1V22,9.057,9.039
2018-03-15,DI1F26,9.615,9.632
2018-03-15,DI1F27,9.73,9.731
2018-03-15,DI1V18,6.435,6.423
2018-03-15,DI1V19,7.11,7.071
2018-03-15,DI1Q18,6.425,6.415
2018-03-15,DI1F22,8.8,8.782
2018-03-15,DI1F23,9.12,9.102
2018-03-15,DI1F19,6.49,6.484
2018-03-15,DI1F29,9.91,9.911
2018-03-15,DI1N19,6.83,6.79
2018-03-15,DI1F28,9.84,9.841
2018-03-15,DI1N18,6.435,6.422
2018-03-16,DI1N24,9.409,9.444
2018-03-16,DI1X18,6.415,6.429
2018-03-16,DI1N22,8.945,8.982
2018-03-16,DI1N23,9.211,9.251
2018-03-16,DI1N20,7.83,7.862
2018-03-16,DI1N21,8.52,8.552
2018-03-16,DI1H19,6.568,6.599
2018-03-16,DI1K18,6.465,6.468
2018-03-16,DI1Z18,6.445,6.459
2018-03-16,DI1J18,6.53,6.517
2018-03-16,DI1J19,6.6,6.63
2018-03-16,DI1J20,7.61,7.642
2018-03-16,DI1J21,8.39,8.417
2018-03-16,DI1U18,6.423,6.428
2018-03-16,DI1J22,8.856,8.89
2018-03-16,DI1M18,6.45,6.445
2018-03-16,DI1V20,8.05,8.092
2018-03-16,DI1F24,9.315,9.352
2018-03-16,DI1V21,8.68,8.712
2018-03-16,DI1F25,9.49,9.522
2018-03-16,DI1G19,6.52,6.538
2018-03-16,DI1F20,7.36,7.382
2018-03-16,DI1F30,9.908,9.949
2018-03-16,DI1F21,8.21,8.252
2018-03-16,DI1V22,9.019,9.059
2018-03-16,DI1F26,9.585,9.617
2018-03-16,DI1F27,9.7,9.731
2018-03-16,DI1V18,6.42,6.434
2018-03-16,DI1V19,7.1,7.111
2018-03-16,DI1Q18,6.42,6.423
2018-03-16,DI1F22,8.77,8.802
2018-03-16,DI1F23,9.08,9.122
2018-03-16,DI1F19,6.475,6.489
2018-03-16,DI1F29,9.87,9.911
2018-03-16,DI1N19,6.8,6.831
2018-03-16,DI1F28,9.805,9.841
2018-03-16,DI1N18,6.425,6.432
2018-03-20,DI1F26,9.655,9.602
2018-03-20,DI1J22,8.936,8.868
2018-03-20,DI1N19,6.82,6.801
2018-03-20,DI1N18,6.4,6.392
2018-03-20,DI1N21,8.59,8.522
2018-03-20,DI1F25,9.56,9.502
2018-03-20,DI1M18,6.41,6.411
2018-03-20,DI1F22,8.85,8.782
2018-03-20,DI1J18,6.469,6.465
2018-03-20,DI1J21,8.46,8.392
2018-03-20,DI1H19,6.554,6.548
2018-03-20,DI1V20,8.13,8.052
2018-03-20,DI1V19,7.13,7.091
2018-03-20,DI1N24,9.482,9.421
2018-03-20,DI1N22,9.025,8.957
2018-03-20,DI1U18,6.405,6.403
2018-03-20,DI1F21,8.3,8.232
2018-03-20,DI1G19,6.506,6.502
2018-03-20,DI1K18,6.432,6.432
2018-03-20,DI1N20,7.9,7.842
2018-03-20,DI1Q18,6.405,6.4
2018-03-20,DI1X18,6.41,6.396
2018-03-20,DI1F24,9.39,9.327
2018-03-20,DI1F27,9.77,9.721
2018-03-20,DI1J20,7.67,7.622
2018-03-20,DI1V22,9.099,9.031
2018-03-20,DI1V18,6.4,6.398
2018-03-20,DI1Z18,6.438,6.431
2018-03-20,DI1F20,7.41,7.362
2018-03-20,DI1F30,9.968,9.919
2018-03-20,DI1F23,9.16,9.092
2018-03-20,DI1F19,6.465,6.464
2018-03-20,DI1F29,9.93,9.881
2018-03-20,DI1F28,9.87,9.821
2018-03-20,DI1J19,6.6,6.59
2018-03-20,DI1V21,8.755,8.687
2018-03-20,DI1N23,9.289,9.223
2018-03-19,DI1N24,9.419,9.411
2018-03-19,DI1X18,6.398,6.414
2018-03-19,DI1N22,8.955,8.947
2018-03-19,DI1N23,9.221,9.213
2018-03-19,DI1N20,7.84,7.832
2018-03-19,DI1N21,8.52,8.522
2018-03-19,DI1H19,6.548,6.568
2018-03-19,DI1K18,6.439,6.459
2018-03-19,DI1Z18,6.432,6.444
2018-03-19,DI1J18,6.484,6.518
2018-03-19,DI1J19,6.59,6.6
2018-03-19,DI1J20,7.62,7.612
2018-03-19,DI1J21,8.39,8.392
2018-03-19,DI1U18,6.405,6.421
2018-03-19,DI1J22,8.866,8.858
2018-03-19,DI1M18,6.415,6.446
2018-03-19,DI1V20,8.05,8.052
2018-03-19,DI1F24,9.325,9.317
2018-03-19,DI1V21,8.685,8.682
2018-03-19,DI1F25,9.5,9.492
2018-03-19,DI1G19,6.503,6.519
2018-03-19,DI1F20,7.36,7.362
2018-03-19,DI1F30,9.918,9.909
2018-03-19,DI1F21,8.23,8.212
2018-03-19,DI1V22,9.029,9.021
2018-03-19,DI1F26,9.6,9.587
2018-03-19,DI1F27,9.72,9.701
2018-03-19,DI1V18,6.4,6.418
2018-03-19,DI1V19,7.09,7.101
2018-03-19,DI1Q18,6.403,6.418
2018-03-19,DI1F22,8.78,8.772
2018-03-19,DI1F23,9.09,9.082
2018-03-19,DI1F19,6.465,6.474
2018-03-19,DI1F29,9.88,9.871
2018-03-19,DI1N19,6.8,6.801
2018-03-19,DI1F28,9.82,9.806
2018-03-19,DI1N18,6.395,6.422
2018-03-21,DI1F26,9.58,9.657
2018-03-21,DI1J22,8.874,8.938
2018-03-21,DI1N19,6.81,6.821
2018-03-21,DI1N18,6.39,6.397
2018-03-21,DI1N21,8.55,8.592
2018-03-21,DI1F25,9.48,9.562
2018-03-21,DI1M18,6.405,6.405
2018-03-21,DI1F22,8.79,8.852
2018-03-21,DI1J18,6.437,6.445
2018-03-21,DI1J21,8.42,8.462
2018-03-21,DI1H19,6.55,6.554
2018-03-21,DI1V20,8.12,8.132
2018-03-21,DI1V19,7.12,7.131
2018-03-21,DI1N24,9.405,9.484
2018-03-21,DI1N22,8.96,9.027
2018-03-21,DI1U18,6.399,6.403
2018-03-21,DI1F21,8.25,8.302
2018-03-21,DI1G19,6.49,6.505
2018-03-21,DI1K18,6.415,6.425
2018-03-21,DI1N20,7.87,7.902
2018-03-21,DI1Q18,6.397,6.402
2018-03-21,DI1X18,6.4,6.409
2018-03-21,DI1F24,9.315,9.392
2018-03-21,DI1F27,9.69,9.771
2018-03-21,DI1J20,7.65,7.672
2018-03-21,DI1V22,9.031,9.101
2018-03-21,DI1V18,6.395,6.398
2018-03-21,DI1Z18,6.428,6.437
2018-03-21,DI1F20,7.39,7.412
2018-03-21,DI1F30,9.898,9.969
2018-03-21,DI1F23,9.09,9.162
2018-03-21,DI1F19,6.455,6.464
2018-03-21,DI1F29,9.86,9.931
2018-03-21,DI1F28,9.795,9.871
2018-03-21,DI1J19,6.6,6.6
2018-03-21,DI1V21,8.705,8.757
2018-03-21,DI1N23,9.217,9.291
2018-03-22,DI1F26,9.535,9.582
2018-03-22,DI1J22,8.736,8.876
2018-03-22,DI1N19,6.57,6.811
2018-03-22,DI1N18,6.3,6.386
2018-03-22,DI1N21,8.38,8.552
2018-03-22,DI1F25,9.42,9.482
2018-03-22,DI1M18,6.355,6.4
2018-03-22,DI1F22,8.64,8.792
2018-03-22,DI1J18,6.394,6.403
2018-03-22,DI1J21,8.24,8.422
2018-03-22,DI1H19,6.33,6.55
2018-03-22,DI1V20,7.89,8.122
2018-03-22,DI1V19,6.87,7.121
2018-03-22,DI1N24,9.332,9.407
2018-03-22,DI1N22,8.835,8.962
2018-03-22,DI1U18,6.255,6.397
2018-03-22,DI1F21,8.06,8.252
2018-03-22,DI1G19,6.272,6.489
2018-03-22,DI1K18,6.39,6.407
2018-03-22,DI1N20,7.65,7.872
2018-03-22,DI1Q18,6.275,6.394
2018-03-22,DI1X18,6.22,6.398
2018-03-22,DI1F24,9.23,9.317
2018-03-22,DI1F27,9.66,9.691
2018-03-22,DI1J20,7.42,7.652
2018-03-22,DI1V22,8.919,9.033
2018-03-22,DI1V18,6.235,6.393
2018-03-22,DI1Z18,6.225,6.427
2018-03-22,DI1F20,7.14,7.392
2018-03-22,DI1F30,9.868,9.899
2018-03-22,DI1F23,8.99,9.092
2018-03-22,DI1F19,6.24,6.454
2018-03-22,DI1F29,9.83,9.861
2018-03-22,DI1F28,9.765,9.796
2018-03-22,DI1J19,6.36,6.6
2018-03-22,DI1V21,8.545,8.707
2018-03-22,DI1N23,9.124,9.219
2018-03-23,DI1F26,9.63,9.537
2018-03-23,DI1J22,8.781,8.738
2018-03-23,DI1N19,6.57,6.571
2018-03-23,DI1N18,6.3,6.299
2018-03-23,DI1N21,8.41,8.382
2018-03-23,DI1F25,9.52,9.422
2018-03-23,DI1M18,6.353,6.354
2018-03-23,DI1F22,8.68,8.642
2018-03-23,DI1J18,6.394,6.395
2018-03-23,DI1J21,8.26,8.242
2018-03-23,DI1H19,6.315,6.33
2018-03-23,DI1V20,7.895,7.892
2018-03-23,DI1V19,6.86,6.871
2018-03-23,DI1N24,9.42,9.334
2018-03-23,DI1N22,8.885,8.837
2018-03-23,DI1U18,6.245,6.254
2018-03-23,DI1F21,8.07,8.062
2018-03-23,DI1G19,6.278,6.271
2018-03-23,DI1K18,6.39,6.39
2018-03-23,DI1N20,7.64,7.652
2018-03-23,DI1Q18,6.27,6.274
2018-03-23,DI1X18,6.23,6.219
2018-03-23,DI1F24,9.32,9.232
2018-03-23,DI1F27,9.78,9.662
2018-03-23,DI1J20,7.4,7.422
2018-03-23,DI1V22,8.974,8.921
2018-03-23,DI1V18,6.235,6.234
2018-03-23,DI1Z18,6.23,6.224
2018-03-23,DI1F20,7.14,7.142
2018-03-23,DI1F30,10.008,9.869
2018-03-23,DI1F23,9.05,8.992
2018-03-23,DI1F19,6.24,6.239
2018-03-23,DI1F29,9.97,9.831
2018-03-23,DI1F28,9.895,9.766
2018-03-23,DI1J19,6.36,6.36
2018-03-23,DI1V21,8.57,8.547
2018-03-23,DI1N23,9.199,9.126
2018-03-27,DI1F26,9.6,9.582
2018-03-27,DI1J22,8.694,8.678
2018-03-27,DI1N19,6.52,6.5
2018-03-27,DI1N18,6.295,6.289
2018-03-27,DI1N21,8.3,8.282
2018-03-27,DI1F25,9.47,9.462
2018-03-27,DI1M18,6.35,6.344
2018-03-27,DI1F22,8.59,8.572
2018-03-27,DI1J18,6.392,6.394
2018-03-27,DI1J21,8.16,8.122
2018-03-27,DI1H19,6.3,6.274
2018-03-27,DI1V20,7.8,7.772
2018-03-27,DI1V19,6.8,6.781
2018-03-27,DI1N24,9.36,9.352
2018-03-27,DI1N22,8.8,8.787
2018-03-27,DI1U18,6.245,6.239
2018-03-27,DI1F21,7.97,7.952
2018-03-27,DI1G19,6.271,6.244
2018-03-27,DI1K18,6.39,6.395
2018-03-27,DI1N20,7.57,7.532
2018-03-27,DI1Q18,6.27,6.264
2018-03-27,DI1X18,6.23,6.207
2018-03-27,DI1F24,9.254,9.246
2018-03-27,DI1F27,9.77,9.742
2018-03-27,DI1J20,7.34,7.302
2018-03-27,DI1V22,8.891,8.881
2018-03-27,DI1V18,6.235,6.214
2018-03-27,DI1Z18,6.229,6.204
2018-03-27,DI1F20,7.07,7.041
2018-03-27,DI1F30,10.018,9.979
2018-03-27,DI1F23,8.97,8.962
2018-03-27,DI1F19,6.24,6.214
2018-03-27,DI1F29,9.98,9.941
2018-03-27,DI1F28,9.895,9.861
2018-03-27,DI1J19,6.33,6.31
2018-03-27,DI1V21,8.47,8.452
2018-03-27,DI1N23,9.126,9.118
2018-03-26,DI1F26,9.58,9.632
2018-03-26,DI1J22,8.676,8.783
2018-03-26,DI1N19,6.5,6.571
2018-03-26,DI1N18,6.29,6.299
2018-03-26,DI1N21,8.28,8.412
2018-03-26,DI1F25,9.46,9.522
2018-03-26,DI1M18,6.345,6.352
2018-03-26,DI1F22,8.57,8.682
2018-03-26,DI1J18,6.393,6.395
2018-03-26,DI1J21,8.12,8.262
2018-03-26,DI1H19,6.274,6.315
2018-03-26,DI1V20,7.77,7.897
2018-03-26,DI1V19,6.78,6.861
2018-03-26,DI1N24,9.35,9.422
2018-03-26,DI1N22,8.785,8.887
2018-03-26,DI1U18,6.24,6.244
2018-03-26,DI1F21,7.95,8.072
2018-03-26,DI1G19,6.245,6.277
2018-03-26,DI1K18,6.395,6.39
2018-03-26,DI1N20,7.53,7.642
2018-03-26,DI1Q18,6.265,6.269
2018-03-26,DI1X18,6.208,6.229
2018-03-26,DI1F24,9.244,9.322
2018-03-26,DI1F27,9.74,9.782
2018-03-26,DI1J20,7.3,7.402
2018-03-26,DI1V22,8.879,8.976
2018-03-26,DI1V18,6.215,6.234
2018-03-26,DI1Z18,6.205,6.229
2018-03-26,DI1F20,7.04,7.142
2018-03-26,DI1F30,9.978,10.009
2018-03-26,DI1F23,8.96,9.052
2018-03-26,DI1F19,6.215,6.239
2018-03-26,DI1F29,9.94,9.971
2018-03-26,DI1F28,9.86,9.896
2018-03-26,DI1J19,6.31,6.36
2018-03-26,DI1V21,8.45,8.572
2018-03-26,DI1N23,9.116,9.201
2018-03-28,DI1F26,9.66,9.602
2018-03-28,DI1J22,8.735,8.696
2018-03-28,DI1N19,6.53,6.52
2018-03-28,DI1N18,6.295,6.294
2018-03-28,DI1N21,8.33,8.302
2018-03-28,DI1F25,9.5,9.472
2018-03-28,DI1M18,6.35,6.349
2018-03-28,DI1F22,8.62,8.592
2018-03-28,DI1J18,6.393,6.393
2018-03-28,DI1J21,8.18,8.162
2018-03-28,DI1H19,6.302,6.3
2018-03-28,DI1V20,7.83,7.802
2018-03-28,DI1V19,6.82,6.801
2018-03-28,DI1N24,9.4,9.362
2018-03-28,DI1N22,8.84,8.802
2018-03-28,DI1U18,6.235,6.244
2018-03-28,DI1F21,8,7.972
2018-03-28,DI1G19,6.275,6.27
2018-03-28,DI1K18,6.39,6.39
2018-03-28,DI1N20,7.58,7.572
2018-03-28,DI1Q18,6.265,6.269
2018-03-28,DI1X18,6.23,6.229
2018-03-28,DI1F24,9.29,9.256
2018-03-28,DI1F27,9.79,9.772
2018-03-28,DI1J20,7.34,7.342
2018-03-28,DI1V22,8.94,8.893
2018-03-28,DI1V18,6.235,6.234
2018-03-28,DI1Z18,6.23,6.228
2018-03-28,DI1F20,7.08,7.072
2018-03-28,DI1F30,10.028,10.019
2018-03-28,DI1F23,9,8.972
2018-03-28,DI1F19,6.24,6.239
2018-03-28,DI1F29,9.99,9.981
2018-03-28,DI1F28,9.91,9.896
2018-03-28,DI1J19,6.33,6.33
2018-03-28,DI1V21,8.5,8.472
2018-03-28,DI1N23,9.159,9.128
2018-03-29,DI1N24,9.36,9.402
2018-03-29,DI1X18,6.205,6.229
2018-03-29,DI1N22,8.8,8.842
2018-03-29,DI1N23,9.119,9.161
2018-03-29,DI1N20,7.53,7.582
2018-03-29,DI1N21,8.29,8.332
2018-03-29,DI1H19,6.269,6.302
2018-03-29,DI1K18,6.394,6.39
2018-03-29,DI1Z18,6.208,6.229
2018-03-29,DI1J18,6.39,6.396
2018-03-29,DI1J19,6.3,6.33
2018-03-29,DI1J20,7.29,7.342
2018-03-29,DI1J21,8.14,8.182
2018-03-29,DI1U18,6.222,6.234
2018-03-29,DI1J22,8.695,8.737
2018-03-29,DI1M18,6.35,6.349
2018-03-29,DI1V20,7.78,7.832
2018-03-29,DI1F24,9.25,9.292
2018-03-29,DI1V21,8.46,8.502
2018-03-29,DI1F25,9.46,9.502
2018-03-29,DI1G19,6.24,6.274
2018-03-29,DI1F20,7.03,7.082
2018-03-29,DI1F30,9.988,10.029
2018-03-29,DI1F21,7.96,8.002
2018-03-29,DI1V22,8.9,8.942
2018-03-29,DI1F26,9.62,9.662
2018-03-29,DI1F27,9.75,9.792
2018-03-29,DI1V18,6.22,6.234
2018-03-29,DI1V19,6.75,6.821
2018-03-29,DI1Q18,6.255,6.264
2018-03-29,DI1F22,8.58,8.622
2018-03-29,DI1F23,8.96,9.002
2018-03-29,DI1F19,6.22,6.239
2018-03-29,DI1F29,9.95,9.991
2018-03-29,DI1N19,6.48,6.53
2018-03-29,DI1F28,9.87,9.911
2018-03-29,DI1N18,6.295,6.294
2018-04-03,DI1N24,9.473,9.402
2018-04-03,DI1X18,6.214,6.206
2018-04-03,DI1N22,8.925,8.852
2018-04-03,DI1N23,9.237,9.161
2018-04-03,DI1N20,7.62,7.582
2018-04-03,DI1N21,8.42,8.352
2018-04-03,DI1H19,6.301,6.285
2018-04-03,DI1K18,6.39,6.39
2018-04-03,DI1Z18,6.221,6.211
2018-04-03,DI1J19,6.325,6.305
2018-04-03,DI1J23,9.163,9.086
2018-04-03,DI1J20,7.37,7.342
2018-04-03,DI1J21,8.26,8.202
2018-04-03,DI1U18,6.226,6.22
2018-04-03,DI1J22,8.817,8.747
2018-04-03,DI1M18,6.359,6.354
2018-04-03,DI1V20,7.89,7.832
2018-04-03,DI1F24,9.365,9.292
2018-04-03,DI1V21,8.58,8.512
2018-04-03,DI1F25,9.57,9.502
2018-04-03,DI1G19,6.273,6.259
2018-04-03,DI1F20,7.09,7.072
2018-04-03,DI1F30,10.078,10.009
2018-04-03,DI1F21,8.08,8.032
2018-04-03,DI1V22,9.023,8.947
2018-04-03,DI1F26,9.72,9.652
2018-04-03,DI1F27,9.84,9.772
2018-04-03,DI1V18,6.225,6.219
2018-04-03,DI1V19,6.81,6.791
2018-04-03,DI1Q18,6.257,6.253
2018-04-03,DI1F22,8.7,8.632
2018-04-03,DI1F23,9.08,9.002
2018-04-03,DI1F19,6.235,6.224
2018-04-03,DI1F29,10.04,9.971
2018-04-03,DI1N19,6.52,6.51
2018-04-03,DI1F28,9.96,9.891
2018-04-03,DI1N18,6.295,6.293
2018-04-02,DI1N24,9.4,9.362
2018-04-02,DI1X18,6.207,6.204
2018-04-02,DI1N22,8.85,8.802
2018-04-02,DI1N23,9.159,9.121
2018-04-02,DI1N20,7.58,7.532
2018-04-02,DI1N21,8.35,8.292
2018-04-02,DI1H19,6.285,6.268
2018-04-02,DI1K18,6.39,6.394
2018-04-02,DI1Z18,6.212,6.207
2018-04-02,DI1J18,6.39,6.39
2018-04-02,DI1J19,6.305,6.3
2018-04-02,DI1J23,9.084,9
2018-04-02,DI1J20,7.34,7.292
2018-04-02,DI1J21,8.2,8.142
2018-04-02,DI1U18,6.222,6.22
2018-04-02,DI1J22,8.745,8.697
2018-04-02,DI1M18,6.355,6.349
2018-04-02,DI1V20,7.83,7.782
2018-04-02,DI1F24,9.29,9.252
2018-04-02,DI1V21,8.51,8.462
2018-04-02,DI1F25,9.5,9.462
2018-04-02,DI1G19,6.26,6.239
2018-04-02,DI1F20,7.07,7.031
2018-04-02,DI1F30,10.008,9.989
2018-04-02,DI1F21,8.03,7.962
2018-04-02,DI1V22,8.945,8.902
2018-04-02,DI1F26,9.65,9.622
2018-04-02,DI1F27,9.77,9.752
2018-04-02,DI1V18,6.22,6.219
2018-04-02,DI1V19,6.79,6.751
2018-04-02,DI1Q18,6.255,6.253
2018-04-02,DI1F22,8.63,8.582
2018-04-02,DI1F23,9,8.962
2018-04-02,DI1F19,6.225,6.219
2018-04-02,DI1F29,9.97,9.951
2018-04-02,DI1N19,6.51,6.48
2018-04-02,DI1F28,9.89,9.871
2018-04-02,DI1N18,6.295,6.294
2018-04-04,DI1N24,9.558,9.475
2018-04-04,DI1X18,6.222,6.213
2018-04-04,DI1N22,8.99,8.927
2018-04-04,DI1N23,9.312,9.239
2018-04-04,DI1N20,7.67,7.622
2018-04-04,DI1N21,8.46,8.423
2018-04-04,DI1H19,6.316,6.301
2018-04-04,DI1K18,6.395,6.39
2018-04-04,DI1Z18,6.233,6.22
2018-04-04,DI1J19,6.34,6.325
2018-04-04,DI1J23,9.235,9.165
2018-04-04,DI1J20,7.41,7.372
2018-04-04,DI1J21,8.305,8.263
2018-04-04,DI1U18,6.229,6.224
2018-04-04,DI1J22,8.879,8.819
2018-04-04,DI1M18,6.354,6.358
2018-04-04,DI1V20,7.94,7.892
2018-04-04,DI1F24,9.445,9.367
2018-04-04,DI1V21,8.63,8.583
2018-04-04,DI1F25,9.66,9.572
2018-04-04,DI1G19,6.288,6.272
2018-04-04,DI1F20,7.12,7.092
2018-04-04,DI1F30,10.188,10.079
2018-04-04,DI1F21,8.12,8.082
2018-04-04,DI1V22,9.091,9.025
2018-04-04,DI1F26,9.82,9.722
2018-04-04,DI1F27,9.95,9.842
2018-04-04,DI1V18,6.23,6.224
2018-04-04,DI1V19,6.83,6.811
2018-04-04,DI1Q18,6.258,6.255
2018-04-04,DI1F22,8.76,8.702
2018-04-04,DI1F23,9.15,9.082
2018-04-04,DI1F19,6.25,6.234
2018-04-04,DI1F29,10.15,10.041
2018-04-04,DI1N19,6.54,6.52
2018-04-04,DI1F28,10.07,9.961
2018-04-04,DI1N18,6.293,6.293
2018-04-06,DI1N24,9.565,9.46
2018-04-06,DI1X18,6.227,6.219
2018-04-06,DI1N22,8.99,8.892
2018-04-06,DI1N23,9.314,9.214
2018-04-06,DI1N20,7.63,7.582
2018-04-06,DI1N21,8.46,8.372
2018-04-06,DI1H19,6.312,6.308
2018-04-06,DI1K18,6.397,6.395
2018-04-06,DI1Z18,6.238,6.228
2018-04-06,DI1J19,6.345,6.33
2018-04-06,DI1J23,9.236,9.137
2018-04-06,DI1J20,7.36,7.322
2018-04-06,DI1J21,8.295,8.212
2018-04-06,DI1U18,6.22,6.24
2018-04-06,DI1J22,8.88,8.787
2018-04-06,DI1M18,6.341,6.349
2018-04-06,DI1V20,7.91,7.842
2018-04-06,DI1F24,9.45,9.347
2018-04-06,DI1V21,8.63,8.542
2018-04-06,DI1F25,9.67,9.562
2018-04-06,DI1G19,6.275,6.28
2018-04-06,DI1F20,7.08,7.041
2018-04-06,DI1F30,10.188,10.079
2018-04-06,DI1F21,8.09,8.022
2018-04-06,DI1V22,9.091,8.993
2018-04-06,DI1F26,9.815,9.712
2018-04-06,DI1F27,9.94,9.842
2018-04-06,DI1V18,6.235,6.229
2018-04-06,DI1V19,6.79,6.781
2018-04-06,DI1Q18,6.25,6.284
2018-04-06,DI1F22,8.76,8.672
2018-04-06,DI1F23,9.15,9.052
2018-04-06,DI1F19,6.255,6.244
2018-04-06,DI1F29,10.15,10.041
2018-04-06,DI1N19,6.52,6.5
2018-04-06,DI1F28,10.065,9.961
2018-04-06,DI1N18,6.295,6.293
2018-04-05,DI1N24,9.458,9.56
2018-04-05,DI1X18,6.22,6.221
2018-04-05,DI1N22,8.89,8.992
2018-04-05,DI1N23,9.212,9.314
2018-04-05,DI1N20,7.58,7.672
2018-04-05,DI1N21,8.37,8.463
2018-04-05,DI1H19,6.308,6.316
2018-04-05,DI1K18,6.395,6.395
2018-04-05,DI1Z18,6.229,6.232
2018-04-05,DI1J19,6.33,6.34
2018-04-05,DI1J23,9.135,9.237
2018-04-05,DI1J20,7.32,7.412
2018-04-05,DI1J21,8.21,8.308
2018-04-05,DI1U18,6.241,6.227
2018-04-05,DI1J22,8.785,8.882
2018-04-05,DI1M18,6.35,6.353
2018-04-05,DI1V20,7.84,7.942
2018-04-05,DI1F24,9.345,9.447
2018-04-05,DI1V21,8.54,8.633
2018-04-05,DI1F25,9.56,9.662
2018-04-05,DI1G19,6.281,6.288
2018-04-05,DI1F20,7.04,7.122
2018-04-05,DI1F30,10.078,10.189
2018-04-05,DI1F21,8.02,8.123
2018-04-05,DI1V22,8.991,9.093
2018-04-05,DI1F26,9.71,9.822
2018-04-05,DI1F27,9.84,9.952
2018-04-05,DI1V18,6.23,6.229
2018-04-05,DI1V19,6.78,6.831
2018-04-05,DI1Q18,6.285,6.256
2018-04-05,DI1F22,8.67,8.763
2018-04-05,DI1F23,9.05,9.152
2018-04-05,DI1F19,6.245,6.249
2018-04-05,DI1F29,10.04,10.151
2018-04-05,DI1N19,6.5,6.54
2018-04-05,DI1F28,9.96,10.072
2018-04-05,DI1N18,6.295,6.291
2018-04-09,DI1N24,9.598,9.567
2018-04-09,DI1X18,6.237,6.226
2018-04-09,DI1N22,9.025,8.992
2018-04-09,DI1N23,9.352,9.316
2018-04-09,DI1N20,7.66,7.632
2018-04-09,DI1N21,8.49,8.463
2018-04-09,DI1H19,6.335,6.312
2018-04-09,DI1K18,6.36,6.397
2018-04-09,DI1Z18,6.253,6.237
2018-04-09,DI1J19,6.37,6.345
2018-04-09,DI1J23,9.275,9.238
2018-04-09,DI1J20,7.39,7.362
2018-04-09,DI1J21,8.32,8.298
2018-04-09,DI1U18,6.232,6.218
2018-04-09,DI1J22,8.91,8.883
2018-04-09,DI1M18,6.3,6.34
2018-04-09,DI1V20,7.94,7.912
2018-04-09,DI1F24,9.485,9.452
2018-04-09,DI1V21,8.66,8.633
2018-04-09,DI1F25,9.7,9.672
2018-04-09,DI1G19,6.297,6.274
2018-04-09,DI1F20,7.1,7.082
2018-04-09,DI1F30,10.228,10.189
2018-04-09,DI1F21,8.13,8.092
2018-04-09,DI1V22,9.1,9.093
2018-04-09,DI1F26,9.855,9.817
2018-04-09,DI1F27,9.99,9.942
2018-04-09,DI1V18,6.24,6.234
2018-04-09,DI1V19,6.82,6.791
2018-04-09,DI1Q18,6.27,6.248
2018-04-09,DI1F22,8.79,8.763
2018-04-09,DI1F23,9.19,9.152
2018-04-09,DI1F19,6.275,6.254
2018-04-09,DI1F29,10.19,10.151
2018-04-09,DI1N19,6.55,6.52
2018-04-09,DI1F28,10.11,10.067
2018-04-09,DI1N18,6.295,6.293
2018-04-10,DI1N24,9.625,9.6
2018-04-10,DI1X18,6.24,6.236
2018-04-10,DI1N22,9.05,9.028
2018-04-10,DI1N23,9.374,9.354
2018-04-10,DI1N20,7.65,7.662
2018-04-10,DI1N21,8.5,8.493
2018-04-10,DI1H19,6.34,6.335
2018-04-10,DI1K18,6.405,6.358
2018-04-10,DI1Z18,6.253,6.252
2018-04-10,DI1J19,6.365,6.37
2018-04-10,DI1J23,9.296,9.277
2018-04-10,DI1J20,7.38,7.392
2018-04-10,DI1J21,8.33,8.323
2018-04-10,DI1U18,6.23,6.23
2018-04-10,DI1J22,8.938,8.913
2018-04-10,DI1M18,6.335,6.298
2018-04-10,DI1V20,7.94,7.943
2018-04-10,DI1F24,9.51,9.487
2018-04-10,DI1V21,8.68,8.663
2018-04-10,DI1F25,9.73,9.702
2018-04-10,DI1G19,6.31,6.297
2018-04-10,DI1F20,7.09,7.102
2018-04-10,DI1F30,10.258,10.229
2018-04-10,DI1F21,8.13,8.133
2018-04-10,DI1V22,9.122,9.102
2018-04-10,DI1F26,9.885,9.857
2018-04-10,DI1F27,10.02,9.992
2018-04-10,DI1V18,6.245,6.239
2018-04-10,DI1V19,6.81,6.821
2018-04-10,DI1Q18,6.26,6.268
2018-04-10,DI1F22,8.82,8.793
2018-04-10,DI1F23,9.21,9.192
2018-04-10,DI1F19,6.275,6.274
2018-04-10,DI1F29,10.22,10.191
2018-04-10,DI1N19,6.54,6.551
2018-04-10,DI1F28,10.14,10.112
2018-04-10,DI1N18,6.297,6.293
2018-04-11,DI1N24,9.568,9.627
2018-04-11,DI1X18,6.228,6.239
2018-04-11,DI1N22,8.99,9.053
2018-04-11,DI1N23,9.322,9.376
2018-04-11,DI1N20,7.61,7.652
2018-04-11,DI1N21,8.45,8.503
2018-04-11,DI1H19,6.32,6.34
2018-04-11,DI1K18,6.398,6.406
2018-04-11,DI1Z18,6.239,6.252
2018-04-11,DI1J19,6.355,6.365
2018-04-11,DI1J23,9.245,9.298
2018-04-11,DI1J20,7.35,7.382
2018-04-11,DI1J21,8.27,8.333
2018-04-11,DI1U18,6.22,6.228
2018-04-11,DI1J22,8.878,8.941
2018-04-11,DI1M18,6.33,6.333
2018-04-11,DI1V20,7.87,7.943
2018-04-11,DI1F24,9.455,9.512
2018-04-11,DI1V21,8.625,8.683
2018-04-11,DI1F25,9.67,9.732
2018-04-11,DI1G19,6.3,6.31
2018-04-11,DI1F20,7.06,7.092
2018-04-11,DI1F30,10.188,10.259
2018-04-11,DI1F21,8.09,8.133
2018-04-11,DI1V22,9.067,9.124
2018-04-11,DI1F26,9.82,9.887
2018-04-11,DI1F27,9.95,10.022
2018-04-11,DI1V18,6.235,6.244
2018-04-11,DI1V19,6.78,6.811
2018-04-11,DI1Q18,6.25,6.258
2018-04-11,DI1F22,8.76,8.823
2018-04-11,DI1F23,9.16,9.212
2018-04-11,DI1F19,6.26,6.274
2018-04-11,DI1F29,10.15,10.221
2018-04-11,DI1N19,6.52,6.54
2018-04-11,DI1F28,10.07,10.142
2018-04-11,DI1N18,6.285,6.295
2018-04-12,DI1N24,9.535,9.57
2018-04-12,DI1X18,6.205,6.227
2018-04-12,DI1N22,8.94,8.992
2018-04-12,DI1N23,9.284,9.324
2018-04-12,DI1N20,7.53,7.612
2018-04-12,DI1N21,8.38,8.453
2018-04-12,DI1H19,6.28,6.32
2018-04-12,DI1K18,6.35,6.399
2018-04-12,DI1Z18,6.2,6.238
2018-04-12,DI1J19,6.31,6.355
2018-04-12,DI1J23,9.206,9.247
2018-04-12,DI1J20,7.27,7.352
2018-04-12,DI1J21,8.2,8.273
2018-04-12,DI1U18,6.211,6.218
2018-04-12,DI1J22,8.823,8.881
2018-04-12,DI1M18,6.334,6.328
2018-04-12,DI1V20,7.81,7.872
2018-04-12,DI1F24,9.42,9.457
2018-04-12,DI1V21,8.55,8.628
2018-04-12,DI1F25,9.64,9.672
2018-04-12,DI1G19,6.262,6.3
2018-04-12,DI1F20,6.98,7.062
2018-04-12,DI1F30,10.168,10.189
2018-04-12,DI1F21,8.01,8.092
2018-04-12,DI1V22,9.022,9.069
2018-04-12,DI1F26,9.79,9.822
2018-04-12,DI1F27,9.92,9.952
2018-04-12,DI1V18,6.22,6.234
2018-04-12,DI1V19,6.73,6.781
2018-04-12,DI1Q18,6.248,6.248
2018-04-12,DI1F22,8.7,8.763
2018-04-12,DI1F23,9.12,9.162
2018-04-12,DI1F19,6.225,6.259
2018-04-12,DI1F29,10.13,10.151
2018-04-12,DI1N19,6.48,6.52
2018-04-12,DI1F28,10.045,10.072
2018-04-12,DI1N18,6.279,6.283
2018-04-13,DI1N24,9.62,9.537
2018-04-13,DI1X18,6.2,6.204
2018-04-13,DI1N22,9.02,8.942
2018-04-13,DI1N23,9.359,9.286
2018-04-13,DI1N20,7.5,7.532
2018-04-13,DI1N21,8.41,8.382
2018-04-13,DI1H19,6.268,6.28
2018-04-13,DI1K18,6.395,6.347
2018-04-13,DI1Z18,6.19,6.199
2018-04-13,DI1J19,6.3,6.31
2018-04-13,DI1J23,9.278,9.208
2018-04-13,DI1J20,7.22,7.272
2018-04-13,DI1J21,8.22,8.202
2018-04-13,DI1U18,6.22,6.209
2018-04-13,DI1J22,8.893,8.825
2018-04-13,DI1M18,6.34,6.332
2018-04-13,DI1V20,7.78,7.812
2018-04-13,DI1F24,9.5,9.422
2018-04-13,DI1V21,8.61,8.553
2018-04-13,DI1F25,9.73,9.642
2018-04-13,DI1G19,6.256,6.261
2018-04-13,DI1F20,6.93,6.981
2018-04-13,DI1F30,10.278,10.169
2018-04-13,DI1F21,8.01,8.012
2018-04-13,DI1V22,9.097,9.024
2018-04-13,DI1F26,9.89,9.792
2018-04-13,DI1F27,10.03,9.922
2018-04-13,DI1V18,6.22,6.219
2018-04-13,DI1V19,6.67,6.731
2018-04-13,DI1Q18,6.255,6.246
2018-04-13,DI1F22,8.76,8.703
2018-04-13,DI1F23,9.19,9.122
2018-04-13,DI1F19,6.225,6.224
2018-04-13,DI1F29,10.24,10.131
2018-04-13,DI1N19,6.45,6.48
2018-04-13,DI1F28,10.155,10.047
2018-04-13,DI1N18,6.282,6.277
2018-04-16,DI1N24,9.577,9.622
2018-04-16,DI1X18,6.198,6.199
2018-04-16,DI1N22,8.98,9.023
2018-04-16,DI1N23,9.31,9.361
2018-04-16,DI1N20,7.48,7.502
2018-04-16,DI1N21,8.36,8.413
2018-04-16,DI1H19,6.27,6.267
2018-04-16,DI1K18,6.398,6.396
2018-04-16,DI1Z18,6.192,6.189
2018-04-16,DI1J19,6.305,6.3
2018-04-16,DI1J23,9.22,9.28
2018-04-16,DI1J20,7.21,7.222
2018-04-16,DI1J21,8.18,8.222
2018-04-16,DI1U18,6.21,6.218
2018-04-16,DI1J22,8.853,8.896
2018-04-16,DI1M18,6.335,6.338
2018-04-16,DI1V20,7.76,7.782
2018-04-16,DI1F24,9.454,9.502
2018-04-16,DI1V21,8.565,8.613
2018-04-16,DI1F25,9.69,9.732
2018-04-16,DI1G19,6.255,6.255
2018-04-16,DI1F20,6.92,6.931
2018-04-16,DI1F30,10.238,10.279
2018-04-16,DI1F21,7.96,8.012
2018-04-16,DI1V22,9.052,9.099
2018-04-16,DI1F26,9.85,9.892
2018-04-16,DI1F27,9.99,10.032
2018-04-16,DI1V18,6.215,6.219
2018-04-16,DI1V19,6.67,6.671
2018-04-16,DI1Q18,6.244,6.253
2018-04-16,DI1F22,8.72,8.763
2018-04-16,DI1F23,9.14,9.192
2018-04-16,DI1F19,6.23,6.224
2018-04-16,DI1F29,10.2,10.241
2018-04-16,DI1N19,6.44,6.45
2018-04-16,DI1F28,10.115,10.157
2018-04-16,DI1N18,6.271,6.28
2018-04-18,DI1N24,9.45,9.542
2018-04-18,DI1X18,6.198,6.2
2018-04-18,DI1N22,8.84,8.932
2018-04-18,DI1N23,9.193,9.28
2018-04-18,DI1N20,7.41,7.462
2018-04-18,DI1N21,8.25,8.312
2018-04-18,DI1H19,6.273,6.249
2018-04-18,DI1K18,6.39,6.389
2018-04-18,DI1Z18,6.195,6.194
2018-04-18,DI1J19,6.3,6.31
2018-04-18,DI1J23,9.107,9.191
2018-04-18,DI1J20,7.17,7.202
2018-04-18,DI1J21,8.06,8.132
2018-04-18,DI1U18,6.2,6.203
2018-04-18,DI1J22,8.718,8.805
2018-04-18,DI1M18,6.323,6.328
2018-04-18,DI1V20,7.66,7.722
2018-04-18,DI1F24,9.33,9.422
2018-04-18,DI1V21,8.445,8.517
2018-04-18,DI1F25,9.56,9.652
2018-04-18,DI1G19,6.25,6.259
2018-04-18,DI1F20,6.9,6.921
2018-04-18,DI1F30,10.118,10.199
2018-04-18,DI1F21,7.86,7.922
2018-04-18,DI1V22,8.927,9.014
2018-04-18,DI1F26,9.725,9.812
2018-04-18,DI1F27,9.87,9.952
2018-04-18,DI1V18,6.2,6.219
2018-04-18,DI1V19,6.66,6.681
2018-04-18,DI1Q18,6.23,6.233
2018-04-18,DI1F22,8.59,8.672
2018-04-18,DI1F23,9.03,9.112
2018-04-18,DI1F19,6.22,6.229
2018-04-18,DI1F29,10.08,10.161
2018-04-18,DI1N19,6.44,6.45
2018-04-18,DI1F28,9.995,10.077
2018-04-18,DI1N18,6.256,6.264
2018-04-17,DI1N24,9.54,9.579
2018-04-17,DI1X18,6.201,6.197
2018-04-17,DI1N22,8.93,8.982
2018-04-17,DI1N23,9.278,9.312
2018-04-17,DI1N20,7.46,7.482
2018-04-17,DI1N21,8.31,8.362
2018-04-17,DI1H19,6.25,6.269
2018-04-17,DI1K18,6.389,6.399
2018-04-17,DI1Z18,6.195,6.191
2018-04-17,DI1J19,6.31,6.305
2018-04-17,DI1J23,9.189,9.222
2018-04-17,DI1J20,7.2,7.212
2018-04-17,DI1J21,8.13,8.182
2018-04-17,DI1U18,6.205,6.208
2018-04-17,DI1J22,8.803,8.856
2018-04-17,DI1M18,6.33,6.333
2018-04-17,DI1V20,7.72,7.762
2018-04-17,DI1F24,9.42,9.456
2018-04-17,DI1V21,8.515,8.568
2018-04-17,DI1F25,9.65,9.692
2018-04-17,DI1G19,6.26,6.254
2018-04-17,DI1F20,6.92,6.921
2018-04-17,DI1F30,10.198,10.239
2018-04-17,DI1F21,7.92,7.962
2018-04-17,DI1V22,9.012,9.054
2018-04-17,DI1F26,9.81,9.852
2018-04-17,DI1F27,9.95,9.992
2018-04-17,DI1V18,6.22,6.214
2018-04-17,DI1V19,6.68,6.671
2018-04-17,DI1Q18,6.235,6.242
2018-04-17,DI1F22,8.67,8.723
2018-04-17,DI1F23,9.11,9.142
2018-04-17,DI1F19,6.23,6.229
2018-04-17,DI1F29,10.16,10.201
2018-04-17,DI1N19,6.45,6.44
2018-04-17,DI1F28,10.075,10.117
2018-04-17,DI1N18,6.266,6.269
2018-04-20,DI1N24,9.497,9.492
2018-04-20,DI1X18,6.185,6.199
2018-04-20,DI1N22,8.89,8.892
2018-04-20,DI1N23,9.235,9.235
2018-04-20,DI1N20,7.39,7.452
2018-04-20,DI1N21,8.26,8.292
2018-04-20,DI1H19,6.283,6.3
2018-04-20,DI1K18,6.4,6.39
2018-04-20,DI1Z18,6.18,6.199
2018-04-20,DI1J19,6.31,6.33
2018-04-20,DI1J23,9.148,9.149
2018-04-20,DI1J20,7.16,7.212
2018-04-20,DI1J21,8.07,8.112
2018-04-20,DI1U18,6.21,6.197
2018-04-20,DI1J22,8.763,8.77
2018-04-20,DI1M18,6.3,6.314
2018-04-20,DI1V20,7.67,7.722
2018-04-20,DI1F24,9.375,9.372
2018-04-20,DI1V21,8.47,8.492
2018-04-20,DI1F25,9.61,9.602
2018-04-20,DI1G19,6.255,6.269
2018-04-20,DI1F20,6.89,6.941
2018-04-20,DI1F30,10.158,10.139
2018-04-20,DI1F21,7.87,7.912
2018-04-20,DI1V22,8.972,8.974
2018-04-20,DI1F26,9.76,9.752
2018-04-20,DI1F27,9.9,9.892
2018-04-20,DI1V18,6.19,6.198
2018-04-20,DI1V19,6.66,6.691
2018-04-20,DI1Q18,6.23,6.226
2018-04-20,DI1F22,8.63,8.642
2018-04-20,DI1F23,9.07,9.072
2018-04-20,DI1F19,6.215,6.239
2018-04-20,DI1F29,10.12,10.101
2018-04-20,DI1N19,6.44,6.47
2018-04-20,DI1F28,10.03,10.017
2018-04-20,DI1N18,6.252,6.254
2018-04-19,DI1N24,9.49,9.452
2018-04-19,DI1X18,6.2,6.197
2018-04-19,DI1N22,8.89,8.842
2018-04-19,DI1N23,9.233,9.195
2018-04-19,DI1N20,7.45,7.412
2018-04-19,DI1N21,8.29,8.252
2018-04-19,DI1H19,6.3,6.272
2018-04-19,DI1K18,6.39,6.39
2018-04-19,DI1Z18,6.2,6.194
2018-04-19,DI1J19,6.33,6.3
2018-04-19,DI1J23,9.147,9.109
2018-04-19,DI1J20,7.21,7.172
2018-04-19,DI1J21,8.11,8.062
2018-04-19,DI1U18,6.199,6.198
2018-04-19,DI1J22,8.768,8.72
2018-04-19,DI1M18,6.317,6.321
2018-04-19,DI1V20,7.72,7.662
2018-04-19,DI1F24,9.37,9.332
2018-04-19,DI1V21,8.49,8.447
2018-04-19,DI1F25,9.6,9.562
2018-04-19,DI1G19,6.27,6.249
2018-04-19,DI1F20,6.94,6.901
2018-04-19,DI1F30,10.138,10.119
2018-04-19,DI1F21,7.91,7.862
2018-04-19,DI1V22,8.972,8.929
2018-04-19,DI1F26,9.75,9.727
2018-04-19,DI1F27,9.89,9.872
2018-04-19,DI1V18,6.2,6.198
2018-04-19,DI1V19,6.69,6.661
2018-04-19,DI1Q18,6.228,6.228
2018-04-19,DI1F22,8.64,8.592
2018-04-19,DI1F23,9.07,9.032
2018-04-19,DI1F19,6.24,6.219
2018-04-19,DI1F29,10.1,10.081
2018-04-19,DI1N19,6.47,6.44
2018-04-19,DI1F28,10.015,9.997
2018-04-19,DI1N18,6.257,6.253
2018-04-23,DI1N24,9.622,9.499
2018-04-23,DI1X18,6.19,6.183
2018-04-23,DI1N22,8.99,8.892
2018-04-23,DI1N23,9.35,9.237
2018-04-23,DI1N20,7.44,7.392
2018-04-23,DI1N21,8.34,8.262
2018-04-23,DI1H19,6.293,6.283
2018-04-23,DI1K18,6.395,6.402
2018-04-23,DI1Z18,6.2,6.179
2018-04-23,DI1J19,6.32,6.31
2018-04-23,DI1J23,9.26,9.15
2018-04-23,DI1J20,7.19,7.162
2018-04-23,DI1J21,8.14,8.072
2018-04-23,DI1U18,6.19,6.208
2018-04-23,DI1J22,8.858,8.765
2018-04-23,DI1M18,6.311,6.297
2018-04-23,DI1V20,7.72,7.672
2018-04-23,DI1F24,9.495,9.377
2018-04-23,DI1V21,8.55,8.472
2018-04-23,DI1F25,9.74,9.612
2018-04-23,DI1G19,6.265,6.254
2018-04-23,DI1F20,6.92,6.891
2018-04-23,DI1F30,10.298,10.159
2018-04-23,DI1F21,7.93,7.872
2018-04-23,DI1V22,9.105,8.974
2018-04-23,DI1F26,9.9,9.762
2018-04-23,DI1F27,10.05,9.902
2018-04-23,DI1V18,6.195,6.188
2018-04-23,DI1V19,6.69,6.661
2018-04-23,DI1Q18,6.215,6.228
2018-04-23,DI1F22,8.72,8.632
2018-04-23,DI1F23,9.18,9.072
2018-04-23,DI1F19,6.225,6.214
2018-04-23,DI1F29,10.26,10.121
2018-04-23,DI1N19,6.46,6.44
2018-04-23,DI1F28,10.175,10.032
2018-04-23,DI1N18,6.249,6.249
2018-04-24,DI1N24,9.659,9.624
2018-04-24,DI1X18,6.195,6.189
2018-04-24,DI1N22,9,8.993
2018-04-24,DI1N23,9.382,9.352
2018-04-24,DI1N20,7.46,7.442
2018-04-24,DI1N21,8.36,8.342
2018-04-24,DI1H19,6.298,6.293
2018-04-24,DI1K18,6.395,6.396
2018-04-24,DI1Z18,6.205,6.199
2018-04-24,DI1J19,6.325,6.32
2018-04-24,DI1J23,9.291,9.262
2018-04-24,DI1J20,7.2,7.192
2018-04-24,DI1J21,8.15,8.142
2018-04-24,DI1U18,6.2,6.188
2018-04-24,DI1J22,8.868,8.861
2018-04-24,DI1M18,6.313,6.308
2018-04-24,DI1V20,7.73,7.722
2018-04-24,DI1F24,9.53,9.497
2018-04-24,DI1V21,8.56,8.553
2018-04-24,DI1F25,9.78,9.742
2018-04-24,DI1G19,6.27,6.264
2018-04-24,DI1F20,6.92,6.921
2018-04-24,DI1F30,10.318,10.299
2018-04-24,DI1F21,7.94,7.932
2018-04-24,DI1V22,9.125,9.107
2018-04-24,DI1F26,9.93,9.902
2018-04-24,DI1F27,10.08,10.052
2018-04-24,DI1V18,6.2,6.193
2018-04-24,DI1V19,6.69,6.691
2018-04-24,DI1Q18,6.21,6.212
2018-04-24,DI1F22,8.73,8.723
2018-04-24,DI1F23,9.21,9.182
2018-04-24,DI1F19,6.23,6.224
2018-04-24,DI1F29,10.28,10.261
2018-04-24,DI1N19,6.47,6.46
2018-04-24,DI1F28,10.2,10.177
2018-04-24,DI1N18,6.253,6.246
2018-04-25,DI1N24,9.696,9.661
2018-04-25,DI1X18,6.215,6.194
2018-04-25,DI1N22,9.05,9.003
2018-04-25,DI1N23,9.414,9.384
2018-04-25,DI1N20,7.49,7.462
2018-04-25,DI1N21,8.39,8.362
2018-04-25,DI1H19,6.31,6.298
2018-04-25,DI1K18,6.38,6.397
2018-04-25,DI1Z18,6.225,6.204
2018-04-25,DI1J19,6.345,6.325
2018-04-25,DI1J23,9.322,9.293
2018-04-25,DI1J20,7.24,7.202
2018-04-25,DI1J21,8.18,8.152
2018-04-25,DI1U18,6.215,6.198
2018-04-25,DI1J22,8.91,8.871
2018-04-25,DI1M18,6.32,6.31
2018-04-25,DI1V20,7.75,7.732
2018-04-25,DI1F24,9.565,9.532
2018-04-25,DI1V21,8.595,8.563
2018-04-25,DI1F25,9.82,9.782
2018-04-25,DI1G19,6.286,6.269
2018-04-25,DI1F20,6.96,6.921
2018-04-25,DI1F30,10.338,10.319
2018-04-25,DI1F21,7.97,7.942
2018-04-25,DI1V22,9.165,9.127
2018-04-25,DI1F26,9.955,9.932
2018-04-25,DI1F27,10.09,10.082
2018-04-25,DI1V18,6.22,6.198
2018-04-25,DI1V19,6.72,6.691
2018-04-25,DI1Q18,6.23,6.207
2018-04-25,DI1F22,8.76,8.733
2018-04-25,DI1F23,9.24,9.212
2018-04-25,DI1F19,6.25,6.229
2018-04-25,DI1F29,10.3,10.281
2018-04-25,DI1N19,6.5,6.47
2018-04-25,DI1F28,10.215,10.202
2018-04-25,DI1N18,6.26,6.25
2018-04-26,DI1N24,9.614,9.698
2018-04-26,DI1X18,6.21,6.214
2018-04-26,DI1N22,9,9.053
2018-04-26,DI1N23,9.346,9.416
2018-04-26,DI1N20,7.45,7.492
2018-04-26,DI1N21,8.34,8.393
2018-04-26,DI1H19,6.3,6.31
2018-04-26,DI1K18,6.395,6.376
2018-04-26,DI1Z18,6.22,6.224
2018-04-26,DI1J19,6.34,6.345
2018-04-26,DI1J23,9.258,9.324
2018-04-26,DI1J20,7.21,7.242
2018-04-26,DI1J21,8.14,8.182
2018-04-26,DI1U18,6.215,6.213
2018-04-26,DI1J22,8.865,8.913
2018-04-26,DI1M18,6.315,6.317
2018-04-26,DI1V20,7.72,7.752
2018-04-26,DI1F24,9.49,9.567
2018-04-26,DI1V21,8.55,8.598
2018-04-26,DI1F25,9.73,9.822
2018-04-26,DI1G19,6.27,6.285
2018-04-26,DI1F20,6.94,6.961
2018-04-26,DI1F30,10.278,10.339
2018-04-26,DI1F21,7.93,7.972
2018-04-26,DI1V22,9.11,9.168
2018-04-26,DI1F26,9.885,9.957
2018-04-26,DI1F27,10.04,10.092
2018-04-26,DI1V18,6.215,6.218
2018-04-26,DI1V19,6.71,6.721
2018-04-26,DI1Q18,6.235,6.228
2018-04-26,DI1F22,8.72,8.763
2018-04-26,DI1F23,9.18,9.242
2018-04-26,DI1F19,6.245,6.249
2018-04-26,DI1F29,10.24,10.301
2018-04-26,DI1N19,6.49,6.5
2018-04-26,DI1F28,10.16,10.217
2018-04-26,DI1N18,6.258,6.257
2018-04-27,DI1N24,9.533,9.616
2018-04-27,DI1X18,6.2,6.209
2018-04-27,DI1N22,8.935,9.003
2018-04-27,DI1N23,9.283,9.348
2018-04-27,DI1N20,7.42,7.452
2018-04-27,DI1N21,8.29,8.342
2018-04-27,DI1H19,6.28,6.3
2018-04-27,DI1K18,6.396,6.398
2018-04-27,DI1Z18,6.2,6.219
2018-04-27,DI1J19,6.305,6.34
2018-04-27,DI1J23,9.2,9.26
2018-04-27,DI1J20,7.17,7.212
2018-04-27,DI1J21,8.08,8.142
2018-04-27,DI1U18,6.208,6.213
2018-04-27,DI1J22,8.803,8.868
2018-04-27,DI1M18,6.31,6.312
2018-04-27,DI1V20,7.67,7.722
2018-04-27,DI1F24,9.418,9.492
2018-04-27,DI1V21,8.495,8.553
2018-04-27,DI1F25,9.64,9.732
2018-04-27,DI1G19,6.25,6.269
2018-04-27,DI1F20,6.91,6.941
2018-04-27,DI1F30,10.168,10.279
2018-04-27,DI1F21,7.9,7.932
2018-04-27,DI1V22,9.042,9.112
2018-04-27,DI1F26,9.785,9.887
2018-04-27,DI1F27,9.93,10.042
2018-04-27,DI1V18,6.195,6.213
2018-04-27,DI1V19,6.67,6.711
2018-04-27,DI1Q18,6.215,6.233
2018-04-27,DI1F22,8.66,8.723
2018-04-27,DI1F23,9.11,9.182
2018-04-27,DI1F19,6.215,6.244
2018-04-27,DI1F29,10.13,10.241
2018-04-27,DI1N19,6.45,6.49
2018-04-27,DI1F28,10.05,10.162
2018-04-27,DI1N18,6.246,6.255
2018-04-30,DI1N24,9.58,9.535
2018-04-30,DI1X18,6.22,6.199
2018-04-30,DI1N22,8.98,8.937
2018-04-30,DI1N23,9.325,9.285
2018-04-30,DI1N20,7.47,7.422
2018-04-30,DI1N21,8.36,8.292
2018-04-30,DI1H19,6.295,6.279
2018-04-30,DI1K18,6.39,6.402
2018-04-30,DI1Z18,6.215,6.199
2018-04-30,DI1J19,6.325,6.305
2018-04-30,DI1J23,9.25,9.202
2018-04-30,DI1J20,7.22,7.172
2018-04-30,DI1J21,8.16,8.082
2018-04-30,DI1U18,6.21,6.206
2018-04-30,DI1J22,8.856,8.805
2018-04-30,DI1M18,6.305,6.306
2018-04-30,DI1V20,7.73,7.672
2018-04-30,DI1F24,9.463,9.42
2018-04-30,DI1V21,8.56,8.497
2018-04-30,DI1F25,9.69,9.642
2018-04-30,DI1G19,6.265,6.249
2018-04-30,DI1F20,6.96,6.911
2018-04-30,DI1F30,10.223,10.169
2018-04-30,DI1F21,7.96,7.902
2018-04-30,DI1V22,9.07,9.044
2018-04-30,DI1F26,9.835,9.787
2018-04-30,DI1F27,9.98,9.932
2018-04-30,DI1V18,6.2,6.193
2018-04-30,DI1V19,6.72,6.671
2018-04-30,DI1Q18,6.235,6.212
2018-04-30,DI1F22,8.72,8.662
2018-04-30,DI1F23,9.16,9.112
2018-04-30,DI1F19,6.225,6.214
2018-04-30,DI1F29,10.185,10.131
2018-04-30,DI1N19,6.49,6.45
2018-04-30,DI1F28,10.102,10.052
2018-04-30,DI1N18,6.242,6.243
2018-05-02,DI1N24,9.6,9.582
2018-05-02,DI1X18,6.23,6.219
2018-05-02,DI1N22,9,8.983
2018-05-02,DI1N23,9.36,9.327
2018-05-02,DI1N20,7.51,7.472
2018-05-02,DI1N21,8.4,8.363
2018-05-02,DI1H19,6.31,6.295
2018-05-02,DI1K19,6.414,6.4
2018-05-02,DI1K18,6.39,6.39
2018-05-02,DI1Z18,6.233,6.214
2018-05-02,DI1J19,6.345,6.325
2018-05-02,DI1J23,9.288,9.252
2018-05-02,DI1J20,7.25,7.222
2018-05-02,DI1J21,8.2,8.162
2018-05-02,DI1U18,6.24,6.208
2018-05-02,DI1J22,8.87,8.859
2018-05-02,DI1M18,6.302,6.301
2018-05-02,DI1V20,7.78,7.732
2018-05-02,DI1F24,9.49,9.465
2018-05-02,DI1V21,8.59,8.563
2018-05-02,DI1F25,9.73,9.692
2018-05-02,DI1G19,6.28,6.264
2018-05-02,DI1F20,6.99,6.961
2018-05-02,DI1F30,10.268,10.224
2018-05-02,DI1F21,8,7.962
2018-05-02,DI1V22,9.1,9.072
2018-05-02,DI1F26,9.88,9.837
2018-05-02,DI1F27,10.03,9.982
2018-05-02,DI1V18,6.22,6.198
2018-05-02,DI1V19,6.76,6.721
2018-05-02,DI1Q18,6.233,6.233
2018-05-02,DI1F22,8.74,8.723
2018-05-02,DI1F23,9.2,9.162
2018-05-02,DI1F19,6.25,6.224
2018-05-02,DI1F29,10.23,10.186
2018-05-02,DI1N19,6.52,6.49
2018-05-02,DI1F28,10.15,10.104
2018-05-02,DI1N18,6.249,6.238
2018-05-03,DI1N24,9.625,9.602
2018-05-03,DI1X18,6.238,6.229
2018-05-03,DI1N22,9.025,9.003
2018-05-03,DI1N23,9.38,9.362
2018-05-03,DI1N20,7.56,7.512
2018-05-03,DI1N21,8.42,8.403
2018-05-03,DI1H19,6.349,6.31
2018-05-03,DI1K19,6.454,6.414
2018-05-03,DI1Z18,6.25,6.232
2018-05-03,DI1J19,6.385,6.345
2018-05-03,DI1J23,9.3,9.29
2018-05-03,DI1J20,7.31,7.252
2018-05-03,DI1J21,8.23,8.202
2018-05-03,DI1U18,6.235,6.238
2018-05-03,DI1J22,8.895,8.873
2018-05-03,DI1M18,6.304,6.298
2018-05-03,DI1V20,7.825,7.782
2018-05-03,DI1F24,9.515,9.492
2018-05-03,DI1V21,8.61,8.593
2018-05-03,DI1F25,9.72,9.732
2018-05-03,DI1G19,6.318,6.279
2018-05-03,DI1F20,7.05,6.991
2018-05-03,DI1F30,10.253,10.269
2018-05-03,DI1F21,8.04,8.002
2018-05-03,DI1V22,9.125,9.102
2018-05-03,DI1F26,9.865,9.882
2018-05-03,DI1F27,10.01,10.032
2018-05-03,DI1V18,6.23,6.218
2018-05-03,DI1V19,6.8,6.761
2018-05-03,DI1Q18,6.234,6.231
2018-05-03,DI1F22,8.76,8.743
2018-05-03,DI1F23,9.21,9.202
2018-05-03,DI1F19,6.275,6.249
2018-05-03,DI1F29,10.215,10.231
2018-05-03,DI1N19,6.56,6.52
2018-05-03,DI1F28,10.132,10.152
2018-05-03,DI1N18,6.254,6.246
2018-05-04,DI1N24,9.615,9.627
2018-05-04,DI1X18,6.228,6.237
2018-05-04,DI1N22,9.03,9.028
2018-05-04,DI1N23,9.375,9.382
2018-05-04,DI1N20,7.57,7.562
2018-05-04,DI1N21,8.43,8.423
2018-05-04,DI1H19,6.357,6.349
2018-05-04,DI1K19,6.467,6.454
2018-05-04,DI1Z18,6.245,6.249
2018-05-04,DI1J19,6.4,6.385
2018-05-04,DI1J23,9.305,9.302
2018-05-04,DI1J20,7.31,7.312
2018-05-04,DI1J21,8.235,8.233
2018-05-04,DI1U18,6.22,6.233
2018-05-04,DI1J22,8.9,8.898
2018-05-04,DI1M18,6.3,6.3
2018-05-04,DI1V20,7.83,7.827
2018-05-04,DI1F24,9.51,9.517
2018-05-04,DI1V21,8.62,8.613
2018-05-04,DI1F25,9.73,9.722
2018-05-04,DI1G19,6.32,6.318
2018-05-04,DI1F20,7.06,7.052
2018-05-04,DI1F30,10.248,10.254
2018-05-04,DI1F21,8.04,8.042
2018-05-04,DI1V22,9.13,9.127
2018-05-04,DI1F26,9.87,9.867
2018-05-04,DI1F27,10.01,10.012
2018-05-04,DI1V18,6.215,6.228
2018-05-04,DI1V19,6.82,6.801
2018-05-04,DI1Q18,6.23,6.232
2018-05-04,DI1F22,8.77,8.763
2018-05-04,DI1F23,9.23,9.212
2018-05-04,DI1F19,6.275,6.274
2018-05-04,DI1F29,10.21,10.216
2018-05-04,DI1N19,6.57,6.561
2018-05-04,DI1F28,10.13,10.134
2018-05-04,DI1N18,6.245,6.251
2018-05-07,DI1N24,9.705,9.617
2018-05-07,DI1X18,6.24,6.227
2018-05-07,DI1N22,9.14,9.033
2018-05-07,DI1N23,9.47,9.377
2018-05-07,DI1N20,7.65,7.572
2018-05-07,DI1N21,8.54,8.433
2018-05-07,DI1H19,6.398,6.357
2018-05-07,DI1K19,6.49,6.467
2018-05-07,DI1Z18,6.264,6.244
2018-05-07,DI1J19,6.435,6.4
2018-05-07,DI1J23,9.403,9.307
2018-05-07,DI1J20,7.39,7.312
2018-05-07,DI1J21,8.335,8.238
2018-05-07,DI1U18,6.234,6.218
2018-05-07,DI1J22,9.015,8.903
2018-05-07,DI1M18,6.28,6.295
2018-05-07,DI1V20,7.91,7.832
2018-05-07,DI1F24,9.6,9.512
2018-05-07,DI1V21,8.735,8.623
2018-05-07,DI1F25,9.82,9.732
2018-05-07,DI1G19,6.353,6.32
2018-05-07,DI1F20,7.13,7.062
2018-05-07,DI1F30,10.318,10.249
2018-05-07,DI1F21,8.16,8.042
2018-05-07,DI1V22,9.235,9.133
2018-05-07,DI1F26,9.955,9.872
2018-05-07,DI1F27,10.09,10.012
2018-05-07,DI1V18,6.235,6.213
2018-05-07,DI1V19,6.87,6.821
2018-05-07,DI1Q18,6.237,6.227
2018-05-07,DI1F22,8.89,8.773
2018-05-07,DI1F23,9.33,9.232
2018-05-07,DI1F19,6.3,6.274
2018-05-07,DI1F29,10.28,10.211
2018-05-07,DI1N19,6.63,6.571
2018-05-07,DI1F28,10.205,10.132
2018-05-07,DI1N18,6.245,6.241
2018-05-10,DI1N24,9.836,10.085
2018-05-10,DI1X18,6.205,6.239
2018-05-10,DI1N22,9.25,9.483
2018-05-10,DI1N23,9.59,9.833
2018-05-10,DI1N20,7.75,7.903
2018-05-10,DI1N21,8.65,8.853
2018-05-10,DI1H19,6.374,6.41
2018-05-10,DI1K19,6.515,6.558
2018-05-10,DI1Z18,6.22,6.254
2018-05-10,DI1J19,6.44,6.485
2018-05-10,DI1J23,9.51,9.76
2018-05-10,DI1J20,7.49,7.623
2018-05-10,DI1J21,8.455,8.648
2018-05-10,DI1U18,6.19,6.208
2018-05-10,DI1J22,9.11,9.343
2018-05-10,DI1M18,6.26,6.273
2018-05-10,DI1V20,8.04,8.193
2018-05-10,DI1F24,9.725,9.973
2018-05-10,DI1V21,8.855,9.043
2018-05-10,DI1F25,9.94,10.192
2018-05-10,DI1G19,6.323,6.35
2018-05-10,DI1F20,7.22,7.342
2018-05-10,DI1F30,10.448,10.7
2018-05-10,DI1F21,8.26,8.443
2018-05-10,DI1V22,9.345,9.583
2018-05-10,DI1F26,10.07,10.322
2018-05-10,DI1F27,10.21,10.462
2018-05-10,DI1V18,6.19,6.223
2018-05-10,DI1V19,6.94,7.022
2018-05-10,DI1Q18,6.2,6.227
2018-05-10,DI1F22,8.99,9.223
2018-05-10,DI1F23,9.44,9.683
2018-05-10,DI1F19,6.26,6.294
2018-05-10,DI1F29,10.41,10.662
2018-05-10,DI1N19,6.67,6.741
2018-05-10,DI1F28,10.33,10.582
2018-05-10,DI1N18,6.215,6.239
2018-05-08,DI1N24,9.86,9.707
2018-05-08,DI1X18,6.283,6.239
2018-05-08,DI1N22,9.28,9.143
2018-05-08,DI1N23,9.62,9.472
2018-05-08,DI1N20,7.81,7.652
2018-05-08,DI1N21,8.69,8.543
2018-05-08,DI1H19,6.46,6.398
2018-05-08,DI1K19,6.57,6.49
2018-05-08,DI1Z18,6.3,6.263
2018-05-08,DI1J19,6.51,6.435
2018-05-08,DI1J23,9.552,9.405
2018-05-08,DI1J20,7.54,7.392
2018-05-08,DI1J21,8.49,8.338
2018-05-08,DI1U18,6.23,6.232
2018-05-08,DI1J22,9.155,9.018
2018-05-08,DI1M18,6.3,6.274
2018-05-08,DI1V20,8.08,7.913
2018-05-08,DI1F24,9.745,9.602
2018-05-08,DI1V21,8.88,8.738
2018-05-08,DI1F25,9.97,9.822
2018-05-08,DI1G19,6.4,6.353
2018-05-08,DI1F20,7.27,7.132
2018-05-08,DI1F30,10.468,10.319
2018-05-08,DI1F21,8.29,8.163
2018-05-08,DI1V22,9.38,9.238
2018-05-08,DI1F26,10.105,9.957
2018-05-08,DI1F27,10.24,10.092
2018-05-08,DI1V18,6.25,6.233
2018-05-08,DI1V19,6.99,6.871
2018-05-08,DI1Q18,6.265,6.234
2018-05-08,DI1F22,9.03,8.893
2018-05-08,DI1F23,9.48,9.333
2018-05-08,DI1F19,6.33,6.299
2018-05-08,DI1F29,10.43,10.281
2018-05-08,DI1N19,6.73,6.631
2018-05-08,DI1F28,10.355,10.207
2018-05-08,DI1N18,6.267,6.241
2018-05-09,DI1N24,10.083,9.862
2018-05-09,DI1X18,6.24,6.282
2018-05-09,DI1N22,9.48,9.283
2018-05-09,DI1N23,9.83,9.623
2018-05-09,DI1N20,7.9,7.813
2018-05-09,DI1N21,8.85,8.693
2018-05-09,DI1H19,6.41,6.46
2018-05-09,DI1K19,6.557,6.571
2018-05-09,DI1Z18,6.255,6.299
2018-05-09,DI1J19,6.485,6.511
2018-05-09,DI1J23,9.757,9.555
2018-05-09,DI1J20,7.62,7.542
2018-05-09,DI1J21,8.645,8.493
2018-05-09,DI1U18,6.21,6.228
2018-05-09,DI1J22,9.34,9.158
2018-05-09,DI1M18,6.28,6.294
2018-05-09,DI1V20,8.19,8.083
2018-05-09,DI1F24,9.97,9.747
2018-05-09,DI1V21,9.04,8.883
2018-05-09,DI1F25,10.19,9.972
2018-05-09,DI1G19,6.35,6.4
2018-05-09,DI1F20,7.34,7.272
2018-05-09,DI1F30,10.698,10.469
2018-05-09,DI1F21,8.44,8.293
2018-05-09,DI1V22,9.58,9.383
2018-05-09,DI1F26,10.32,10.107
2018-05-09,DI1F27,10.46,10.242
2018-05-09,DI1V18,6.225,6.249
2018-05-09,DI1V19,7.02,6.992
2018-05-09,DI1Q18,6.23,6.263
2018-05-09,DI1F22,9.22,9.033
2018-05-09,DI1F23,9.68,9.483
2018-05-09,DI1F19,6.295,6.33
2018-05-09,DI1F29,10.66,10.432
2018-05-09,DI1N19,6.74,6.731
2018-05-09,DI1F28,10.58,10.357
2018-05-09,DI1N18,6.243,6.264
2018-05-14,DI1N24,9.99,9.886
2018-05-14,DI1X18,6.27,6.239
2018-05-14,DI1N22,9.42,9.333
2018-05-14,DI1N23,9.74,9.655
2018-05-14,DI1N20,7.96,7.823
2018-05-14,DI1N21,8.87,8.783
2018-05-14,DI1H19,6.489,6.42
2018-05-14,DI1K19,6.635,6.556
2018-05-14,DI1Z18,6.303,6.264
2018-05-14,DI1J19,6.565,6.48
2018-05-14,DI1J23,9.67,9.579
2018-05-14,DI1J20,7.69,7.572
2018-05-14,DI1J21,8.675,8.578
2018-05-14,DI1U18,6.22,6.208
2018-05-14,DI1J22,9.29,9.198
2018-05-14,DI1M18,6.255,6.235
2018-05-14,DI1V20,8.26,8.123
2018-05-14,DI1F24,9.877,9.782
2018-05-14,DI1V21,9.05,8.968
2018-05-14,DI1F25,10.08,9.982
2018-05-14,DI1G19,6.43,6.375
2018-05-14,DI1F20,7.41,7.292
2018-05-14,DI1F30,10.558,10.489
2018-05-14,DI1F21,8.48,8.373
2018-05-14,DI1V22,9.515,9.423
2018-05-14,DI1F26,10.2,10.117
2018-05-14,DI1F27,10.33,10.262
2018-05-14,DI1V18,6.245,6.213
2018-05-14,DI1V19,7.1,7.002
2018-05-14,DI1Q18,6.24,6.2
2018-05-14,DI1F22,9.18,9.083
2018-05-14,DI1F23,9.61,9.513
2018-05-14,DI1F19,6.36,6.315
2018-05-14,DI1F29,10.52,10.452
2018-05-14,DI1N19,6.81,6.711
2018-05-14,DI1F28,10.445,10.377
2018-05-14,DI1N18,6.24,6.215
2018-05-11,DI1N24,9.884,9.838
2018-05-11,DI1X18,6.24,6.203
2018-05-11,DI1N22,9.33,9.253
2018-05-11,DI1N23,9.652,9.593
2018-05-11,DI1N20,7.82,7.753
2018-05-11,DI1N21,8.78,8.653
2018-05-11,DI1H19,6.42,6.374
2018-05-11,DI1K19,6.555,6.516
2018-05-11,DI1Z18,6.265,6.219
2018-05-11,DI1J19,6.48,6.44
2018-05-11,DI1J23,9.576,9.513
2018-05-11,DI1J20,7.57,7.492
2018-05-11,DI1J21,8.575,8.458
2018-05-11,DI1U18,6.21,6.188
2018-05-11,DI1J22,9.195,9.113
2018-05-11,DI1M18,6.246,6.251
2018-05-11,DI1V20,8.12,8.043
2018-05-11,DI1F24,9.78,9.727
2018-05-11,DI1V21,8.965,8.858
2018-05-11,DI1F25,9.98,9.942
2018-05-11,DI1G19,6.375,6.323
2018-05-11,DI1F20,7.29,7.222
2018-05-11,DI1F30,10.488,10.449
2018-05-11,DI1F21,8.37,8.263
2018-05-11,DI1V22,9.42,9.348
2018-05-11,DI1F26,10.115,10.072
2018-05-11,DI1F27,10.26,10.212
2018-05-11,DI1V18,6.215,6.188
2018-05-11,DI1V19,7,6.942
2018-05-11,DI1Q18,6.203,6.197
2018-05-11,DI1F22,9.08,8.993
2018-05-11,DI1F23,9.51,9.443
2018-05-11,DI1F19,6.315,6.259
2018-05-11,DI1F29,10.45,10.412
2018-05-11,DI1N19,6.71,6.671
2018-05-11,DI1F28,10.375,10.332
2018-05-11,DI1N18,6.22,6.21
2018-05-15,DI1N24,10.036,9.992
2018-05-15,DI1X18,6.267,6.269
2018-05-15,DI1N22,9.46,9.423
2018-05-15,DI1N23,9.786,9.743
2018-05-15,DI1N20,7.93,7.963
2018-05-15,DI1N21,8.88,8.873
2018-05-15,DI1H19,6.46,6.489
2018-05-15,DI1K19,6.608,6.636
2018-05-15,DI1Z18,6.296,6.302
2018-05-15,DI1J19,6.545,6.566
2018-05-15,DI1J23,9.723,9.673
2018-05-15,DI1J20,7.65,7.693
2018-05-15,DI1J21,8.675,8.678
2018-05-15,DI1U18,6.245,6.218
2018-05-15,DI1J22,9.325,9.293
2018-05-15,DI1M18,6.245,6.244
2018-05-15,DI1V20,8.25,8.263
2018-05-15,DI1F24,9.91,9.88
2018-05-15,DI1V21,9.07,9.053
2018-05-15,DI1F25,10.14,10.082
2018-05-15,DI1G19,6.415,6.43
2018-05-15,DI1F20,7.35,7.412
2018-05-15,DI1F30,10.638,10.559
2018-05-15,DI1F21,8.47,8.483
2018-05-15,DI1V22,9.565,9.518
2018-05-15,DI1F26,10.265,10.202
2018-05-15,DI1F27,10.4,10.332
2018-05-15,DI1V18,6.245,6.244
2018-05-15,DI1V19,7.05,7.102
2018-05-15,DI1Q18,6.234,6.237
2018-05-15,DI1F22,9.21,9.183
2018-05-15,DI1F23,9.67,9.613
2018-05-15,DI1F19,6.35,6.36
2018-05-15,DI1F29,10.6,10.522
2018-05-15,DI1N19,6.77,6.811
2018-05-15,DI1F28,10.515,10.447
2018-05-15,DI1N18,6.245,6.236
2018-05-16,DI1N24,10.016,10.038
2018-05-16,DI1X18,6.255,6.266
2018-05-16,DI1N22,9.46,9.463
2018-05-16,DI1N23,9.761,9.789
2018-05-16,DI1N20,7.91,7.933
2018-05-16,DI1N21,8.87,8.883
2018-05-16,DI1H19,6.45,6.46
2018-05-16,DI1K19,6.581,6.609
2018-05-16,DI1Z18,6.27,6.295
2018-05-16,DI1J19,6.515,6.546
2018-05-16,DI1J23,9.69,9.726
2018-05-16,DI1J20,7.63,7.653
2018-05-16,DI1J21,8.665,8.678
2018-05-16,DI1U18,6.22,6.243
2018-05-16,DI1J22,9.32,9.328
2018-05-16,DI1M18,6.23,6.232
2018-05-16,DI1V20,8.22,8.253
2018-05-16,DI1F24,9.9,9.913
2018-05-16,DI1V21,9.06,9.073
2018-05-16,DI1F25,10.11,10.142
2018-05-16,DI1G19,6.395,6.415
2018-05-16,DI1F20,7.34,7.352
2018-05-16,DI1F30,10.598,10.639
2018-05-16,DI1F21,8.46,8.473
2018-05-16,DI1V22,9.545,9.568
2018-05-16,DI1F26,10.235,10.267
2018-05-16,DI1F27,10.37,10.402
2018-05-16,DI1V18,6.225,6.244
2018-05-16,DI1V19,7.05,7.052
2018-05-16,DI1Q18,6.219,6.231
2018-05-16,DI1F22,9.2,9.213
2018-05-16,DI1F23,9.63,9.673
2018-05-16,DI1F19,6.32,6.35
2018-05-16,DI1F29,10.56,10.602
2018-05-16,DI1N19,6.75,6.771
2018-05-16,DI1F28,10.48,10.517
2018-05-16,DI1N18,6.224,6.24
2018-05-17,DI1N24,10.141,10.018
2018-05-17,DI1X18,6.49,6.254
2018-05-17,DI1N22,9.58,9.463
2018-05-17,DI1N23,9.896,9.764
2018-05-17,DI1N20,8.17,7.913
2018-05-17,DI1N21,9.06,8.873
2018-05-17,DI1H19,6.75,6.45
2018-05-17,DI1K19,6.918,6.582
2018-05-17,DI1Z18,6.535,6.269
2018-05-17,DI1J19,6.85,6.516
2018-05-17,DI1J23,9.828,9.693
2018-05-17,DI1J20,7.9,7.633
2018-05-17,DI1J21,8.86,8.668
2018-05-17,DI1U18,6.425,6.218
2018-05-17,DI1J22,9.48,9.323
2018-05-17,DI1M18,6.395,6.214
2018-05-17,DI1V20,8.46,8.223
2018-05-17,DI1F24,10.03,9.903
2018-05-17,DI1V21,9.23,9.063
2018-05-17,DI1F25,10.23,10.112
2018-05-17,DI1G19,6.67,6.395
2018-05-17,DI1F20,7.62,7.342
2018-05-17,DI1F30,10.708,10.599
2018-05-17,DI1F21,8.67,8.463
2018-05-17,DI1V22,9.7,9.548
2018-05-17,DI1F26,10.35,10.237
2018-05-17,DI1F27,10.48,10.372
2018-05-17,DI1V18,6.46,6.223
2018-05-17,DI1V19,7.36,7.052
2018-05-17,DI1Q18,6.42,6.216
2018-05-17,DI1F22,9.35,9.203
2018-05-17,DI1F23,9.77,9.633
2018-05-17,DI1F19,6.6,6.32
2018-05-17,DI1F29,10.67,10.562
2018-05-17,DI1N19,7.09,6.751
2018-05-17,DI1F28,10.59,10.482
2018-05-17,DI1N18,6.407,6.219
2018-05-18,DI1N24,10.551,10.143
2018-05-18,DI1X18,6.56,6.491
2018-05-18,DI1N22,9.97,9.583
2018-05-18,DI1N23,10.29,9.899
2018-05-18,DI1N20,8.35,8.173
2018-05-18,DI1N21,9.35,9.063
2018-05-18,DI1H19,6.83,6.752
2018-05-18,DI1K19,6.998,6.92
2018-05-18,DI1Z18,6.61,6.536
2018-05-18,DI1J19,6.925,6.852
2018-05-18,DI1J23,10.213,9.831
2018-05-18,DI1J20,8.05,7.903
2018-05-18,DI1J21,9.13,8.863
2018-05-18,DI1U18,6.48,6.425
2018-05-18,DI1J22,9.85,9.483
2018-05-18,DI1M18,6.41,6.396
2018-05-18,DI1V20,8.66,8.464
2018-05-18,DI1F24,10.43,10.033
2018-05-18,DI1V21,9.55,9.233
2018-05-18,DI1F25,10.65,10.232
2018-05-18,DI1G19,6.752,6.672
2018-05-18,DI1F20,7.76,7.623
2018-05-18,DI1F30,11.118,10.71
2018-05-18,DI1F21,8.92,8.673
2018-05-18,DI1V22,10.085,9.703
2018-05-18,DI1F26,10.77,10.352
2018-05-18,DI1F27,10.9,10.482
2018-05-18,DI1V18,6.5,6.461
2018-05-18,DI1V19,7.47,7.363
2018-05-18,DI1Q18,6.45,6.421
2018-05-18,DI1F22,9.7,9.353
2018-05-18,DI1F23,10.15,9.773
2018-05-18,DI1F19,6.685,6.601
2018-05-18,DI1F29,11.08,10.672
2018-05-18,DI1N19,7.18,7.093
2018-05-18,DI1F28,11.005,10.592
2018-05-18,DI1N18,6.425,6.408
2018-05-21,DI1N24,10.471,10.554
2018-05-21,DI1X18,6.51,6.561
2018-05-21,DI1N22,9.86,9.974
2018-05-21,DI1N23,10.21,10.293
2018-05-21,DI1N20,8.26,8.354
2018-05-21,DI1N21,9.22,9.354
2018-05-21,DI1H19,6.767,6.832
2018-05-21,DI1K19,7.02,7.001
2018-05-21,DI1Z18,6.55,6.612
2018-05-21,DI1J19,6.85,6.927
2018-05-21,DI1J23,10.133,10.216
2018-05-21,DI1J20,7.96,8.054
2018-05-21,DI1J21,9.02,9.134
2018-05-21,DI1U18,6.47,6.481
2018-05-21,DI1J22,9.735,9.854
2018-05-21,DI1M18,6.392,6.412
2018-05-21,DI1V20,8.57,8.664
2018-05-21,DI1F24,10.35,10.433
2018-05-21,DI1V21,9.425,9.554
2018-05-21,DI1F25,10.57,10.653
2018-05-21,DI1G19,6.7,6.754
2018-05-21,DI1F20,7.66,7.763
2018-05-21,DI1F30,11.118,11.12
2018-05-21,DI1F21,8.79,8.924
2018-05-21,DI1V22,9.99,10.088
2018-05-21,DI1F26,10.715,10.772
2018-05-21,DI1F27,10.87,10.902
2018-05-21,DI1V18,6.49,6.501
2018-05-21,DI1V19,7.38,7.473
2018-05-21,DI1Q18,6.43,6.451
2018-05-21,DI1F22,9.58,9.704
2018-05-21,DI1F23,10.07,10.153
2018-05-21,DI1F19,6.635,6.687
2018-05-21,DI1F29,11.08,11.082
2018-05-21,DI1N19,7.09,7.183
2018-05-21,DI1F28,10.99,11.007
2018-05-21,DI1N18,6.417,6.426
2018-05-22,DI1N24,10.426,10.474
2018-05-22,DI1X18,6.5,6.511
2018-05-22,DI1N22,9.765,9.863
2018-05-22,DI1N23,10.145,10.213
2018-05-22,DI1N20,8.09,8.264
2018-05-22,DI1N21,9.11,9.224
2018-05-22,DI1H19,6.698,6.769
2018-05-22,DI1K19,6.937,7.023
2018-05-22,DI1Z18,6.53,6.551
2018-05-22,DI1J19,6.77,6.852
2018-05-22,DI1J23,10.065,10.136
2018-05-22,DI1J20,7.8,7.963
2018-05-22,DI1J21,8.89,9.024
2018-05-22,DI1U18,6.42,6.471
2018-05-22,DI1J22,9.637,9.738
2018-05-22,DI1M18,6.39,6.393
2018-05-22,DI1V20,8.4,8.574
2018-05-22,DI1F24,10.29,10.353
2018-05-22,DI1V21,9.32,9.429
2018-05-22,DI1F25,10.54,10.573
2018-05-22,DI1G19,6.64,6.702
2018-05-22,DI1F20,7.52,7.663
2018-05-22,DI1F30,11.098,11.12
2018-05-22,DI1F21,8.66,8.794
2018-05-22,DI1V22,9.908,9.993
2018-05-22,DI1F26,10.685,10.717
2018-05-22,DI1F27,10.84,10.872
2018-05-22,DI1V18,6.475,6.491
2018-05-22,DI1V19,7.27,7.383
2018-05-22,DI1Q18,6.425,6.431
2018-05-22,DI1F22,9.48,9.584
2018-05-22,DI1F23,10,10.073
2018-05-22,DI1F19,6.585,6.637
2018-05-22,DI1F29,11.06,11.082
2018-05-22,DI1N19,7,7.093
2018-05-22,DI1F28,10.965,10.992
2018-05-22,DI1N18,6.409,6.418
2018-05-23,DI1N24,10.416,10.429
2018-05-23,DI1X18,6.52,6.501
2018-05-23,DI1N22,9.77,9.768
2018-05-23,DI1N23,10.14,10.148
2018-05-23,DI1N20,7.99,8.093
2018-05-23,DI1N21,9.06,9.114
2018-05-23,DI1H19,6.703,6.7
2018-05-23,DI1K19,6.805,6.939
2018-05-23,DI1Z18,6.545,6.531
2018-05-23,DI1J19,6.77,6.772
2018-05-23,DI1J23,10.055,10.068
2018-05-23,DI1J20,7.71,7.803
2018-05-23,DI1J21,8.84,8.894
2018-05-23,DI1U18,6.45,6.42
2018-05-23,DI1J22,9.629,9.64
2018-05-23,DI1M18,6.39,6.39
2018-05-23,DI1V20,8.34,8.403
2018-05-23,DI1F24,10.28,10.293
2018-05-23,DI1V21,9.285,9.324
2018-05-23,DI1F25,10.53,10.543
2018-05-23,DI1G19,6.65,6.641
2018-05-23,DI1F20,7.44,7.523
2018-05-23,DI1F30,11.108,11.1
2018-05-23,DI1F21,8.58,8.663
2018-05-23,DI1V22,9.905,9.911
2018-05-23,DI1F26,10.68,10.687
2018-05-23,DI1F27,10.84,10.842
2018-05-23,DI1V18,6.48,6.476
2018-05-23,DI1V19,7.19,7.273
2018-05-23,DI1Q18,6.425,6.426
2018-05-23,DI1F22,9.46,9.483
2018-05-23,DI1F23,9.99,10.003
2018-05-23,DI1F19,6.595,6.586
2018-05-23,DI1F29,11.07,11.062
2018-05-23,DI1N19,6.95,7.002
2018-05-23,DI1F28,10.97,10.967
2018-05-23,DI1N18,6.412,6.41
2018-05-24,DI1N24,10.571,10.419
2018-05-24,DI1X18,6.55,6.521
2018-05-24,DI1N22,9.92,9.773
2018-05-24,DI1N23,10.285,10.143
2018-05-24,DI1N20,8.11,7.993
2018-05-24,DI1N21,9.19,9.063
2018-05-24,DI1H19,6.782,6.705
2018-05-24,DI1K19,6.898,6.807
2018-05-24,DI1Z18,6.605,6.546
2018-05-24,DI1J19,6.86,6.772
2018-05-24,DI1J23,10.197,10.058
2018-05-24,DI1J20,7.82,7.713
2018-05-24,DI1J21,8.98,8.843
2018-05-24,DI1U18,6.465,6.451
2018-05-24,DI1J22,9.784,9.632
2018-05-24,DI1M18,6.39,6.39
2018-05-24,DI1V20,8.46,8.343
2018-05-24,DI1F24,10.48,10.283
2018-05-24,DI1V21,9.43,9.288
2018-05-24,DI1F25,10.69,10.533
2018-05-24,DI1G19,6.72,6.651
2018-05-24,DI1F20,7.54,7.443
2018-05-24,DI1F30,11.298,11.11
2018-05-24,DI1F21,8.69,8.583
2018-05-24,DI1V22,10.05,9.908
2018-05-24,DI1F26,10.88,10.682
2018-05-24,DI1F27,11.03,10.842
2018-05-24,DI1V18,6.515,6.481
2018-05-24,DI1V19,7.29,7.192
2018-05-24,DI1Q18,6.44,6.426
2018-05-24,DI1F22,9.62,9.463
2018-05-24,DI1F23,10.13,9.993
2018-05-24,DI1F19,6.66,6.596
2018-05-24,DI1F29,11.26,11.072
2018-05-24,DI1N19,7.05,6.952
2018-05-24,DI1F28,11.16,10.972
2018-05-24,DI1N18,6.415,6.413
2018-05-25,DI1N24,10.756,10.574
2018-05-25,DI1X18,6.574,6.551
2018-05-25,DI1N22,10.05,9.923
2018-05-25,DI1N23,10.35,10.288
2018-05-25,DI1N20,8.16,8.113
2018-05-25,DI1N21,9.27,9.194
2018-05-25,DI1H19,6.811,6.784
2018-05-25,DI1K19,6.96,6.9
2018-05-25,DI1Z18,6.643,6.607
2018-05-25,DI1J19,6.91,6.862
2018-05-25,DI1J23,10.309,10.2
2018-05-25,DI1J20,7.87,7.823
2018-05-25,DI1J21,9.04,8.984
2018-05-25,DI1U18,6.49,6.466
2018-05-25,DI1J22,9.93,9.788
2018-05-25,DI1M18,6.42,6.39
2018-05-25,DI1V20,8.51,8.464
2018-05-25,DI1F24,10.64,10.483
2018-05-25,DI1V21,9.53,9.434
2018-05-25,DI1F25,10.9,10.693
2018-05-25,DI1G19,6.73,6.722
2018-05-25,DI1F20,7.59,7.543
2018-05-25,DI1F30,11.548,11.3
2018-05-25,DI1F21,8.76,8.694
2018-05-25,DI1V22,10.195,10.053
2018-05-25,DI1F26,11.1,10.882
2018-05-25,DI1F27,11.27,11.032
2018-05-25,DI1V18,6.525,6.516
2018-05-25,DI1V19,7.35,7.293
2018-05-25,DI1Q18,6.45,6.441
2018-05-25,DI1F22,9.72,9.624
2018-05-25,DI1F23,10.29,10.133
2018-05-25,DI1F19,6.675,6.662
2018-05-25,DI1F29,11.51,11.262
2018-05-25,DI1N19,7.11,7.052
2018-05-25,DI1F28,11.405,11.162
2018-05-25,DI1N18,6.412,6.416
2018-05-28,DI1N24,10.89,10.759
2018-05-28,DI1X18,6.624,6.576
2018-05-28,DI1N22,10.13,10.054
2018-05-28,DI1N23,10.59,10.353
2018-05-28,DI1N20,8.23,8.163
2018-05-28,DI1N21,9.34,9.274
2018-05-28,DI1H19,6.896,6.813
2018-05-28,DI1K19,7.095,6.962
2018-05-28,DI1Z18,6.708,6.645
2018-05-28,DI1J19,7,6.912
2018-05-28,DI1J23,10.49,10.312
2018-05-28,DI1J20,8,7.873
2018-05-28,DI1J21,9.11,9.044
2018-05-28,DI1U18,6.515,6.491
2018-05-28,DI1J22,9.99,9.934
2018-05-28,DI1M18,6.4,6.43
2018-05-28,DI1V20,8.57,8.514
2018-05-28,DI1F24,10.83,10.643
2018-05-28,DI1V21,9.63,9.534
2018-05-28,DI1F25,10.99,10.903
2018-05-28,DI1G19,6.81,6.732
2018-05-28,DI1F20,7.71,7.593
2018-05-28,DI1F30,11.598,11.55
2018-05-28,DI1F21,8.83,8.764
2018-05-28,DI1V22,10.28,10.199
2018-05-28,DI1F26,11.175,11.103
2018-05-28,DI1F27,11.33,11.272
2018-05-28,DI1V18,6.56,6.527
2018-05-28,DI1V19,7.43,7.353
2018-05-28,DI1Q18,6.467,6.451
2018-05-28,DI1F22,9.79,9.724
2018-05-28,DI1F23,10.38,10.293
2018-05-28,DI1F19,6.755,6.677
2018-05-28,DI1F29,11.56,11.512
2018-05-28,DI1N19,7.2,7.113
2018-05-28,DI1F28,11.46,11.407
2018-05-28,DI1N18,6.422,6.413
2018-05-29,DI1N24,11.136,10.893
2018-05-29,DI1X18,6.64,6.626
2018-05-29,DI1N22,10.34,10.134
2018-05-29,DI1N23,10.81,10.593
2018-05-29,DI1N20,8.32,8.234
2018-05-29,DI1N21,9.48,9.344
2018-05-29,DI1H19,6.935,6.899
2018-05-29,DI1K19,7.135,7.098
2018-05-29,DI1Z18,6.73,6.71
2018-05-29,DI1J19,7.03,7.003
2018-05-29,DI1J23,10.715,10.493
2018-05-29,DI1J20,8.05,8.003
2018-05-29,DI1J21,9.24,9.114
2018-05-29,DI1U18,6.525,6.517
2018-05-29,DI1J22,10.15,9.994
2018-05-29,DI1M18,6.39,6.405
2018-05-29,DI1V20,8.65,8.574
2018-05-29,DI1F24,11,10.833
2018-05-29,DI1V21,9.76,9.634
2018-05-29,DI1F25,11.25,10.993
2018-05-29,DI1G19,6.85,6.812
2018-05-29,DI1F20,7.77,7.713
2018-05-29,DI1F30,11.898,11.6
2018-05-29,DI1F21,8.95,8.834
2018-05-29,DI1V22,10.5,10.284
2018-05-29,DI1F26,11.45,11.178
2018-05-29,DI1F27,11.65,11.332
2018-05-29,DI1V18,6.57,6.562
2018-05-29,DI1V19,7.49,7.433
2018-05-29,DI1Q18,6.455,6.469
2018-05-29,DI1F22,9.96,9.794
2018-05-29,DI1F23,10.61,10.384
2018-05-29,DI1F19,6.775,6.757
2018-05-29,DI1F29,11.86,11.562
2018-05-29,DI1N19,7.26,7.203
2018-05-29,DI1F28,11.77,11.462
2018-05-29,DI1N18,6.429,6.423
2018-06-01,DI1N24,11.18,11.154
2018-06-01,DI1X18,6.63,6.663
2018-06-01,DI1N22,10.26,10.304
2018-06-01,DI1N23,10.793,10.794
2018-06-01,DI1N20,8.22,8.304
2018-06-01,DI1N21,9.36,9.434
2018-06-01,DI1H19,6.901,6.961
2018-06-01,DI1K19,7.095,7.165
2018-06-01,DI1Z18,6.705,6.753
2018-06-01,DI1J19,6.995,7.058
2018-06-01,DI1J23,10.686,10.694
2018-06-01,DI1J20,7.92,8.044
2018-06-01,DI1J21,9.11,9.189
2018-06-01,DI1U18,6.535,6.547
2018-06-01,DI1J22,10.055,10.114
2018-06-01,DI1M18,6.39,6.39
2018-06-01,DI1M19,7.155,7.226
2018-06-01,DI1V20,8.55,8.634
2018-06-01,DI1F24,11,10.993
2018-06-01,DI1V21,9.645,9.719
2018-06-01,DI1F25,11.3,11.293
2018-06-01,DI1G19,6.82,6.878
2018-06-01,DI1F20,7.67,7.773
2018-06-01,DI1F30,11.958,11.94
2018-06-01,DI1F21,8.81,8.894
2018-06-01,DI1V22,10.44,10.469
2018-06-01,DI1F26,11.495,11.483
2018-06-01,DI1F27,11.69,11.673
2018-06-01,DI1V18,6.56,6.592
2018-06-01,DI1V19,7.45,7.533
2018-06-01,DI1Q18,6.455,6.451
2018-06-01,DI1F22,9.85,9.924
2018-06-01,DI1F23,10.57,10.584
2018-06-01,DI1F19,6.745,6.798
2018-06-01,DI1F29,11.92,11.902
2018-06-01,DI1N19,7.21,7.293
2018-06-01,DI1F28,11.82,11.802
2018-06-01,DI1N18,6.428,6.431
2018-05-30,DI1N24,11.151,11.139
2018-05-30,DI1X18,6.66,6.642
2018-05-30,DI1N22,10.3,10.344
2018-05-30,DI1N23,10.79,10.814
2018-05-30,DI1N20,8.3,8.324
2018-05-30,DI1N21,9.43,9.484
2018-05-30,DI1H19,6.958,6.938
2018-05-30,DI1K19,7.162,7.138
2018-05-30,DI1Z18,6.75,6.733
2018-05-30,DI1J19,7.055,7.033
2018-05-30,DI1J23,10.69,10.719
2018-05-30,DI1J20,8.04,8.054
2018-05-30,DI1J21,9.185,9.244
2018-05-30,DI1U18,6.545,6.527
2018-05-30,DI1J22,10.11,10.154
2018-05-30,DI1M18,6.39,6.391
2018-05-30,DI1V20,8.63,8.654
2018-05-30,DI1F24,10.99,11.003
2018-05-30,DI1V21,9.715,9.764
2018-05-30,DI1F25,11.29,11.253
2018-05-30,DI1G19,6.875,6.853
2018-05-30,DI1F20,7.77,7.773
2018-05-30,DI1F30,11.938,11.9
2018-05-30,DI1F21,8.89,8.954
2018-05-30,DI1V22,10.465,10.504
2018-05-30,DI1F26,11.48,11.453
2018-05-30,DI1F27,11.67,11.652
2018-05-30,DI1V18,6.59,6.572
2018-05-30,DI1V19,7.53,7.493
2018-05-30,DI1Q18,6.45,6.456
2018-05-30,DI1F22,9.92,9.964
2018-05-30,DI1F23,10.58,10.614
2018-05-30,DI1F19,6.795,6.778
2018-05-30,DI1F29,11.9,11.862
2018-05-30,DI1N19,7.29,7.263
2018-05-30,DI1F28,11.8,11.772
2018-05-30,DI1N18,6.429,6.431
2018-06-04,DI1N24,11.2,11.183
2018-06-04,DI1X18,6.595,6.632
2018-06-04,DI1N22,10.24,10.264
2018-06-04,DI1N23,10.81,10.797
2018-06-04,DI1N20,8.17,8.224
2018-06-04,DI1N21,9.31,9.364
2018-06-04,DI1H19,6.873,6.904
2018-06-04,DI1K19,7.02,7.098
2018-06-04,DI1Z18,6.67,6.708
2018-06-04,DI1J19,6.94,6.998
2018-06-04,DI1J23,10.695,10.69
2018-06-04,DI1J20,7.89,7.923
2018-06-04,DI1J21,9.06,9.114
2018-06-04,DI1U18,6.502,6.537
2018-06-04,DI1J22,10.035,10.059
2018-06-04,DI1M19,7.083,7.158
2018-06-04,DI1V20,8.49,8.554
2018-06-04,DI1F24,11.03,11.003
2018-06-04,DI1V21,9.61,9.649
2018-06-04,DI1F25,11.35,11.303
2018-06-04,DI1G19,6.775,6.823
2018-06-04,DI1F20,7.62,7.673
2018-06-04,DI1F30,12.028,11.96
2018-06-04,DI1F21,8.76,8.814
2018-06-04,DI1V22,10.41,10.444
2018-06-04,DI1F26,11.555,11.498
2018-06-04,DI1F27,11.76,11.693
2018-06-04,DI1V18,6.525,6.562
2018-06-04,DI1V19,7.38,7.453
2018-06-04,DI1Q18,6.45,6.457
2018-06-04,DI1F22,9.83,9.854
2018-06-04,DI1F23,10.57,10.574
2018-06-04,DI1F19,6.71,6.747
2018-06-04,DI1F29,11.99,11.922
2018-06-04,DI1N19,7.14,7.213
2018-06-04,DI1F28,11.89,11.822
2018-06-04,DI1N18,6.428,6.43
2018-06-05,DI1N24,11.6,11.203
2018-06-05,DI1X18,6.735,6.597
2018-06-05,DI1N22,10.6,10.244
2018-06-05,DI1N23,11.196,10.814
2018-06-05,DI1N20,8.43,8.173
2018-06-05,DI1N21,9.63,9.314
2018-06-05,DI1H19,7.093,6.876
2018-06-05,DI1K19,7.265,7.023
2018-06-05,DI1Z18,6.836,6.672
2018-06-05,DI1J19,7.17,6.943
2018-06-05,DI1J23,11.078,10.699
2018-06-05,DI1J20,8.16,7.893
2018-06-05,DI1J21,9.36,9.064
2018-06-05,DI1U18,6.572,6.504
2018-06-05,DI1J22,10.38,10.039
2018-06-05,DI1M19,7.347,7.086
2018-06-05,DI1V20,8.76,8.494
2018-06-05,DI1F24,11.423,11.033
2018-06-05,DI1V21,9.935,9.614
2018-06-05,DI1F25,11.8,11.353
2018-06-05,DI1G19,6.975,6.777
2018-06-05,DI1F20,7.89,7.623
2018-06-05,DI1F30,12.578,12.03
2018-06-05,DI1F21,9.05,8.764
2018-06-05,DI1V22,10.78,10.414
2018-06-05,DI1F26,12.01,11.558
2018-06-05,DI1F27,12.27,11.763
2018-06-05,DI1V18,6.64,6.527
2018-06-05,DI1V19,7.65,7.383
2018-06-05,DI1Q18,6.48,6.451
2018-06-05,DI1F22,10.16,9.834
2018-06-05,DI1F23,10.95,10.574
2018-06-05,DI1F19,6.9,6.712
2018-06-05,DI1F29,12.54,11.992
2018-06-05,DI1N19,7.42,7.143
2018-06-05,DI1F28,12.42,11.892
2018-06-05,DI1N18,6.44,6.43
2018-06-06,DI1N24,11.79,11.604
2018-06-06,DI1X18,6.773,6.738
2018-06-06,DI1N22,10.77,10.604
2018-06-06,DI1N23,11.4,11.2
2018-06-06,DI1N20,8.62,8.434
2018-06-06,DI1N21,9.8,9.634
2018-06-06,DI1H19,7.194,7.097
2018-06-06,DI1K19,7.38,7.269
2018-06-06,DI1Z18,6.893,6.84
2018-06-06,DI1J19,7.285,7.174
2018-06-06,DI1J23,11.26,11.082
2018-06-06,DI1J20,8.34,8.164
2018-06-06,DI1J21,9.52,9.364
2018-06-06,DI1U18,6.585,6.575
2018-06-06,DI1J22,10.555,10.384
2018-06-06,DI1M19,7.46,7.351
2018-06-06,DI1V20,8.96,8.764
2018-06-06,DI1F24,11.62,11.427
2018-06-06,DI1V21,10.11,9.939
2018-06-06,DI1F25,11.97,11.803
2018-06-06,DI1G19,7.063,6.979
2018-06-06,DI1F20,8.06,7.894
2018-06-06,DI1F30,12.848,12.58
2018-06-06,DI1F21,9.23,9.054
2018-06-06,DI1V22,10.945,10.784
2018-06-06,DI1F26,12.21,12.013
2018-06-06,DI1F27,12.5,12.273
2018-06-06,DI1V18,6.66,6.643
2018-06-06,DI1V19,7.81,7.654
2018-06-06,DI1Q18,6.5,6.482
2018-06-06,DI1F22,10.34,10.164
2018-06-06,DI1F23,11.11,10.954
2018-06-06,DI1F19,6.975,6.904
2018-06-06,DI1F29,12.81,12.542
2018-06-06,DI1N19,7.54,7.424
2018-06-06,DI1F28,12.67,12.423
2018-06-06,DI1N18,6.458,6.443
2018-06-07,DI1N24,11.86,11.794
2018-06-07,DI1X18,7.246,6.777
2018-06-07,DI1N22,11.09,10.774
2018-06-07,DI1N23,11.565,11.404
2018-06-07,DI1N20,9.31,8.624
2018-06-07,DI1N21,10.27,9.804
2018-06-07,DI1H19,7.887,7.198
2018-06-07,DI1K19,8.161,7.384
2018-06-07,DI1Z18,7.43,6.897
2018-06-07,DI1J19,8.04,7.289
2018-06-07,DI1J23,11.448,11.264
2018-06-07,DI1J20,9.06,8.344
2018-06-07,DI1J21,10.036,9.524
2018-06-07,DI1U18,6.89,6.588
2018-06-07,DI1J22,10.895,10.559
2018-06-07,DI1M19,8.267,7.464
2018-06-07,DI1V20,9.61,8.964
2018-06-07,DI1F24,11.74,11.624
2018-06-07,DI1V21,10.526,10.115
2018-06-07,DI1F25,12.06,11.973
2018-06-07,DI1G19,7.7,7.067
2018-06-07,DI1F20,8.84,8.064
2018-06-07,DI1F30,12.848,12.85
2018-06-07,DI1F21,9.79,9.234
2018-06-07,DI1V22,11.209,10.949
2018-06-07,DI1F26,12.27,12.213
2018-06-07,DI1F27,12.53,12.503
2018-06-07,DI1V18,7.065,6.663
2018-06-07,DI1V19,8.67,7.814
2018-06-07,DI1Q18,6.735,6.503
2018-06-07,DI1F22,10.7,10.344
2018-06-07,DI1F23,11.32,11.114
2018-06-07,DI1F19,7.585,6.979
2018-06-07,DI1F29,12.81,12.812
2018-06-07,DI1N19,8.37,7.544
2018-06-07,DI1F28,12.685,12.673
2018-06-07,DI1N18,6.63,6.462
2018-06-08,DI1N24,11.588,11.864
2018-06-08,DI1X18,7.054,7.254
2018-06-08,DI1N22,10.77,11.095
2018-06-08,DI1N23,11.307,11.569
2018-06-08,DI1N20,9.19,9.316
2018-06-08,DI1N21,9.97,10.275
2018-06-08,DI1H19,7.64,7.895
2018-06-08,DI1K19,7.908,8.169
2018-06-08,DI1Z18,7.211,7.439
2018-06-08,DI1J19,7.775,8.048
2018-06-08,DI1J23,11.194,11.452
2018-06-08,DI1J20,8.96,9.066
2018-06-08,DI1J21,9.77,10.041
2018-06-08,DI1U18,6.79,6.898
2018-06-08,DI1J22,10.58,10.9
2018-06-08,DI1M19,8.026,8.275
2018-06-08,DI1V20,9.43,9.616
2018-06-08,DI1F24,11.475,11.744
2018-06-08,DI1V21,10.221,10.531
2018-06-08,DI1F25,11.78,12.064
2018-06-08,DI1G19,7.47,7.708
2018-06-08,DI1F20,8.71,8.846
2018-06-08,DI1F30,12.378,12.85
2018-06-08,DI1F21,9.58,9.795
2018-06-08,DI1V22,10.925,11.214
2018-06-08,DI1F26,11.97,12.273
2018-06-08,DI1F27,12.14,12.533
2018-06-08,DI1V18,6.9,7.073
2018-06-08,DI1V19,8.48,8.677
2018-06-08,DI1Q18,6.61,6.744
2018-06-08,DI1F22,10.39,10.705
2018-06-08,DI1F23,11.07,11.324
2018-06-08,DI1F19,7.34,7.593
2018-06-08,DI1F29,12.34,12.812
2018-06-08,DI1N19,8.14,8.378
2018-06-08,DI1F28,12.255,12.688
2018-06-08,DI1N18,6.515,6.645
2018-06-11,DI1N24,11.61,11.592
2018-06-11,DI1X18,6.954,7.061
2018-06-11,DI1N22,10.84,10.774
2018-06-11,DI1N23,11.349,11.311
2018-06-11,DI1N20,9.21,9.195
2018-06-11,DI1N21,10.1,9.975
2018-06-11,DI1H19,7.52,7.647
2018-06-11,DI1K19,7.83,7.915
2018-06-11,DI1Z18,7.085,7.218
2018-06-11,DI1J19,7.66,7.782
2018-06-11,DI1J23,11.25,11.198
2018-06-11,DI1J20,8.93,8.966
2018-06-11,DI1J21,9.874,9.775
2018-06-11,DI1U18,6.73,6.797
2018-06-11,DI1J22,10.67,10.584
2018-06-11,DI1M19,7.915,8.033
2018-06-11,DI1V20,9.46,9.435
2018-06-11,DI1F24,11.49,11.479
2018-06-11,DI1V21,10.341,10.226
2018-06-11,DI1F25,11.78,11.783
2018-06-11,DI1G19,7.325,7.477
2018-06-11,DI1F20,8.65,8.716
2018-06-11,DI1F30,12.398,12.38
2018-06-11,DI1F21,9.66,9.585
2018-06-11,DI1V22,10.995,10.929
2018-06-11,DI1F26,11.98,11.973
2018-06-11,DI1F27,12.16,12.143
2018-06-11,DI1V18,6.825,6.906
2018-06-11,DI1V19,8.36,8.486
2018-06-11,DI1Q18,6.58,6.616
2018-06-11,DI1F22,10.5,10.395
2018-06-11,DI1F23,11.14,11.074
2018-06-11,DI1F19,7.19,7.347
2018-06-11,DI1F29,12.36,12.342
2018-06-11,DI1N19,8.03,8.147
2018-06-11,DI1F28,12.275,12.258
2018-06-11,DI1N18,6.494,6.523
2018-06-12,DI1N24,11.7,11.614
2018-06-12,DI1X18,6.94,6.96
2018-06-12,DI1N22,10.93,10.844
2018-06-12,DI1N23,11.404,11.353
2018-06-12,DI1N20,9.25,9.216
2018-06-12,DI1N21,10.19,10.105
2018-06-12,DI1H19,7.459,7.526
2018-06-12,DI1K19,7.807,7.837
2018-06-12,DI1Z18,7.025,7.091
2018-06-12,DI1J19,7.625,7.666
2018-06-12,DI1J23,11.302,11.254
2018-06-12,DI1J20,8.96,8.936
2018-06-12,DI1J21,9.97,9.879
2018-06-12,DI1U18,6.691,6.736
2018-06-12,DI1J22,10.77,10.675
2018-06-12,DI1M19,7.904,7.921
2018-06-12,DI1V20,9.52,9.465
2018-06-12,DI1F24,11.55,11.494
2018-06-12,DI1V21,10.441,10.346
2018-06-12,DI1F25,11.8,11.783
2018-06-12,DI1G19,7.24,7.331
2018-06-12,DI1F20,8.67,8.656
2018-06-12,DI1F30,12.358,12.4
2018-06-12,DI1F21,9.75,9.665
2018-06-12,DI1V22,11.065,10.999
2018-06-12,DI1F26,11.98,11.983
2018-06-12,DI1F27,12.14,12.163
2018-06-12,DI1V18,6.78,6.831
2018-06-12,DI1V19,8.38,8.366
2018-06-12,DI1Q18,6.57,6.585
2018-06-12,DI1F22,10.61,10.505
2018-06-12,DI1F23,11.19,11.144
2018-06-12,DI1F19,7.15,7.196
2018-06-12,DI1F29,12.32,12.362
2018-06-12,DI1N19,8.03,8.036
2018-06-12,DI1F28,12.245,12.278
2018-06-12,DI1N18,6.485,6.501
2018-06-13,DI1N24,11.86,11.704
2018-06-13,DI1X18,7.007,6.946
2018-06-13,DI1N22,11.08,10.935
2018-06-13,DI1N23,11.564,11.408
2018-06-13,DI1N20,9.45,9.256
2018-06-13,DI1N21,10.39,10.195
2018-06-13,DI1H19,7.58,7.465
2018-06-13,DI1K19,7.937,7.813
2018-06-13,DI1Z18,7.099,7.03
2018-06-13,DI1J19,7.74,7.631
2018-06-13,DI1J23,11.462,11.306
2018-06-13,DI1J20,9.17,8.966
2018-06-13,DI1J21,10.165,9.975
2018-06-13,DI1U18,6.75,6.696
2018-06-13,DI1J22,10.93,10.775
2018-06-13,DI1M19,8.05,7.91
2018-06-13,DI1V20,9.73,9.525
2018-06-13,DI1F24,11.71,11.554
2018-06-13,DI1V21,10.626,10.446
2018-06-13,DI1F25,11.96,11.803
2018-06-13,DI1G19,7.385,7.245
2018-06-13,DI1F20,8.88,8.676
2018-06-13,DI1F30,12.498,12.36
2018-06-13,DI1F21,9.94,9.755
2018-06-13,DI1V22,11.22,11.069
2018-06-13,DI1F26,12.135,11.983
2018-06-13,DI1F27,12.29,12.143
2018-06-13,DI1V18,6.84,6.785
2018-06-13,DI1V19,8.58,8.386
2018-06-13,DI1Q18,6.59,6.575
2018-06-13,DI1F22,10.78,10.615
2018-06-13,DI1F23,11.35,11.194
2018-06-13,DI1F19,7.23,7.155
2018-06-13,DI1F29,12.46,12.322
2018-06-13,DI1N19,8.19,8.036
2018-06-13,DI1F28,12.39,12.248
2018-06-13,DI1N18,6.502,6.492
2018-06-15,DI1N24,11.875,12.174
2018-06-15,DI1X18,7.06,7.281
2018-06-15,DI1N22,11.134,11.485
2018-06-15,DI1N23,11.569,11.878
2018-06-15,DI1N20,9.56,9.907
2018-06-15,DI1N21,10.39,10.786
2018-06-15,DI1H19,7.658,7.959
2018-06-15,DI1K19,7.99,8.343
2018-06-15,DI1Z18,7.195,7.409
2018-06-15,DI1J19,7.82,8.124
2018-06-15,DI1J23,11.464,11.777
2018-06-15,DI1J20,9.32,9.657
2018-06-15,DI1J21,10.19,10.596
2018-06-15,DI1U18,6.74,6.955
2018-06-15,DI1J22,10.967,11.335
2018-06-15,DI1M19,8.128,8.479
2018-06-15,DI1V20,9.81,10.167
2018-06-15,DI1F24,11.72,12.024
2018-06-15,DI1V21,10.615,11.006
2018-06-15,DI1F25,11.98,12.274
2018-06-15,DI1G19,7.46,7.759
2018-06-15,DI1F20,9.04,9.378
2018-06-15,DI1F30,12.618,12.9
2018-06-15,DI1F21,9.98,10.356
2018-06-15,DI1V22,11.202,11.535
2018-06-15,DI1F26,12.175,12.478
2018-06-15,DI1F27,12.35,12.663
2018-06-15,DI1V18,6.84,7.079
2018-06-15,DI1V19,8.69,9.018
2018-06-15,DI1Q18,6.56,6.762
2018-06-15,DI1F22,10.8,11.185
2018-06-15,DI1F23,11.35,11.665
2018-06-15,DI1F19,7.3,7.609
2018-06-15,DI1F29,12.58,12.863
2018-06-15,DI1N19,8.29,8.639
2018-06-15,DI1F28,12.48,12.778
2018-06-15,DI1N18,6.48,6.674
2018-06-14,DI1N24,12.17,11.864
2018-06-14,DI1X18,7.272,7.013
2018-06-14,DI1N22,11.48,11.085
2018-06-14,DI1N23,11.874,11.568
2018-06-14,DI1N20,9.9,9.456
2018-06-14,DI1N21,10.78,10.395
2018-06-14,DI1H19,7.95,7.587
2018-06-14,DI1K19,8.334,7.944
2018-06-14,DI1Z18,7.4,7.105
2018-06-14,DI1J19,8.115,7.747
2018-06-14,DI1J23,11.772,11.466
2018-06-14,DI1J20,9.65,9.176
2018-06-14,DI1J21,10.59,10.17
2018-06-14,DI1U18,6.945,6.756
2018-06-14,DI1J22,11.33,10.935
2018-06-14,DI1M19,8.47,8.057
2018-06-14,DI1V20,10.16,9.736
2018-06-14,DI1F24,12.02,11.714
2018-06-14,DI1V21,11,10.631
2018-06-14,DI1F25,12.27,11.963
2018-06-14,DI1G19,7.75,7.391
2018-06-14,DI1F20,9.37,8.886
2018-06-14,DI1F30,12.898,12.5
2018-06-14,DI1F21,10.35,9.946
2018-06-14,DI1V22,11.53,11.225
2018-06-14,DI1F26,12.475,12.138
2018-06-14,DI1F27,12.66,12.293
2018-06-14,DI1V18,7.07,6.846
2018-06-14,DI1V19,9.01,8.587
2018-06-14,DI1Q18,6.751,6.596
2018-06-14,DI1F22,11.18,10.785
2018-06-14,DI1F23,11.66,11.354
2018-06-14,DI1F19,7.6,7.236
2018-06-14,DI1F29,12.86,12.462
2018-06-14,DI1N19,8.63,8.197
2018-06-14,DI1F28,12.775,12.393
2018-06-14,DI1N18,6.65,6.511
2018-06-19,DI1N24,11.618,11.909
2018-06-19,DI1X18,6.82,6.89
2018-06-19,DI1N22,10.76,10.995
2018-06-19,DI1N23,11.26,11.563
2018-06-19,DI1N20,9.1,9.336
2018-06-19,DI1N21,10.01,10.225
2018-06-19,DI1H19,7.335,7.512
2018-06-19,DI1K19,7.638,7.855
2018-06-19,DI1Z18,6.934,7.036
2018-06-19,DI1J19,7.46,7.662
2018-06-19,DI1J23,11.163,11.448
2018-06-19,DI1J20,8.86,9.096
2018-06-19,DI1J21,9.79,10.005
2018-06-19,DI1U18,6.585,6.624
2018-06-19,DI1J22,10.64,10.835
2018-06-19,DI1M19,7.784,8.017
2018-06-19,DI1V20,9.37,9.606
2018-06-19,DI1F24,11.445,11.734
2018-06-19,DI1V21,10.25,10.445
2018-06-19,DI1F25,11.74,12.034
2018-06-19,DI1G19,7.171,7.326
2018-06-19,DI1F20,8.56,8.806
2018-06-19,DI1F30,12.388,12.63
2018-06-19,DI1F21,9.58,9.795
2018-06-19,DI1V22,10.875,11.134
2018-06-19,DI1F26,11.945,12.223
2018-06-19,DI1F27,12.13,12.393
2018-06-19,DI1V18,6.655,6.694
2018-06-19,DI1V19,8.26,8.557
2018-06-19,DI1Q18,6.451,6.493
2018-06-19,DI1F22,10.43,10.655
2018-06-19,DI1F23,11.04,11.324
2018-06-19,DI1F19,7.03,7.161
2018-06-19,DI1F29,12.35,12.592
2018-06-19,DI1N19,7.9,8.147
2018-06-19,DI1F28,12.255,12.508
2018-06-19,DI1N18,6.442,6.468
2018-06-18,DI1N24,11.905,11.879
2018-06-18,DI1X18,6.885,7.067
2018-06-18,DI1N22,10.99,11.139
2018-06-18,DI1N23,11.559,11.573
2018-06-18,DI1N20,9.33,9.566
2018-06-18,DI1N21,10.22,10.395
2018-06-18,DI1H19,7.506,7.665
2018-06-18,DI1K19,7.848,7.997
2018-06-18,DI1Z18,7.03,7.202
2018-06-18,DI1J19,7.655,7.827
2018-06-18,DI1J23,11.444,11.468
2018-06-18,DI1J20,9.09,9.327
2018-06-18,DI1J21,10,10.196
2018-06-18,DI1U18,6.62,6.746
2018-06-18,DI1J22,10.83,10.972
2018-06-18,DI1M19,8.01,8.135
2018-06-18,DI1V20,9.6,9.816
2018-06-18,DI1F24,11.73,11.724
2018-06-18,DI1V21,10.44,10.62
2018-06-18,DI1F25,12.03,11.983
2018-06-18,DI1G19,7.32,7.467
2018-06-18,DI1F20,8.8,9.047
2018-06-18,DI1F30,12.628,12.62
2018-06-18,DI1F21,9.79,9.986
2018-06-18,DI1V22,11.13,11.207
2018-06-18,DI1F26,12.22,12.178
2018-06-18,DI1F27,12.39,12.353
2018-06-18,DI1V18,6.69,6.846
2018-06-18,DI1V19,8.55,8.697
2018-06-18,DI1Q18,6.49,6.565
2018-06-18,DI1F22,10.65,10.805
2018-06-18,DI1F23,11.32,11.354
2018-06-18,DI1F19,7.155,7.307
2018-06-18,DI1F29,12.59,12.582
2018-06-18,DI1N19,8.14,8.297
2018-06-18,DI1F28,12.505,12.483
2018-06-18,DI1N18,6.46,6.489
2018-06-20,DI1N24,11.641,11.622
2018-06-20,DI1X18,6.78,6.825
2018-06-20,DI1N22,10.83,10.764
2018-06-20,DI1N23,11.288,11.264
2018-06-20,DI1N20,9.19,9.105
2018-06-20,DI1N21,10.1,10.015
2018-06-20,DI1H19,7.366,7.34
2018-06-20,DI1K19,7.688,7.644
2018-06-20,DI1Z18,6.92,6.939
2018-06-20,DI1J19,7.505,7.466
2018-06-20,DI1J23,11.192,11.167
2018-06-20,DI1J20,8.93,8.866
2018-06-20,DI1J21,9.89,9.795
2018-06-20,DI1U18,6.575,6.589
2018-06-20,DI1J22,10.67,10.645
2018-06-20,DI1M19,7.839,7.79
2018-06-20,DI1V20,9.46,9.375
2018-06-20,DI1F24,11.47,11.449
2018-06-20,DI1V21,10.33,10.255
2018-06-20,DI1F25,11.76,11.743
2018-06-20,DI1G19,7.19,7.176
2018-06-20,DI1F20,8.65,8.566
2018-06-20,DI1F30,12.388,12.39
2018-06-20,DI1F21,9.67,9.585
2018-06-20,DI1V22,10.95,10.879
2018-06-20,DI1F26,11.96,11.948
2018-06-20,DI1F27,12.14,12.133
2018-06-20,DI1V18,6.635,6.659
2018-06-20,DI1V19,8.35,8.266
2018-06-20,DI1Q18,6.449,6.453
2018-06-20,DI1F22,10.51,10.435
2018-06-20,DI1F23,11.07,11.044
2018-06-20,DI1F19,7.04,7.035
2018-06-20,DI1F29,12.35,12.352
2018-06-20,DI1N19,7.96,7.906
2018-06-20,DI1F28,12.26,12.258
2018-06-20,DI1N18,6.44,6.449
2018-06-21,DI1N24,11.763,11.645
2018-06-21,DI1X18,6.77,6.784
2018-06-21,DI1N22,10.93,10.834
2018-06-21,DI1N23,11.396,11.292
2018-06-21,DI1N20,9.22,9.196
2018-06-21,DI1N21,10.2,10.105
2018-06-21,DI1H19,7.379,7.372
2018-06-21,DI1K19,7.701,7.694
2018-06-21,DI1Z18,6.945,6.925
2018-06-21,DI1J19,7.525,7.511
2018-06-21,DI1J23,11.296,11.196
2018-06-21,DI1J20,8.95,8.936
2018-06-21,DI1J21,9.98,9.895
2018-06-21,DI1U18,6.54,6.579
2018-06-21,DI1J22,10.76,10.675
2018-06-21,DI1M19,7.845,7.845
2018-06-21,DI1V20,9.52,9.465
2018-06-21,DI1F24,11.585,11.474
2018-06-21,DI1V21,10.43,10.335
2018-06-21,DI1F25,11.89,11.763
2018-06-21,DI1G19,7.197,7.195
2018-06-21,DI1F20,8.67,8.656
2018-06-21,DI1F30,12.538,12.39
2018-06-21,DI1F21,9.74,9.675
2018-06-21,DI1V22,11.03,10.954
2018-06-21,DI1F26,12.105,11.963
2018-06-21,DI1F27,12.3,12.143
2018-06-21,DI1V18,6.6,6.638
2018-06-21,DI1V19,8.34,8.356
2018-06-21,DI1Q18,6.415,6.451
2018-06-21,DI1F22,10.6,10.515
2018-06-21,DI1F23,11.17,11.074
2018-06-21,DI1F19,7.04,7.045
2018-06-21,DI1F29,12.5,12.352
2018-06-21,DI1N19,7.96,7.966
2018-06-21,DI1F28,12.415,12.263
2018-06-21,DI1N18,6.39,6.447
2018-06-22,DI1N24,11.797,11.767
2018-06-22,DI1X18,6.73,6.774
2018-06-22,DI1N22,10.93,10.935
2018-06-22,DI1N23,11.42,11.4
2018-06-22,DI1N20,9.2,9.226
2018-06-22,DI1N21,10.19,10.205
2018-06-22,DI1H19,7.377,7.385
2018-06-22,DI1K19,7.704,7.707
2018-06-22,DI1Z18,6.923,6.95
2018-06-22,DI1J19,7.525,7.531
2018-06-22,DI1J23,11.323,11.3
2018-06-22,DI1J20,8.95,8.956
2018-06-22,DI1J21,9.95,9.985
2018-06-22,DI1U18,6.51,6.543
2018-06-22,DI1J22,10.76,10.765
2018-06-22,DI1M19,7.852,7.851
2018-06-22,DI1V20,9.49,9.526
2018-06-22,DI1F24,11.614,11.589
2018-06-22,DI1V21,10.43,10.435
2018-06-22,DI1F25,11.93,11.893
2018-06-22,DI1G19,7.194,7.202
2018-06-22,DI1F20,8.66,8.676
2018-06-22,DI1F30,12.568,12.54
2018-06-22,DI1F21,9.72,9.745
2018-06-22,DI1V22,11.04,11.034
2018-06-22,DI1F26,12.135,12.108
2018-06-22,DI1F27,12.32,12.303
2018-06-22,DI1V18,6.575,6.603
2018-06-22,DI1V19,8.37,8.346
2018-06-22,DI1Q18,6.415,6.416
2018-06-22,DI1F22,10.6,10.605
2018-06-22,DI1F23,11.2,11.174
2018-06-22,DI1F19,7.035,7.045
2018-06-22,DI1F29,12.53,12.502
2018-06-22,DI1N19,7.97,7.966
2018-06-22,DI1F28,12.44,12.418
2018-06-22,DI1N18,6.392,6.39
2018-06-25,DI1N24,11.694,11.801
2018-06-25,DI1X18,6.69,6.734
2018-06-25,DI1N22,10.75,10.935
2018-06-25,DI1N23,11.312,11.424
2018-06-25,DI1N20,9.06,9.206
2018-06-25,DI1N21,10,10.195
2018-06-25,DI1H19,7.327,7.383
2018-06-25,DI1K19,7.628,7.71
2018-06-25,DI1Z18,6.85,6.928
2018-06-25,DI1J19,7.47,7.531
2018-06-25,DI1J23,11.214,11.327
2018-06-25,DI1J20,8.81,8.956
2018-06-25,DI1J21,9.77,9.955
2018-06-25,DI1U18,6.485,6.512
2018-06-25,DI1J22,10.585,10.765
2018-06-25,DI1M19,7.758,7.858
2018-06-25,DI1V20,9.33,9.496
2018-06-25,DI1F24,11.509,11.618
2018-06-25,DI1V21,10.25,10.435
2018-06-25,DI1F25,11.83,11.933
2018-06-25,DI1G19,7.149,7.199
2018-06-25,DI1F20,8.54,8.666
2018-06-25,DI1F30,12.488,12.57
2018-06-25,DI1F21,9.54,9.725
2018-06-25,DI1V22,10.88,11.044
2018-06-25,DI1F26,12.04,12.138
2018-06-25,DI1F27,12.23,12.323
2018-06-25,DI1V18,6.555,6.578
2018-06-25,DI1V19,8.23,8.376
2018-06-25,DI1Q18,6.415,6.416
2018-06-25,DI1F22,10.43,10.605
2018-06-25,DI1F23,11.09,11.204
2018-06-25,DI1F19,6.995,7.04
2018-06-25,DI1F29,12.45,12.532
2018-06-25,DI1N19,7.86,7.976
2018-06-25,DI1F28,12.355,12.443
2018-06-25,DI1N18,6.398,6.393
2018-06-26,DI1N24,11.536,11.698
2018-06-26,DI1X18,6.66,6.693
2018-06-26,DI1N22,10.63,10.754
2018-06-26,DI1N23,11.15,11.316
2018-06-26,DI1N20,8.91,9.065
2018-06-26,DI1N21,9.85,10.005
2018-06-26,DI1H19,7.235,7.332
2018-06-26,DI1K19,7.49,7.634
2018-06-26,DI1Z18,6.8,6.854
2018-06-26,DI1J19,7.36,7.476
2018-06-26,DI1J23,11.038,11.218
2018-06-26,DI1J20,8.67,8.816
2018-06-26,DI1J21,9.62,9.775
2018-06-26,DI1U18,6.485,6.487
2018-06-26,DI1J22,10.455,10.59
2018-06-26,DI1M19,7.64,7.764
2018-06-26,DI1V20,9.17,9.335
2018-06-26,DI1F24,11.344,11.513
2018-06-26,DI1V21,10.1,10.255
2018-06-26,DI1F25,11.68,11.833
2018-06-26,DI1G19,7.065,7.154
2018-06-26,DI1F20,8.41,8.546
2018-06-26,DI1F30,12.398,12.49
2018-06-26,DI1F21,9.39,9.545
2018-06-26,DI1V22,10.73,10.884
2018-06-26,DI1F26,11.91,12.043
2018-06-26,DI1F27,12.12,12.233
2018-06-26,DI1V18,6.54,6.557
2018-06-26,DI1V19,8.11,8.236
2018-06-26,DI1Q18,6.41,6.416
2018-06-26,DI1F22,10.29,10.435
2018-06-26,DI1F23,10.91,11.094
2018-06-26,DI1F19,6.925,7
2018-06-26,DI1F29,12.36,12.452
2018-06-26,DI1N19,7.76,7.866
2018-06-26,DI1F28,12.255,12.358
2018-06-26,DI1N18,6.39,6.4
2018-06-27,DI1N24,11.639,11.539
2018-06-27,DI1X18,6.695,6.663
2018-06-27,DI1N22,10.74,10.634
2018-06-27,DI1N23,11.26,11.154
2018-06-27,DI1N20,9.05,8.915
2018-06-27,DI1N21,10,9.855
2018-06-27,DI1H19,7.285,7.24
2018-06-27,DI1K19,7.585,7.495
2018-06-27,DI1Z18,6.84,6.804
2018-06-27,DI1J19,7.425,7.365
2018-06-27,DI1J23,11.147,11.042
2018-06-27,DI1J20,8.78,8.675
2018-06-27,DI1J21,9.76,9.625
2018-06-27,DI1U18,6.515,6.487
2018-06-27,DI1J22,10.565,10.459
2018-06-27,DI1M19,7.727,7.645
2018-06-27,DI1V20,9.33,9.175
2018-06-27,DI1F24,11.449,11.348
2018-06-27,DI1V21,10.25,10.105
2018-06-27,DI1F25,11.78,11.683
2018-06-27,DI1G19,7.15,7.069
2018-06-27,DI1F20,8.55,8.415
2018-06-27,DI1F30,12.448,12.4
2018-06-27,DI1F21,9.55,9.395
2018-06-27,DI1V22,10.84,10.734
2018-06-27,DI1F26,12,11.913
2018-06-27,DI1F27,12.2,12.123
2018-06-27,DI1V18,6.57,6.542
2018-06-27,DI1V19,8.22,8.115
2018-06-27,DI1Q18,6.415,6.411
2018-06-27,DI1F22,10.4,10.294
2018-06-27,DI1F23,11.02,10.914
2018-06-27,DI1F19,6.97,6.929
2018-06-27,DI1F29,12.41,12.362
2018-06-27,DI1N19,7.84,7.765
2018-06-27,DI1F28,12.32,12.258
2018-06-27,DI1N18,6.389,6.39
2018-06-28,DI1N24,11.509,11.643
2018-06-28,DI1X18,6.605,6.698
2018-06-28,DI1N22,10.55,10.744
2018-06-28,DI1N23,11.1,11.264
2018-06-28,DI1N20,8.83,9.055
2018-06-28,DI1N21,9.82,10.005
2018-06-28,DI1H19,7.111,7.29
2018-06-28,DI1K19,7.395,7.591
2018-06-28,DI1Z18,6.725,6.844
2018-06-28,DI1J19,7.24,7.431
2018-06-28,DI1J23,11.017,11.151
2018-06-28,DI1J20,8.59,8.785
2018-06-28,DI1J21,9.55,9.765
2018-06-28,DI1U18,6.472,6.518
2018-06-28,DI1J22,10.37,10.57
2018-06-28,DI1M19,7.532,7.733
2018-06-28,DI1V20,9.09,9.335
2018-06-28,DI1F24,11.319,11.453
2018-06-28,DI1V21,10.03,10.255
2018-06-28,DI1F25,11.65,11.783
2018-06-28,DI1G19,6.985,7.155
2018-06-28,DI1F20,8.33,8.556
2018-06-28,DI1F30,12.368,12.45
2018-06-28,DI1F21,9.35,9.555
2018-06-28,DI1V22,10.66,10.844
2018-06-28,DI1F26,11.89,12.003
2018-06-28,DI1F27,12.11,12.203
2018-06-28,DI1V18,6.505,6.573
2018-06-28,DI1V19,8.02,8.226
2018-06-28,DI1Q18,6.415,6.416
2018-06-28,DI1F22,10.24,10.405
2018-06-28,DI1F23,10.89,11.024
2018-06-28,DI1F19,6.825,6.975
2018-06-28,DI1F29,12.33,12.412
2018-06-28,DI1N19,7.64,7.846
2018-06-28,DI1F28,12.235,12.323
2018-06-28,DI1N18,6.388,6.389
2018-06-29,DI1N24,11.389,11.512
2018-06-29,DI1X18,6.585,6.607
2018-06-29,DI1N22,10.53,10.554
2018-06-29,DI1N23,11,11.104
2018-06-29,DI1N20,8.82,8.835
2018-06-29,DI1N21,9.77,9.825
2018-06-29,DI1H19,7.072,7.115
2018-06-29,DI1K19,7.375,7.4
2018-06-29,DI1Z18,6.705,6.728
2018-06-29,DI1J19,7.23,7.245
2018-06-29,DI1J23,10.922,11.021
2018-06-29,DI1J20,8.58,8.595
2018-06-29,DI1J21,9.52,9.555
2018-06-29,DI1U18,6.528,6.474
2018-06-29,DI1J22,10.35,10.374
2018-06-29,DI1M19,7.501,7.537
2018-06-29,DI1V20,9.1,9.095
2018-06-29,DI1F24,11.209,11.323
2018-06-29,DI1V21,10,10.035
2018-06-29,DI1F25,11.52,11.653
2018-06-29,DI1G19,6.92,6.989
2018-06-29,DI1F20,8.32,8.335
2018-06-29,DI1F30,12.148,12.37
2018-06-29,DI1F21,9.31,9.355
2018-06-29,DI1V22,10.675,10.664
2018-06-29,DI1F26,11.725,11.893
2018-06-29,DI1F27,11.91,12.113
2018-06-29,DI1V18,6.505,6.507
2018-06-29,DI1V19,7.99,8.025
2018-06-29,DI1Q18,6.405,6.416
2018-06-29,DI1F22,10.18,10.244
2018-06-29,DI1F23,10.8,10.894
2018-06-29,DI1F19,6.83,6.828
2018-06-29,DI1F29,12.11,12.332
2018-06-29,DI1N19,7.6,7.645
2018-06-29,DI1F28,12.025,12.238
2018-06-29,DI1N18,6.39,6.385
2018-07-03,DI1N24,11.28,11.24
2018-07-03,DI1X18,6.61,6.592
2018-07-03,DI1N22,10.43,10.424
2018-07-03,DI1N23,10.91,10.866
2018-07-03,DI1N20,8.85,8.785
2018-07-03,DI1N21,9.74,9.674
2018-07-03,DI1H19,7.085,7.026
2018-07-03,DI1K19,7.409,7.334
2018-07-03,DI1Z18,6.725,6.693
2018-07-03,DI1J19,7.245,7.179
2018-07-03,DI1J23,10.837,10.792
2018-07-03,DI1J20,8.61,8.545
2018-07-03,DI1J21,9.545,9.48
2018-07-03,DI1U18,6.476,6.463
2018-07-03,DI1J22,10.295,10.274
2018-07-03,DI1M19,7.55,7.469
2018-07-03,DI1V20,9.12,9.055
2018-07-03,DI1F24,11.109,11.067
2018-07-03,DI1V21,9.955,9.904
2018-07-03,DI1F25,11.4,11.363
2018-07-03,DI1G19,6.932,6.878
2018-07-03,DI1F20,8.34,8.285
2018-07-03,DI1F30,11.968,11.92
2018-07-03,DI1F21,9.32,9.255
2018-07-03,DI1V22,10.58,10.554
2018-07-03,DI1F26,11.59,11.543
2018-07-03,DI1F27,11.76,11.703
2018-07-03,DI1V18,6.515,6.503
2018-07-03,DI1V19,8.03,7.935
2018-07-03,DI1Q18,6.405,6.416
2018-07-03,DI1F22,10.12,10.084
2018-07-03,DI1F23,10.72,10.674
2018-07-03,DI1F19,6.835,6.788
2018-07-03,DI1F29,11.93,11.882
2018-07-03,DI1N19,7.67,7.575
2018-07-03,DI1F28,11.86,11.807
2018-07-02,DI1N24,11.237,11.392
2018-07-02,DI1X18,6.59,6.587
2018-07-02,DI1N22,10.42,10.534
2018-07-02,DI1N23,10.862,11.004
2018-07-02,DI1N20,8.78,8.825
2018-07-02,DI1N21,9.67,9.775
2018-07-02,DI1H19,7.022,7.076
2018-07-02,DI1K19,7.329,7.38
2018-07-02,DI1Z18,6.69,6.708
2018-07-02,DI1J19,7.175,7.235
2018-07-02,DI1J23,10.788,10.926
2018-07-02,DI1J20,8.54,8.585
2018-07-02,DI1J21,9.475,9.525
2018-07-02,DI1U18,6.461,6.531
2018-07-02,DI1J22,10.27,10.354
2018-07-02,DI1M19,7.464,7.506
2018-07-02,DI1V20,9.05,9.105
2018-07-02,DI1F24,11.064,11.213
2018-07-02,DI1V21,9.9,10.004
2018-07-02,DI1F25,11.36,11.523
2018-07-02,DI1G19,6.875,6.924
2018-07-02,DI1F20,8.28,8.325
2018-07-02,DI1F30,11.918,12.15
2018-07-02,DI1F21,9.25,9.315
2018-07-02,DI1V22,10.55,10.679
2018-07-02,DI1F26,11.54,11.728
2018-07-02,DI1F27,11.7,11.913
2018-07-02,DI1V18,6.501,6.507
2018-07-02,DI1V19,7.93,7.995
2018-07-02,DI1Q18,6.415,6.406
2018-07-02,DI1F22,10.08,10.184
2018-07-02,DI1F23,10.67,10.804
2018-07-02,DI1F19,6.785,6.834
2018-07-02,DI1F29,11.88,12.112
2018-07-02,DI1N19,7.57,7.605
2018-07-02,DI1F28,11.805,12.027
2018-07-02,DI1N18,6.39,6.39
2018-07-05,DI1N24,11.286,11.181
2018-07-05,DI1X18,6.67,6.622
2018-07-05,DI1N22,10.5,10.384
2018-07-05,DI1N23,10.944,10.826
2018-07-05,DI1N20,8.94,8.865
2018-07-05,DI1N21,9.83,9.735
2018-07-05,DI1H19,7.173,7.102
2018-07-05,DI1K19,7.5,7.429
2018-07-05,DI1Z18,6.8,6.738
2018-07-05,DI1J19,7.34,7.265
2018-07-05,DI1J23,10.879,10.757
2018-07-05,DI1J20,8.71,8.625
2018-07-05,DI1J21,9.635,9.545
2018-07-05,DI1U18,6.511,6.47
2018-07-05,DI1J22,10.37,10.259
2018-07-05,DI1M19,7.65,7.57
2018-07-05,DI1V20,9.21,9.125
2018-07-05,DI1F24,11.129,11.017
2018-07-05,DI1V21,10.04,9.939
2018-07-05,DI1F25,11.39,11.293
2018-07-05,DI1G19,7.014,6.948
2018-07-05,DI1F20,8.44,8.375
2018-07-05,DI1F30,11.928,11.84
2018-07-05,DI1F21,9.41,9.325
2018-07-05,DI1V22,10.64,10.519
2018-07-05,DI1F26,11.565,11.468
2018-07-05,DI1F27,11.72,11.623
2018-07-05,DI1V18,6.56,6.526
2018-07-05,DI1V19,8.15,8.055
2018-07-05,DI1Q18,6.405,6.406
2018-07-05,DI1F22,10.2,10.094
2018-07-05,DI1F23,10.77,10.644
2018-07-05,DI1F19,6.91,6.849
2018-07-05,DI1F29,11.89,11.802
2018-07-05,DI1N19,7.775,7.69
2018-07-05,DI1F28,11.82,11.727
2018-07-06,DI1N24,11.123,11.289
2018-07-06,DI1X18,6.613,6.673
2018-07-06,DI1N22,10.35,10.504
2018-07-06,DI1N23,10.776,10.948
2018-07-06,DI1N20,8.76,8.945
2018-07-06,DI1N21,9.68,9.835
2018-07-06,DI1H19,7.06,7.178
2018-07-06,DI1K19,7.355,7.505
2018-07-06,DI1Z18,6.72,6.804
2018-07-06,DI1J19,7.215,7.345
2018-07-06,DI1J23,10.71,10.883
2018-07-06,DI1J20,8.53,8.715
2018-07-06,DI1J21,9.48,9.64
2018-07-06,DI1U18,6.462,6.514
2018-07-06,DI1J22,10.22,10.374
2018-07-06,DI1M19,7.484,7.656
2018-07-06,DI1V20,9.05,9.215
2018-07-06,DI1F24,10.964,11.133
2018-07-06,DI1V21,9.89,10.045
2018-07-06,DI1F25,11.23,11.393
2018-07-06,DI1G19,6.912,7.018
2018-07-06,DI1F20,8.25,8.446
2018-07-06,DI1F30,11.778,11.93
2018-07-06,DI1F21,9.25,9.415
2018-07-06,DI1V22,10.48,10.644
2018-07-06,DI1F26,11.4,11.568
2018-07-06,DI1F27,11.55,11.723
2018-07-06,DI1V18,6.525,6.563
2018-07-06,DI1V19,7.98,8.156
2018-07-06,DI1Q18,6.401,6.406
2018-07-06,DI1F22,10.05,10.204
2018-07-06,DI1F23,10.6,10.774
2018-07-06,DI1F19,6.82,6.914
2018-07-06,DI1F29,11.74,11.892
2018-07-06,DI1N19,7.59,7.781
2018-07-06,DI1F28,11.66,11.822
2018-07-04,DI1N24,11.178,11.283
2018-07-04,DI1X18,6.619,6.613
2018-07-04,DI1N22,10.38,10.434
2018-07-04,DI1N23,10.822,10.914
2018-07-04,DI1N20,8.86,8.855
2018-07-04,DI1N21,9.73,9.745
2018-07-04,DI1H19,7.098,7.089
2018-07-04,DI1K19,7.424,7.414
2018-07-04,DI1Z18,6.735,6.728
2018-07-04,DI1J19,7.26,7.25
2018-07-04,DI1J23,10.753,10.841
2018-07-04,DI1J20,8.62,8.615
2018-07-04,DI1J21,9.54,9.55
2018-07-04,DI1U18,6.468,6.478
2018-07-04,DI1J22,10.255,10.299
2018-07-04,DI1M19,7.565,7.555
2018-07-04,DI1V20,9.12,9.125
2018-07-04,DI1F24,11.014,11.112
2018-07-04,DI1V21,9.935,9.959
2018-07-04,DI1F25,11.29,11.403
2018-07-04,DI1G19,6.944,6.936
2018-07-04,DI1F20,8.37,8.345
2018-07-04,DI1F30,11.838,11.97
2018-07-04,DI1F21,9.32,9.325
2018-07-04,DI1V22,10.515,10.584
2018-07-04,DI1F26,11.465,11.593
2018-07-04,DI1F27,11.62,11.763
2018-07-04,DI1V18,6.524,6.517
2018-07-04,DI1V19,8.05,8.035
2018-07-04,DI1Q18,6.405,6.406
2018-07-04,DI1F22,10.09,10.124
2018-07-04,DI1F23,10.64,10.724
2018-07-04,DI1F19,6.845,6.839
2018-07-04,DI1F29,11.8,11.932
2018-07-04,DI1N19,7.685,7.675
2018-07-04,DI1F28,11.725,11.862
2018-07-10,DI1N24,10.97,11.129
2018-07-10,DI1X18,6.58,6.619
2018-07-10,DI1N22,10.16,10.358
2018-07-10,DI1N23,10.618,10.783
2018-07-10,DI1N20,8.61,8.77
2018-07-10,DI1N21,9.51,9.689
2018-07-10,DI1H19,7.002,7.068
2018-07-10,DI1K19,7.266,7.365
2018-07-10,DI1Z18,6.68,6.727
2018-07-10,DI1J19,7.14,7.224
2018-07-10,DI1J23,10.551,10.717
2018-07-10,DI1J20,8.37,8.54
2018-07-10,DI1J21,9.315,9.489
2018-07-10,DI1U18,6.461,6.466
2018-07-10,DI1J22,10.01,10.228
2018-07-10,DI1M19,7.38,7.494
2018-07-10,DI1V20,8.88,9.06
2018-07-10,DI1F24,10.809,10.971
2018-07-10,DI1V21,9.715,9.899
2018-07-10,DI1F25,11.08,11.236
2018-07-10,DI1G19,6.87,6.919
2018-07-10,DI1F20,8.12,8.26
2018-07-10,DI1F30,11.638,11.782
2018-07-10,DI1F21,9.09,9.259
2018-07-10,DI1V22,10.305,10.488
2018-07-10,DI1F26,11.26,11.405
2018-07-10,DI1F27,11.42,11.555
2018-07-10,DI1V18,6.504,6.53
2018-07-10,DI1V19,7.85,7.99
2018-07-10,DI1Q18,6.401,6.403
2018-07-10,DI1F22,9.87,10.059
2018-07-10,DI1F23,10.44,10.608
2018-07-10,DI1F19,6.795,6.827
2018-07-10,DI1F29,11.6,11.744
2018-07-10,DI1N19,7.51,7.6
2018-07-10,DI1F28,11.525,11.665
2018-07-12,DI1N24,11.252,11.08
2018-07-12,DI1X18,6.61,6.618
2018-07-12,DI1N22,10.49,10.294
2018-07-12,DI1N23,10.905,10.724
2018-07-12,DI1N20,8.83,8.705
2018-07-12,DI1N21,9.75,9.614
2018-07-12,DI1H19,7.159,7.094
2018-07-12,DI1K19,7.423,7.34
2018-07-12,DI1Z18,6.743,6.723
2018-07-12,DI1J19,7.28,7.205
2018-07-12,DI1J23,10.84,10.656
2018-07-12,DI1J20,8.59,8.465
2018-07-12,DI1J21,9.53,9.404
2018-07-12,DI1U18,6.464,6.465
2018-07-12,DI1J22,10.32,10.124
2018-07-12,DI1M19,7.555,7.463
2018-07-12,DI1V20,9.1,8.975
2018-07-12,DI1F24,11.094,10.917
2018-07-12,DI1V21,9.98,9.824
2018-07-12,DI1F25,11.36,11.193
2018-07-12,DI1G19,6.973,6.917
2018-07-12,DI1F20,8.32,8.205
2018-07-12,DI1F30,11.908,11.75
2018-07-12,DI1F21,9.31,9.185
2018-07-12,DI1V22,10.61,10.424
2018-07-12,DI1F26,11.535,11.368
2018-07-12,DI1F27,11.69,11.522
2018-07-12,DI1V18,6.52,6.519
2018-07-12,DI1V19,8.04,7.935
2018-07-12,DI1Q18,6.405,6.405
2018-07-12,DI1F22,10.16,9.984
2018-07-12,DI1F23,10.73,10.544
2018-07-12,DI1F19,6.88,6.834
2018-07-12,DI1F29,11.87,11.712
2018-07-12,DI1N19,7.68,7.585
2018-07-12,DI1F28,11.795,11.632
2018-07-12,DI1N25,11.457,11.29
2018-07-12,DI1N26,11.622,11.455
2018-07-11,DI1N24,11.077,10.973
2018-07-11,DI1X18,6.615,6.582
2018-07-11,DI1N22,10.29,10.164
2018-07-11,DI1N23,10.72,10.621
2018-07-11,DI1N20,8.7,8.615
2018-07-11,DI1N21,9.61,9.514
2018-07-11,DI1H19,7.09,7.006
2018-07-11,DI1K19,7.335,7.27
2018-07-11,DI1Z18,6.72,6.683
2018-07-11,DI1J19,7.2,7.144
2018-07-11,DI1J23,10.652,10.555
2018-07-11,DI1J20,8.46,8.375
2018-07-11,DI1J21,9.4,9.319
2018-07-11,DI1U18,6.463,6.463
2018-07-11,DI1J22,10.12,10.014
2018-07-11,DI1M19,7.458,7.384
2018-07-11,DI1V20,8.97,8.884
2018-07-11,DI1F24,10.914,10.812
2018-07-11,DI1V21,9.82,9.719
2018-07-11,DI1F25,11.19,11.083
2018-07-11,DI1G19,6.913,6.873
2018-07-11,DI1F20,8.2,8.125
2018-07-11,DI1F30,11.748,11.64
2018-07-11,DI1F21,9.18,9.094
2018-07-11,DI1V22,10.42,10.309
2018-07-11,DI1F26,11.365,11.263
2018-07-11,DI1F27,11.52,11.422
2018-07-11,DI1V18,6.517,6.506
2018-07-11,DI1V19,7.93,7.855
2018-07-11,DI1Q18,6.404,6.402
2018-07-11,DI1F22,9.98,9.874
2018-07-11,DI1F23,10.54,10.444
2018-07-11,DI1F19,6.83,6.798
2018-07-11,DI1F29,11.71,11.602
2018-07-11,DI1N19,7.58,7.515
2018-07-11,DI1F28,11.63,11.527
2018-07-11,DI1N25,11.287,11.21
2018-07-11,DI1N26,11.452,11.32
2018-07-16,DI1N24,11.219,11.172
2018-07-16,DI1X18,6.555,6.583
2018-07-16,DI1N22,10.36,10.394
2018-07-16,DI1N23,10.847,10.821
2018-07-16,DI1N20,8.72,8.745
2018-07-16,DI1N21,9.61,9.654
2018-07-16,DI1H19,7.033,7.09
2018-07-16,DI1K19,7.289,7.347
2018-07-16,DI1Z18,6.67,6.701
2018-07-16,DI1J19,7.14,7.205
2018-07-16,DI1J23,10.776,10.755
2018-07-16,DI1J20,8.47,8.495
2018-07-16,DI1J21,9.38,9.435
2018-07-16,DI1U18,6.432,6.452
2018-07-16,DI1J22,10.18,10.234
2018-07-16,DI1M19,7.428,7.478
2018-07-16,DI1V20,8.97,9.015
2018-07-16,DI1F24,11.049,11.012
2018-07-16,DI1V21,9.84,9.894
2018-07-16,DI1F25,11.34,11.283
2018-07-16,DI1G19,6.88,6.91
2018-07-16,DI1F20,8.2,8.215
2018-07-16,DI1F30,11.918,11.8
2018-07-16,DI1F21,9.18,9.215
2018-07-16,DI1V22,10.49,10.519
2018-07-16,DI1F26,11.525,11.453
2018-07-16,DI1F27,11.69,11.603
2018-07-16,DI1V18,6.47,6.502
2018-07-16,DI1V19,7.9,7.945
2018-07-16,DI1Q18,6.395,6.402
2018-07-16,DI1F22,10.02,10.064
2018-07-16,DI1F23,10.66,10.644
2018-07-16,DI1F19,6.78,6.824
2018-07-16,DI1F29,11.88,11.762
2018-07-16,DI1N19,7.535,7.59
2018-07-16,DI1F28,11.8,11.697
2018-07-16,DI1N25,11.442,11.378
2018-07-16,DI1N26,11.617,11.538
2018-07-17,DI1N24,11.135,11.222
2018-07-17,DI1X18,6.5,6.557
2018-07-17,DI1N22,10.33,10.364
2018-07-17,DI1N23,10.763,10.851
2018-07-17,DI1N20,8.63,8.725
2018-07-17,DI1N21,9.55,9.614
2018-07-17,DI1H19,6.955,7.037
2018-07-17,DI1K19,7.199,7.294
2018-07-17,DI1Z18,6.605,6.673
2018-07-17,DI1J19,7.055,7.144
2018-07-17,DI1J23,10.689,10.78
2018-07-17,DI1J20,8.37,8.475
2018-07-17,DI1J21,9.32,9.384
2018-07-17,DI1U18,6.418,6.433
2018-07-17,DI1J22,10.14,10.184
2018-07-17,DI1M19,7.333,7.433
2018-07-17,DI1V20,8.89,8.975
2018-07-17,DI1F24,10.97,11.052
2018-07-17,DI1V21,9.795,9.844
2018-07-17,DI1F25,11.25,11.343
2018-07-17,DI1G19,6.82,6.884
2018-07-17,DI1F20,8.08,8.205
2018-07-17,DI1F30,11.838,11.92
2018-07-17,DI1F21,9.11,9.185
2018-07-17,DI1V22,10.44,10.494
2018-07-17,DI1F26,11.44,11.528
2018-07-17,DI1F27,11.61,11.693
2018-07-17,DI1V18,6.445,6.472
2018-07-17,DI1V19,7.79,7.905
2018-07-17,DI1Q18,6.391,6.396
2018-07-17,DI1F22,9.99,10.024
2018-07-17,DI1F23,10.57,10.664
2018-07-17,DI1F19,6.715,6.783
2018-07-17,DI1F29,11.8,11.882
2018-07-17,DI1N19,7.445,7.54
2018-07-17,DI1F28,11.72,11.802
2018-07-17,DI1N25,11.354,11.445
2018-07-17,DI1N26,11.534,11.62
2018-07-20,DI1N24,10.804,11.069
2018-07-20,DI1X18,6.49,6.507
2018-07-20,DI1N22,10.12,10.314
2018-07-20,DI1N23,10.51,10.721
2018-07-20,DI1N20,8.61,8.685
2018-07-20,DI1N21,9.48,9.614
2018-07-20,DI1H19,6.955,7.002
2018-07-20,DI1K19,7.2,7.248
2018-07-20,DI1Z18,6.6,6.623
2018-07-20,DI1J19,7.05,7.104
2018-07-20,DI1J23,10.442,10.655
2018-07-20,DI1J20,8.35,8.425
2018-07-20,DI1J21,9.27,9.384
2018-07-20,DI1U18,6.397,6.418
2018-07-20,DI1J22,9.99,10.164
2018-07-20,DI1M19,7.33,7.383
2018-07-20,DI1V20,8.86,8.955
2018-07-20,DI1F24,10.675,10.913
2018-07-20,DI1V21,9.68,9.814
2018-07-20,DI1F25,10.88,11.173
2018-07-20,DI1G19,6.823,6.864
2018-07-20,DI1F20,8.06,8.135
2018-07-20,DI1F30,11.398,11.74
2018-07-20,DI1F21,9.07,9.175
2018-07-20,DI1V22,10.215,10.444
2018-07-20,DI1F26,11.045,11.353
2018-07-20,DI1F27,11.19,11.512
2018-07-20,DI1V18,6.436,6.449
2018-07-20,DI1V19,7.8,7.855
2018-07-20,DI1Q18,6.39,6.4
2018-07-20,DI1F22,9.86,10.004
2018-07-20,DI1F23,10.33,10.544
2018-07-20,DI1F19,6.705,6.738
2018-07-20,DI1F29,11.36,11.702
2018-07-20,DI1N19,7.445,7.495
2018-07-20,DI1F28,11.29,11.622
2018-07-20,DI1N25,10.972,11.272
2018-07-20,DI1N26,11.127,11.442
2018-07-19,DI1N24,11.066,11.136
2018-07-19,DI1X18,6.505,6.512
2018-07-19,DI1N22,10.31,10.364
2018-07-19,DI1N23,10.717,10.779
2018-07-19,DI1N20,8.68,8.695
2018-07-19,DI1N21,9.61,9.604
2018-07-19,DI1H19,6.998,6.994
2018-07-19,DI1K19,7.244,7.246
2018-07-19,DI1Z18,6.62,6.622
2018-07-19,DI1J19,7.1,7.099
2018-07-19,DI1J23,10.651,10.709
2018-07-19,DI1J20,8.42,8.445
2018-07-19,DI1J21,9.38,9.374
2018-07-19,DI1U18,6.417,6.416
2018-07-19,DI1J22,10.16,10.194
2018-07-19,DI1M19,7.378,7.385
2018-07-19,DI1V20,8.95,8.955
2018-07-19,DI1F24,10.91,10.978
2018-07-19,DI1V21,9.81,9.844
2018-07-19,DI1F25,11.17,11.243
2018-07-19,DI1G19,6.86,6.853
2018-07-19,DI1F20,8.13,8.155
2018-07-19,DI1F30,11.738,11.81
2018-07-19,DI1F21,9.17,9.165
2018-07-19,DI1V22,10.44,10.484
2018-07-19,DI1F26,11.35,11.418
2018-07-19,DI1F27,11.51,11.572
2018-07-19,DI1V18,6.448,6.456
2018-07-19,DI1V19,7.85,7.875
2018-07-19,DI1Q18,6.399,6.398
2018-07-19,DI1F22,10,10.034
2018-07-19,DI1F23,10.54,10.594
2018-07-19,DI1F19,6.735,6.743
2018-07-19,DI1F29,11.7,11.772
2018-07-19,DI1N19,7.49,7.5
2018-07-19,DI1F28,11.62,11.687
2018-07-19,DI1N25,11.269,11.34
2018-07-19,DI1N26,11.439,11.505
2018-07-18,DI1N24,11.133,11.138
2018-07-18,DI1X18,6.51,6.502
2018-07-18,DI1N22,10.36,10.334
2018-07-18,DI1N23,10.775,10.767
2018-07-18,DI1N20,8.69,8.635
2018-07-18,DI1N21,9.6,9.554
2018-07-18,DI1H19,6.99,6.959
2018-07-18,DI1K19,7.242,7.203
2018-07-18,DI1Z18,6.62,6.607
2018-07-18,DI1J19,7.095,7.059
2018-07-18,DI1J23,10.705,10.693
2018-07-18,DI1J20,8.44,8.375
2018-07-18,DI1J21,9.37,9.324
2018-07-18,DI1U18,6.415,6.419
2018-07-18,DI1J22,10.19,10.144
2018-07-18,DI1M19,7.38,7.337
2018-07-18,DI1V20,8.95,8.895
2018-07-18,DI1F24,10.975,10.973
2018-07-18,DI1V21,9.84,9.799
2018-07-18,DI1F25,11.24,11.253
2018-07-18,DI1G19,6.85,6.823
2018-07-18,DI1F20,8.15,8.085
2018-07-18,DI1F30,11.808,11.84
2018-07-18,DI1F21,9.16,9.114
2018-07-18,DI1V22,10.48,10.444
2018-07-18,DI1F26,11.415,11.443
2018-07-18,DI1F27,11.57,11.613
2018-07-18,DI1V18,6.455,6.446
2018-07-18,DI1V19,7.87,7.795
2018-07-18,DI1Q18,6.397,6.391
2018-07-18,DI1F22,10.03,9.994
2018-07-18,DI1F23,10.59,10.574
2018-07-18,DI1F19,6.74,6.718
2018-07-18,DI1F29,11.77,11.802
2018-07-18,DI1N19,7.495,7.449
2018-07-18,DI1F28,11.685,11.722
2018-07-18,DI1N25,11.337,11.357
2018-07-18,DI1N26,11.502,11.537
2018-07-23,DI1N24,10.821,10.807
2018-07-23,DI1X18,6.5,6.491
2018-07-23,DI1N22,10.16,10.124
2018-07-23,DI1N23,10.518,10.513
2018-07-23,DI1N20,8.67,8.615
2018-07-23,DI1N21,9.52,9.484
2018-07-23,DI1H19,6.983,6.959
2018-07-23,DI1K19,7.236,7.204
2018-07-23,DI1Z18,6.62,6.602
2018-07-23,DI1J19,7.085,7.054
2018-07-23,DI1J23,10.461,10.446
2018-07-23,DI1J20,8.41,8.355
2018-07-23,DI1J21,9.31,9.274
2018-07-23,DI1U18,6.417,6.397
2018-07-23,DI1J22,10.01,9.994
2018-07-23,DI1M19,7.368,7.334
2018-07-23,DI1V20,8.92,8.865
2018-07-23,DI1F24,10.66,10.678
2018-07-23,DI1V21,9.72,9.684
2018-07-23,DI1F25,10.93,10.883
2018-07-23,DI1G19,6.845,6.826
2018-07-23,DI1F20,8.14,8.065
2018-07-23,DI1F30,11.438,11.4
2018-07-23,DI1F21,9.11,9.074
2018-07-23,DI1V22,10.26,10.219
2018-07-23,DI1F26,11.09,11.048
2018-07-23,DI1F27,11.23,11.192
2018-07-23,DI1V18,6.44,6.437
2018-07-23,DI1V19,7.84,7.805
2018-07-23,DI1Q18,6.409,6.39
2018-07-23,DI1F22,9.87,9.864
2018-07-23,DI1F23,10.36,10.334
2018-07-23,DI1F19,6.72,6.708
2018-07-23,DI1F29,11.4,11.362
2018-07-23,DI1N19,7.48,7.45
2018-07-23,DI1F28,11.33,11.292
2018-07-23,DI1N25,11.02,10.975
2018-07-23,DI1N26,11.17,11.129
2018-07-26,DI1N24,10.79,10.718
2018-07-26,DI1X18,6.49,6.471
2018-07-26,DI1N22,10.08,10.034
2018-07-26,DI1N23,10.472,10.405
2018-07-26,DI1N20,8.47,8.474
2018-07-26,DI1N21,9.37,9.364
2018-07-26,DI1H19,6.868,6.878
2018-07-26,DI1K19,7.113,7.127
2018-07-26,DI1Z18,6.535,6.542
2018-07-26,DI1J19,6.955,6.978
2018-07-26,DI1J23,10.408,10.346
2018-07-26,DI1J20,8.21,8.214
2018-07-26,DI1J21,9.15,9.164
2018-07-26,DI1U18,6.406,6.41
2018-07-26,DI1J22,9.92,9.884
2018-07-26,DI1M19,7.23,7.234
2018-07-26,DI1V20,8.74,8.744
2018-07-26,DI1F24,10.63,10.553
2018-07-26,DI1V21,9.59,9.564
2018-07-26,DI1F25,10.9,10.833
2018-07-26,DI1G19,6.76,6.758
2018-07-26,DI1F20,7.91,7.934
2018-07-26,DI1F30,11.398,11.31
2018-07-26,DI1F21,8.94,8.944
2018-07-26,DI1V22,10.2,10.144
2018-07-26,DI1F26,11.06,10.978
2018-07-26,DI1F27,11.2,11.102
2018-07-26,DI1V18,6.429,6.426
2018-07-26,DI1V19,7.65,7.654
2018-07-26,DI1Q18,6.393,6.39
2018-07-26,DI1F22,9.76,9.734
2018-07-26,DI1F23,10.3,10.244
2018-07-26,DI1F19,6.625,6.627
2018-07-26,DI1F29,11.36,11.272
2018-07-26,DI1N19,7.3,7.319
2018-07-26,DI1F28,11.295,11.202
2018-07-26,DI1N25,10.99,10.916
2018-07-26,DI1N26,11.14,11.05
2018-07-25,DI1N24,10.715,10.801
2018-07-25,DI1X18,6.47,6.522
2018-07-25,DI1N22,10.03,10.134
2018-07-25,DI1N23,10.402,10.493
2018-07-25,DI1N20,8.47,8.595
2018-07-25,DI1N21,9.36,9.464
2018-07-25,DI1H19,6.875,6.959
2018-07-25,DI1K19,7.123,7.224
2018-07-25,DI1Z18,6.54,6.613
2018-07-25,DI1J19,6.975,7.064
2018-07-25,DI1J23,10.343,10.435
2018-07-25,DI1J20,8.21,8.335
2018-07-25,DI1J21,9.16,9.254
2018-07-25,DI1U18,6.409,6.409
2018-07-25,DI1J22,9.88,9.974
2018-07-25,DI1M19,7.23,7.344
2018-07-25,DI1V20,8.74,8.855
2018-07-25,DI1F24,10.55,10.638
2018-07-25,DI1V21,9.56,9.664
2018-07-25,DI1F25,10.83,10.913
2018-07-25,DI1G19,6.755,6.818
2018-07-25,DI1F20,7.93,8.055
2018-07-25,DI1F30,11.308,11.44
2018-07-25,DI1F21,8.94,9.054
2018-07-25,DI1V22,10.14,10.224
2018-07-25,DI1F26,10.975,11.083
2018-07-25,DI1F27,11.1,11.232
2018-07-25,DI1V18,6.425,6.441
2018-07-25,DI1V19,7.65,7.785
2018-07-25,DI1Q18,6.39,6.39
2018-07-25,DI1F22,9.73,9.834
2018-07-25,DI1F23,10.24,10.334
2018-07-25,DI1F19,6.625,6.693
2018-07-25,DI1F29,11.27,11.402
2018-07-25,DI1N19,7.315,7.445
2018-07-25,DI1F28,11.2,11.332
2018-07-25,DI1N25,10.913,11.008
2018-07-25,DI1N26,11.048,11.167
2018-07-24,DI1N24,10.798,10.824
2018-07-24,DI1X18,6.52,6.502
2018-07-24,DI1N22,10.13,10.164
2018-07-24,DI1N23,10.49,10.521
2018-07-24,DI1N20,8.59,8.675
2018-07-24,DI1N21,9.46,9.524
2018-07-24,DI1H19,6.955,6.987
2018-07-24,DI1K19,7.22,7.24
2018-07-24,DI1Z18,6.61,6.623
2018-07-24,DI1J19,7.06,7.089
2018-07-24,DI1J23,10.432,10.465
2018-07-24,DI1J20,8.33,8.415
2018-07-24,DI1J21,9.25,9.314
2018-07-24,DI1U18,6.408,6.418
2018-07-24,DI1J22,9.97,10.014
2018-07-24,DI1M19,7.34,7.373
2018-07-24,DI1V20,8.85,8.925
2018-07-24,DI1F24,10.635,10.663
2018-07-24,DI1V21,9.66,9.724
2018-07-24,DI1F25,10.91,10.933
2018-07-24,DI1G19,6.815,6.848
2018-07-24,DI1F20,8.05,8.145
2018-07-24,DI1F30,11.438,11.44
2018-07-24,DI1F21,9.05,9.114
2018-07-24,DI1V22,10.22,10.264
2018-07-24,DI1F26,11.08,11.093
2018-07-24,DI1F27,11.23,11.232
2018-07-24,DI1V18,6.44,6.441
2018-07-24,DI1V19,7.78,7.845
2018-07-24,DI1Q18,6.39,6.412
2018-07-24,DI1F22,9.83,9.874
2018-07-24,DI1F23,10.33,10.364
2018-07-24,DI1F19,6.69,6.723
2018-07-24,DI1F29,11.4,11.402
2018-07-24,DI1N19,7.44,7.485
2018-07-24,DI1F28,11.33,11.332
2018-07-24,DI1N25,11.005,11.023
2018-07-24,DI1N26,11.165,11.172
2018-07-27,DI1N24,10.763,10.793
2018-07-27,DI1X18,6.47,6.491
2018-07-27,DI1N22,10.07,10.084
2018-07-27,DI1N23,10.45,10.475
2018-07-27,DI1N20,8.43,8.474
2018-07-27,DI1N21,9.34,9.374
2018-07-27,DI1H19,6.86,6.871
2018-07-27,DI1K19,7.11,7.117
2018-07-27,DI1Z18,6.54,6.537
2018-07-27,DI1J19,6.95,6.958
2018-07-27,DI1J23,10.387,10.411
2018-07-27,DI1J20,8.18,8.214
2018-07-27,DI1J21,9.12,9.154
2018-07-27,DI1U18,6.408,6.407
2018-07-27,DI1J22,9.9,9.924
2018-07-27,DI1M19,7.229,7.234
2018-07-27,DI1V20,8.7,8.744
2018-07-27,DI1F24,10.605,10.633
2018-07-27,DI1V21,9.555,9.594
2018-07-27,DI1F25,10.87,10.903
2018-07-27,DI1G19,6.75,6.763
2018-07-27,DI1F20,7.91,7.914
2018-07-27,DI1F30,11.438,11.4
2018-07-27,DI1F21,8.9,8.944
2018-07-27,DI1V22,10.17,10.204
2018-07-27,DI1F26,11.05,11.063
2018-07-27,DI1F27,11.21,11.202
2018-07-27,DI1V18,6.429,6.43
2018-07-27,DI1V19,7.63,7.654
2018-07-27,DI1Q18,6.38,6.394
2018-07-27,DI1F22,9.74,9.764
2018-07-27,DI1F23,10.28,10.304
2018-07-27,DI1F19,6.62,6.627
2018-07-27,DI1F29,11.4,11.362
2018-07-27,DI1N19,7.3,7.304
2018-07-27,DI1F28,11.32,11.297
2018-07-27,DI1N25,10.97,10.993
2018-07-27,DI1N26,11.14,11.142
2018-07-30,DI1N24,10.79,10.766
2018-07-30,DI1X18,6.475,6.471
2018-07-30,DI1N22,10.07,10.074
2018-07-30,DI1N23,10.472,10.453
2018-07-30,DI1N20,8.44,8.434
2018-07-30,DI1N21,9.34,9.344
2018-07-30,DI1H19,6.865,6.863
2018-07-30,DI1K19,7.115,7.114
2018-07-30,DI1Z18,6.53,6.542
2018-07-30,DI1J19,6.955,6.953
2018-07-30,DI1J23,10.408,10.39
2018-07-30,DI1J20,8.19,8.184
2018-07-30,DI1J21,9.12,9.124
2018-07-30,DI1U18,6.407,6.409
2018-07-30,DI1J22,9.92,9.904
2018-07-30,DI1M19,7.23,7.233
2018-07-30,DI1V20,8.7,8.704
2018-07-30,DI1F24,10.63,10.608
2018-07-30,DI1V21,9.56,9.559
2018-07-30,DI1F25,10.9,10.873
2018-07-30,DI1G19,6.755,6.753
2018-07-30,DI1F20,7.91,7.914
2018-07-30,DI1F30,11.448,11.44
2018-07-30,DI1F21,8.9,8.904
2018-07-30,DI1V22,10.18,10.174
2018-07-30,DI1F26,11.075,11.053
2018-07-30,DI1F27,11.23,11.212
2018-07-30,DI1V18,6.428,6.43
2018-07-30,DI1V19,7.63,7.634
2018-07-30,DI1Q18,6.39,6.376
2018-07-30,DI1F22,9.75,9.744
2018-07-30,DI1F23,10.3,10.284
2018-07-30,DI1F19,6.625,6.622
2018-07-30,DI1F29,11.41,11.402
2018-07-30,DI1N19,7.305,7.304
2018-07-30,DI1F28,11.335,11.322
2018-07-30,DI1N25,10.998,10.973
2018-07-30,DI1N26,11.163,11.142
2018-08-01,DI1N24,10.905,10.868
2018-08-01,DI1X18,6.461,6.476
2018-08-01,DI1N22,10.1,10.134
2018-08-01,DI1N23,10.557,10.54
2018-08-01,DI1N20,8.4,8.444
2018-08-01,DI1N21,9.34,9.384
2018-08-01,DI1H19,6.838,6.851
2018-08-01,DI1K19,7.066,7.092
2018-08-01,DI1Z18,6.53,6.532
2018-08-01,DI1J19,6.92,6.938
2018-08-01,DI1J23,10.485,10.474
2018-08-01,DI1J20,8.13,8.174
2018-08-01,DI1J21,9.11,9.154
2018-08-01,DI1U18,6.408,6.407
2018-08-01,DI1J22,9.92,9.954
2018-08-01,DI1M19,7.166,7.199
2018-08-01,DI1V20,8.66,8.714
2018-08-01,DI1F24,10.73,10.703
2018-08-01,DI1V21,9.575,9.614
2018-08-01,DI1F25,11.03,10.983
2018-08-01,DI1G19,6.735,6.743
2018-08-01,DI1F20,7.86,7.894
2018-08-01,DI1F30,11.618,11.54
2018-08-01,DI1F21,8.88,8.924
2018-08-01,DI1V22,10.23,10.244
2018-08-01,DI1F26,11.216,11.159
2018-08-01,DI1F27,11.38,11.312
2018-08-01,DI1V18,6.425,6.426
2018-08-01,DI1V19,7.58,7.614
2018-08-01,DI1Q19,7.385,7.4
2018-08-01,DI1Q18,6.39,6.39
2018-08-01,DI1F22,9.76,9.794
2018-08-01,DI1F23,10.37,10.364
2018-08-01,DI1F19,6.62,6.622
2018-08-01,DI1F29,11.58,11.502
2018-08-01,DI1N19,7.25,7.289
2018-08-01,DI1F28,11.495,11.422
2018-08-01,DI1N25,11.135,11.083
2018-08-01,DI1N26,11.309,11.246
2018-07-31,DI1N24,10.865,10.793
2018-07-31,DI1X18,6.475,6.476
2018-07-31,DI1N22,10.13,10.074
2018-07-31,DI1N23,10.537,10.475
2018-07-31,DI1N20,8.44,8.444
2018-07-31,DI1N21,9.38,9.344
2018-07-31,DI1H19,6.848,6.868
2018-07-31,DI1K19,7.088,7.119
2018-07-31,DI1Z18,6.53,6.532
2018-07-31,DI1J19,6.935,6.958
2018-07-31,DI1J23,10.47,10.411
2018-07-31,DI1J20,8.17,8.194
2018-07-31,DI1J21,9.15,9.124
2018-07-31,DI1U18,6.406,6.408
2018-07-31,DI1J22,9.95,9.924
2018-07-31,DI1M19,7.195,7.234
2018-07-31,DI1V20,8.71,8.704
2018-07-31,DI1F24,10.7,10.633
2018-07-31,DI1V21,9.61,9.564
2018-07-31,DI1F25,10.98,10.903
2018-07-31,DI1G19,6.74,6.758
2018-07-31,DI1F20,7.89,7.914
2018-07-31,DI1F30,11.538,11.45
2018-07-31,DI1F21,8.92,8.904
2018-07-31,DI1V22,10.24,10.184
2018-07-31,DI1F26,11.156,11.078
2018-07-31,DI1F27,11.31,11.232
2018-07-31,DI1V18,6.425,6.429
2018-07-31,DI1V19,7.61,7.634
2018-07-31,DI1Q18,6.39,6.391
2018-07-31,DI1F22,9.79,9.754
2018-07-31,DI1F23,10.36,10.304
2018-07-31,DI1F19,6.62,6.627
2018-07-31,DI1F29,11.5,11.412
2018-07-31,DI1N19,7.285,7.309
2018-07-31,DI1F28,11.42,11.337
2018-07-31,DI1N25,11.08,11.001
2018-07-31,DI1N26,11.244,11.165
2018-08-02,DI1N24,10.932,10.908
2018-08-02,DI1X18,6.455,6.462
2018-08-02,DI1N22,10.12,10.104
2018-08-02,DI1N23,10.579,10.56
2018-08-02,DI1N20,8.42,8.404
2018-08-02,DI1N21,9.33,9.344
2018-08-02,DI1H19,6.848,6.841
2018-08-02,DI1K19,7.076,7.07
2018-08-02,DI1Z18,6.535,6.532
2018-08-02,DI1J19,6.93,6.923
2018-08-02,DI1J23,10.506,10.489
2018-08-02,DI1J20,8.17,8.134
2018-08-02,DI1J21,9.11,9.114
2018-08-02,DI1U18,6.397,6.409
2018-08-02,DI1J22,9.93,9.924
2018-08-02,DI1M19,7.175,7.17
2018-08-02,DI1V20,8.69,8.664
2018-08-02,DI1F24,10.755,10.733
2018-08-02,DI1V21,9.57,9.579
2018-08-02,DI1F25,11.06,11.033
2018-08-02,DI1G19,6.735,6.738
2018-08-02,DI1F20,7.89,7.864
2018-08-02,DI1F30,11.658,11.62
2018-08-02,DI1F21,8.89,8.884
2018-08-02,DI1V22,10.25,10.234
2018-08-02,DI1F26,11.251,11.219
2018-08-02,DI1F27,11.42,11.382
2018-08-02,DI1V18,6.416,6.426
2018-08-02,DI1V19,7.61,7.584
2018-08-02,DI1Q19,7.415,7.389
2018-08-02,DI1F22,9.76,9.764
2018-08-02,DI1F23,10.39,10.374
2018-08-02,DI1F19,6.62,6.622
2018-08-02,DI1F29,11.62,11.582
2018-08-02,DI1N19,7.28,7.254
2018-08-02,DI1F28,11.535,11.497
2018-08-02,DI1N25,11.167,11.138
2018-08-02,DI1N26,11.346,11.312
2018-08-03,DI1N24,10.76,10.935
2018-08-03,DI1X18,6.465,6.456
2018-08-03,DI1N22,9.98,10.124
2018-08-03,DI1N23,10.421,10.582
2018-08-03,DI1N20,8.39,8.424
2018-08-03,DI1N21,9.27,9.334
2018-08-03,DI1H19,6.838,6.851
2018-08-03,DI1K19,7.05,7.08
2018-08-03,DI1Z18,6.525,6.537
2018-08-03,DI1J19,6.92,6.933
2018-08-03,DI1J23,10.352,10.51
2018-08-03,DI1J20,8.14,8.174
2018-08-03,DI1J21,9.06,9.114
2018-08-03,DI1U18,6.395,6.397
2018-08-03,DI1J22,9.805,9.934
2018-08-03,DI1M19,7.16,7.179
2018-08-03,DI1V20,8.63,8.694
2018-08-03,DI1F24,10.59,10.758
2018-08-03,DI1V21,9.485,9.574
2018-08-03,DI1F25,10.88,11.063
2018-08-03,DI1G19,6.725,6.738
2018-08-03,DI1F20,7.88,7.894
2018-08-03,DI1F30,11.468,11.66
2018-08-03,DI1F21,8.85,8.894
2018-08-03,DI1V22,10.105,10.254
2018-08-03,DI1F26,11.066,11.254
2018-08-03,DI1F27,11.23,11.422
2018-08-03,DI1V18,6.42,6.417
2018-08-03,DI1V19,7.59,7.614
2018-08-03,DI1Q19,7.395,7.419
2018-08-03,DI1F22,9.65,9.764
2018-08-03,DI1F23,10.24,10.394
2018-08-03,DI1F19,6.61,6.622
2018-08-03,DI1F29,11.43,11.622
2018-08-03,DI1N19,7.26,7.284
2018-08-03,DI1F28,11.345,11.537
2018-08-03,DI1N25,10.985,11.17
2018-08-03,DI1N26,11.159,11.349
2018-08-07,DI1N24,10.908,10.736
2018-08-07,DI1X18,6.47,6.464
2018-08-07,DI1N22,10.11,9.974
2018-08-07,DI1N23,10.564,10.402
2018-08-07,DI1N20,8.56,8.394
2018-08-07,DI1N21,9.42,9.264
2018-08-07,DI1H19,6.915,6.844
2018-08-07,DI1K19,7.06,7.057
2018-08-07,DI1Z18,6.545,6.522
2018-08-07,DI1J19,6.995,6.928
2018-08-07,DI1J23,10.493,10.334
2018-08-07,DI1J20,8.31,8.134
2018-08-07,DI1J21,9.215,9.059
2018-08-07,DI1U18,6.398,6.394
2018-08-07,DI1J22,9.945,9.799
2018-08-07,DI1M19,7.219,7.164
2018-08-07,DI1V20,8.82,8.644
2018-08-07,DI1F24,10.735,10.568
2018-08-07,DI1V21,9.635,9.479
2018-08-07,DI1F25,11.03,10.853
2018-08-07,DI1G19,6.75,6.73
2018-08-07,DI1F20,8.03,7.864
2018-08-07,DI1F30,11.628,11.45
2018-08-07,DI1F21,9.01,8.854
2018-08-07,DI1V22,10.24,10.094
2018-08-07,DI1F26,11.221,11.044
2018-08-07,DI1F27,11.39,11.212
2018-08-07,DI1V18,6.43,6.419
2018-08-07,DI1V19,7.72,7.584
2018-08-07,DI1Q19,7.45,7.396
2018-08-07,DI1F22,9.8,9.644
2018-08-07,DI1F23,10.38,10.224
2018-08-07,DI1F19,6.66,6.612
2018-08-07,DI1F29,11.59,11.412
2018-08-07,DI1N19,7.365,7.264
2018-08-07,DI1F28,11.505,11.327
2018-08-07,DI1N25,11.137,10.96
2018-08-07,DI1N26,11.316,11.138
2018-08-06,DI1N24,10.733,10.763
2018-08-06,DI1X18,6.463,6.466
2018-08-06,DI1N22,9.97,9.984
2018-08-06,DI1N23,10.399,10.424
2018-08-06,DI1N20,8.39,8.394
2018-08-06,DI1N21,9.26,9.274
2018-08-06,DI1H19,6.841,6.841
2018-08-06,DI1K19,7.053,7.054
2018-08-06,DI1Z18,6.52,6.527
2018-08-06,DI1J19,6.925,6.923
2018-08-06,DI1J23,10.331,10.355
2018-08-06,DI1J20,8.13,8.144
2018-08-06,DI1J21,9.055,9.064
2018-08-06,DI1U18,6.394,6.395
2018-08-06,DI1J22,9.795,9.809
2018-08-06,DI1M19,7.16,7.164
2018-08-06,DI1V20,8.64,8.634
2018-08-06,DI1F24,10.565,10.593
2018-08-06,DI1V21,9.475,9.489
2018-08-06,DI1F25,10.85,10.883
2018-08-06,DI1G19,6.727,6.728
2018-08-06,DI1F20,7.86,7.884
2018-08-06,DI1F30,11.448,11.47
2018-08-06,DI1F21,8.85,8.854
2018-08-06,DI1V22,10.09,10.109
2018-08-06,DI1F26,11.041,11.069
2018-08-06,DI1F27,11.21,11.232
2018-08-06,DI1V18,6.418,6.421
2018-08-06,DI1V19,7.58,7.594
2018-08-06,DI1Q19,7.392,7.399
2018-08-06,DI1F22,9.64,9.654
2018-08-06,DI1F23,10.22,10.244
2018-08-06,DI1F19,6.61,6.612
2018-08-06,DI1F29,11.41,11.432
2018-08-06,DI1N19,7.26,7.264
2018-08-06,DI1F28,11.325,11.347
2018-08-06,DI1N25,10.957,10.988
2018-08-06,DI1N26,11.136,11.161
2018-08-08,DI1N24,11.023,10.911
2018-08-08,DI1X18,6.472,6.471
2018-08-08,DI1N22,10.19,10.114
2018-08-08,DI1N23,10.669,10.567
2018-08-08,DI1N20,8.53,8.565
2018-08-08,DI1N21,9.45,9.424
2018-08-08,DI1H19,6.925,6.919
2018-08-08,DI1K19,7.06,7.064
2018-08-08,DI1Z18,6.55,6.547
2018-08-08,DI1J19,6.985,6.999
2018-08-08,DI1J23,10.595,10.497
2018-08-08,DI1J20,8.27,8.315
2018-08-08,DI1J21,9.24,9.219
2018-08-08,DI1U18,6.398,6.398
2018-08-08,DI1J22,10.05,9.949
2018-08-08,DI1M19,7.23,7.223
2018-08-08,DI1V20,8.8,8.825
2018-08-08,DI1F24,10.845,10.738
2018-08-08,DI1V21,9.67,9.639
2018-08-08,DI1F25,11.15,11.033
2018-08-08,DI1G19,6.765,6.753
2018-08-08,DI1F20,7.99,8.035
2018-08-08,DI1F30,11.728,11.63
2018-08-08,DI1F21,9.03,9.014
2018-08-08,DI1V22,10.32,10.244
2018-08-08,DI1F26,11.331,11.224
2018-08-08,DI1F27,11.49,11.392
2018-08-08,DI1V18,6.422,6.431
2018-08-08,DI1V19,7.7,7.725
2018-08-08,DI1Q19,7.45,7.454
2018-08-08,DI1F22,9.87,9.804
2018-08-08,DI1F23,10.48,10.384
2018-08-08,DI1F19,6.645,6.663
2018-08-08,DI1F29,11.69,11.592
2018-08-08,DI1N19,7.35,7.369
2018-08-08,DI1F28,11.605,11.507
2018-08-08,DI1N25,11.252,11.14
2018-08-08,DI1N26,11.421,11.319
2018-08-09,DI1N24,11.18,11.026
2018-08-09,DI1X18,6.475,6.473
2018-08-09,DI1N22,10.34,10.194
2018-08-09,DI1N23,10.821,10.673
2018-08-09,DI1N20,8.66,8.535
2018-08-09,DI1N21,9.61,9.454
2018-08-09,DI1H19,6.962,6.929
2018-08-09,DI1K19,7.15,7.064
2018-08-09,DI1Z18,6.56,6.552
2018-08-09,DI1J19,7.035,6.989
2018-08-09,DI1J23,10.746,10.599
2018-08-09,DI1J20,8.39,8.275
2018-08-09,DI1J21,9.38,9.244
2018-08-09,DI1U18,6.398,6.399
2018-08-09,DI1J22,10.17,10.054
2018-08-09,DI1M19,7.298,7.234
2018-08-09,DI1V20,8.93,8.805
2018-08-09,DI1F24,11,10.848
2018-08-09,DI1V21,9.81,9.674
2018-08-09,DI1F25,11.31,11.153
2018-08-09,DI1G19,6.79,6.768
2018-08-09,DI1F20,8.09,7.995
2018-08-09,DI1F30,11.878,11.73
2018-08-09,DI1F21,9.16,9.034
2018-08-09,DI1V22,10.47,10.324
2018-08-09,DI1F26,11.486,11.334
2018-08-09,DI1F27,11.64,11.492
2018-08-09,DI1V18,6.43,6.423
2018-08-09,DI1V19,7.79,7.705
2018-08-09,DI1Q19,7.555,7.454
2018-08-09,DI1F22,9.99,9.874
2018-08-09,DI1F23,10.63,10.484
2018-08-09,DI1F19,6.66,6.648
2018-08-09,DI1F29,11.84,11.692
2018-08-09,DI1N19,7.425,7.354
2018-08-09,DI1F28,11.755,11.607
2018-08-09,DI1N25,11.41,11.255
2018-08-09,DI1N26,11.574,11.424
2018-08-10,DI1N24,11.535,11.183
2018-08-10,DI1X18,6.5,6.476
2018-08-10,DI1N22,10.72,10.344
2018-08-10,DI1N23,11.186,10.825
2018-08-10,DI1N20,8.98,8.665
2018-08-10,DI1N21,9.98,9.615
2018-08-10,DI1H19,7.123,6.966
2018-08-10,DI1K19,7.369,7.154
2018-08-10,DI1Z18,6.62,6.562
2018-08-10,DI1J19,7.225,7.039
2018-08-10,DI1J23,11.114,10.75
2018-08-10,DI1J20,8.7,8.395
2018-08-10,DI1J21,9.75,9.385
2018-08-10,DI1U18,6.395,6.398
2018-08-10,DI1J22,10.55,10.174
2018-08-10,DI1M19,7.547,7.303
2018-08-10,DI1V20,9.28,8.935
2018-08-10,DI1F24,11.36,11.003
2018-08-10,DI1V21,10.2,9.814
2018-08-10,DI1F25,11.66,11.313
2018-08-10,DI1G19,6.924,6.793
2018-08-10,DI1F20,8.42,8.095
2018-08-10,DI1F30,12.238,11.88
2018-08-10,DI1F21,9.52,9.165
2018-08-10,DI1V22,10.845,10.474
2018-08-10,DI1F26,11.846,11.489
2018-08-10,DI1F27,12.01,11.643
2018-08-10,DI1V18,6.442,6.431
2018-08-10,DI1V19,8.12,7.795
2018-08-10,DI1Q19,7.849,7.56
2018-08-10,DI1F22,10.38,9.994
2018-08-10,DI1F23,11,10.634
2018-08-10,DI1F19,6.765,6.663
2018-08-10,DI1F29,12.2,11.842
2018-08-10,DI1N19,7.7,7.43
2018-08-10,DI1F28,12.12,11.757
2018-08-10,DI1N25,11.765,11.413
2018-08-10,DI1N26,11.939,11.577
2018-08-13,DI1N24,11.58,11.539
2018-08-13,DI1X18,6.51,6.502
2018-08-13,DI1N22,10.78,10.725
2018-08-13,DI1N23,11.221,11.19
2018-08-13,DI1N20,9.03,8.986
2018-08-13,DI1N21,10.02,9.985
2018-08-13,DI1H19,7.121,7.128
2018-08-13,DI1K19,7.38,7.375
2018-08-13,DI1Z18,6.625,6.623
2018-08-13,DI1J19,7.225,7.23
2018-08-13,DI1J23,11.146,11.118
2018-08-13,DI1J20,8.73,8.706
2018-08-13,DI1J21,9.79,9.755
2018-08-13,DI1U18,6.395,6.395
2018-08-13,DI1J22,10.59,10.555
2018-08-13,DI1M19,7.529,7.553
2018-08-13,DI1V20,9.32,9.285
2018-08-13,DI1F24,11.42,11.364
2018-08-13,DI1V21,10.26,10.205
2018-08-13,DI1F25,11.71,11.663
2018-08-13,DI1G19,6.921,6.929
2018-08-13,DI1F20,8.43,8.426
2018-08-13,DI1F30,12.318,12.24
2018-08-13,DI1F21,9.56,9.525
2018-08-13,DI1V22,10.89,10.849
2018-08-13,DI1F26,11.906,11.849
2018-08-13,DI1F27,12.08,12.013
2018-08-13,DI1V18,6.435,6.444
2018-08-13,DI1V19,8.1,8.126
2018-08-13,DI1Q19,7.87,7.855
2018-08-13,DI1F22,10.43,10.385
2018-08-13,DI1F23,11.03,11.004
2018-08-13,DI1F19,6.76,6.769
2018-08-13,DI1F29,12.28,12.202
2018-08-13,DI1N19,7.675,7.706
2018-08-13,DI1F28,12.195,12.122
2018-08-13,DI1N25,11.82,11.768
2018-08-13,DI1N26,12.004,11.942
2018-08-14,DI1N24,11.25,11.584
2018-08-14,DI1X18,6.485,6.512
2018-08-14,DI1N22,10.42,10.785
2018-08-14,DI1N23,10.891,11.225
2018-08-14,DI1N20,8.72,9.036
2018-08-14,DI1N21,9.68,10.025
2018-08-14,DI1H19,6.997,7.126
2018-08-14,DI1K19,7.227,7.386
2018-08-14,DI1Z18,6.57,6.628
2018-08-14,DI1J19,7.08,7.23
2018-08-14,DI1J23,10.821,11.15
2018-08-14,DI1J20,8.45,8.736
2018-08-14,DI1J21,9.46,9.795
2018-08-14,DI1U18,6.395,6.395
2018-08-14,DI1J22,10.25,10.595
2018-08-14,DI1M19,7.368,7.535
2018-08-14,DI1V20,9,9.326
2018-08-14,DI1F24,11.08,11.424
2018-08-14,DI1V21,9.91,10.265
2018-08-14,DI1F25,11.39,11.713
2018-08-14,DI1G19,6.816,6.926
2018-08-14,DI1F20,8.17,8.436
2018-08-14,DI1F30,12.018,12.32
2018-08-14,DI1F21,9.23,9.565
2018-08-14,DI1V22,10.55,10.894
2018-08-14,DI1F26,11.596,11.909
2018-08-14,DI1F27,11.78,12.083
2018-08-14,DI1V18,6.415,6.436
2018-08-14,DI1V19,7.85,8.106
2018-08-14,DI1Q19,7.64,7.876
2018-08-14,DI1F22,10.07,10.435
2018-08-14,DI1F23,10.71,11.034
2018-08-14,DI1F19,6.675,6.764
2018-08-14,DI1F29,11.98,12.282
2018-08-14,DI1N19,7.46,7.681
2018-08-14,DI1F28,11.895,12.198
2018-08-14,DI1N25,11.505,11.823
2018-08-14,DI1N26,11.699,12.007
2018-08-15,DI1N24,11.272,11.253
2018-08-15,DI1X18,6.49,6.487
2018-08-15,DI1N22,10.42,10.424
2018-08-15,DI1N23,10.899,10.895
2018-08-15,DI1N20,8.73,8.725
2018-08-15,DI1N21,9.67,9.685
2018-08-15,DI1H19,7.02,7.001
2018-08-15,DI1K19,7.24,7.232
2018-08-15,DI1Z18,6.58,6.572
2018-08-15,DI1J19,7.09,7.084
2018-08-15,DI1J23,10.825,10.825
2018-08-15,DI1J20,8.46,8.455
2018-08-15,DI1J21,9.43,9.465
2018-08-15,DI1U18,6.395,6.395
2018-08-15,DI1J22,10.24,10.254
2018-08-15,DI1M19,7.385,7.373
2018-08-15,DI1V20,8.99,9.005
2018-08-15,DI1F24,11.095,11.084
2018-08-15,DI1V21,9.89,9.915
2018-08-15,DI1F25,11.42,11.393
2018-08-15,DI1G19,6.85,6.82
2018-08-15,DI1F20,8.19,8.175
2018-08-15,DI1F30,12.048,12.02
2018-08-15,DI1F21,9.22,9.235
2018-08-15,DI1V22,10.55,10.554
2018-08-15,DI1F26,11.616,11.599
2018-08-15,DI1F27,11.79,11.783
2018-08-15,DI1V18,6.425,6.416
2018-08-15,DI1V19,7.87,7.855
2018-08-15,DI1Q19,7.65,7.645
2018-08-15,DI1F22,10.07,10.074
2018-08-15,DI1F23,10.71,10.714
2018-08-15,DI1F19,6.695,6.678
2018-08-15,DI1F29,12.01,11.982
2018-08-15,DI1N19,7.48,7.465
2018-08-15,DI1F28,11.915,11.897
2018-08-15,DI1N25,11.53,11.508
2018-08-15,DI1N26,11.714,11.702
2018-08-16,DI1N24,11.352,11.275
2018-08-16,DI1X18,6.48,6.492
2018-08-16,DI1N22,10.5,10.424
2018-08-16,DI1N23,10.979,10.903
2018-08-16,DI1N20,8.75,8.735
2018-08-16,DI1N21,9.73,9.675
2018-08-16,DI1H19,6.97,7.025
2018-08-16,DI1K19,7.23,7.245
2018-08-16,DI1Z18,6.56,6.583
2018-08-16,DI1J19,7.075,7.095
2018-08-16,DI1J23,10.905,10.829
2018-08-16,DI1J20,8.48,8.465
2018-08-16,DI1J21,9.49,9.435
2018-08-16,DI1U18,6.394,6.396
2018-08-16,DI1J22,10.32,10.244
2018-08-16,DI1M19,7.38,7.39
2018-08-16,DI1V20,9.03,8.995
2018-08-16,DI1F24,11.175,11.099
2018-08-16,DI1V21,9.96,9.895
2018-08-16,DI1F25,11.5,11.423
2018-08-16,DI1G19,6.825,6.854
2018-08-16,DI1F20,8.2,8.195
2018-08-16,DI1F30,12.148,12.05
2018-08-16,DI1F21,9.26,9.225
2018-08-16,DI1V22,10.66,10.554
2018-08-16,DI1F26,11.696,11.619
2018-08-16,DI1F27,11.87,11.793
2018-08-16,DI1V18,6.416,6.426
2018-08-16,DI1V19,7.88,7.875
2018-08-16,DI1Q19,7.653,7.655
2018-08-16,DI1F22,10.15,10.074
2018-08-16,DI1F23,10.79,10.714
2018-08-16,DI1F19,6.665,6.698
2018-08-16,DI1F29,12.11,12.012
2018-08-16,DI1N19,7.48,7.485
2018-08-16,DI1F28,12.005,11.917
2018-08-16,DI1N25,11.61,11.533
2018-08-16,DI1N26,11.794,11.717
2018-08-20,DI1N24,11.582,11.446
2018-08-20,DI1X18,6.485,6.483
2018-08-20,DI1N22,10.69,10.564
2018-08-20,DI1N23,11.189,11.053
2018-08-20,DI1N20,8.84,8.745
2018-08-20,DI1N21,9.86,9.755
2018-08-20,DI1H19,7.006,6.951
2018-08-20,DI1K19,7.282,7.217
2018-08-20,DI1Z18,6.57,6.562
2018-08-20,DI1J19,7.125,7.059
2018-08-20,DI1J23,11.11,10.974
2018-08-20,DI1J20,8.57,8.485
2018-08-20,DI1J21,9.62,9.495
2018-08-20,DI1U18,6.394,6.398
2018-08-20,DI1J22,10.49,10.384
2018-08-20,DI1M19,7.433,7.369
2018-08-20,DI1V20,9.12,9.025
2018-08-20,DI1F24,11.395,11.259
2018-08-20,DI1V21,10.12,9.965
2018-08-20,DI1F25,11.74,11.603
2018-08-20,DI1G19,6.85,6.804
2018-08-20,DI1F20,8.27,8.195
2018-08-20,DI1F30,12.368,12.28
2018-08-20,DI1F21,9.37,9.265
2018-08-20,DI1V22,10.855,10.724
2018-08-20,DI1F26,11.941,11.819
2018-08-20,DI1F27,12.12,12.013
2018-08-20,DI1V18,6.422,6.418
2018-08-20,DI1V19,7.95,7.865
2018-08-20,DI1Q19,7.7,7.64
2018-08-20,DI1F22,10.31,10.195
2018-08-20,DI1F23,10.99,10.854
2018-08-20,DI1F19,6.695,6.663
2018-08-20,DI1F29,12.33,12.242
2018-08-20,DI1N19,7.55,7.47
2018-08-20,DI1F28,12.24,12.143
2018-08-20,DI1N25,11.853,11.723
2018-08-20,DI1N26,12.042,11.927
2018-08-17,DI1N24,11.442,11.355
2018-08-17,DI1X18,6.481,6.482
2018-08-17,DI1N22,10.56,10.504
2018-08-17,DI1N23,11.049,10.983
2018-08-17,DI1N20,8.74,8.755
2018-08-17,DI1N21,9.75,9.735
2018-08-17,DI1H19,6.947,6.974
2018-08-17,DI1K19,7.212,7.235
2018-08-17,DI1Z18,6.56,6.562
2018-08-17,DI1J19,7.055,7.08
2018-08-17,DI1J23,10.97,10.909
2018-08-17,DI1J20,8.48,8.485
2018-08-17,DI1J21,9.49,9.495
2018-08-17,DI1U18,6.397,6.394
2018-08-17,DI1J22,10.38,10.324
2018-08-17,DI1M19,7.364,7.385
2018-08-17,DI1V20,9.02,9.035
2018-08-17,DI1F24,11.255,11.179
2018-08-17,DI1V21,9.96,9.965
2018-08-17,DI1F25,11.6,11.503
2018-08-17,DI1G19,6.8,6.829
2018-08-17,DI1F20,8.19,8.205
2018-08-17,DI1F30,12.278,12.15
2018-08-17,DI1F21,9.26,9.265
2018-08-17,DI1V22,10.72,10.664
2018-08-17,DI1F26,11.816,11.699
2018-08-17,DI1F27,12.01,11.873
2018-08-17,DI1V18,6.417,6.417
2018-08-17,DI1V19,7.86,7.885
2018-08-17,DI1Q19,7.635,7.658
2018-08-17,DI1F22,10.19,10.155
2018-08-17,DI1F23,10.85,10.794
2018-08-17,DI1F19,6.66,6.668
2018-08-17,DI1F29,12.24,12.112
2018-08-17,DI1N19,7.465,7.485
2018-08-17,DI1F28,12.14,12.007
2018-08-17,DI1N25,11.72,11.613
2018-08-17,DI1N26,11.924,11.797
2018-08-21,DI1N24,11.99,11.586
2018-08-21,DI1X18,6.5,6.487
2018-08-21,DI1N22,11.04,10.695
2018-08-21,DI1N23,11.59,11.193
2018-08-21,DI1N20,9.12,8.845
2018-08-21,DI1N21,10.16,9.865
2018-08-21,DI1H19,7.122,7.011
2018-08-21,DI1K19,7.442,7.287
2018-08-21,DI1Z18,6.635,6.573
2018-08-21,DI1J19,7.265,7.13
2018-08-21,DI1J23,11.49,11.114
2018-08-21,DI1J20,8.82,8.575
2018-08-21,DI1J21,9.91,9.625
2018-08-21,DI1U18,6.399,6.395
2018-08-21,DI1J22,10.85,10.495
2018-08-21,DI1M19,7.614,7.438
2018-08-21,DI1V20,9.42,9.125
2018-08-21,DI1F24,11.83,11.399
2018-08-21,DI1V21,10.46,10.125
2018-08-21,DI1F25,12.12,11.743
2018-08-21,DI1G19,6.945,6.854
2018-08-21,DI1F20,8.52,8.276
2018-08-21,DI1F30,12.818,12.37
2018-08-21,DI1F21,9.66,9.375
2018-08-21,DI1V22,11.2,10.859
2018-08-21,DI1F26,12.346,11.944
2018-08-21,DI1F27,12.55,12.123
2018-08-21,DI1V18,6.44,6.423
2018-08-21,DI1V19,8.17,7.956
2018-08-21,DI1Q19,7.907,7.706
2018-08-21,DI1F22,10.64,10.315
2018-08-21,DI1F23,11.35,10.994
2018-08-21,DI1F19,6.78,6.698
2018-08-21,DI1F29,12.78,12.332
2018-08-21,DI1N19,7.75,7.555
2018-08-21,DI1F28,12.68,12.243
2018-08-21,DI1N25,12.245,11.856
2018-08-21,DI1N26,12.459,12.045
2018-08-22,DI1N24,11.834,11.994
2018-08-22,DI1X18,6.515,6.502
2018-08-22,DI1N22,10.9,11.045
2018-08-22,DI1N23,11.44,11.594
2018-08-22,DI1N20,9.01,9.126
2018-08-22,DI1N21,10.06,10.165
2018-08-22,DI1H19,7.079,7.128
2018-08-22,DI1K19,7.385,7.448
2018-08-22,DI1Z18,6.62,6.639
2018-08-22,DI1J19,7.215,7.271
2018-08-22,DI1J23,11.345,11.495
2018-08-22,DI1J20,8.72,8.826
2018-08-22,DI1J21,9.82,9.915
2018-08-22,DI1U18,6.395,6.4
2018-08-22,DI1J22,10.715,10.855
2018-08-22,DI1M19,7.55,7.62
2018-08-22,DI1V20,9.31,9.426
2018-08-22,DI1F24,11.677,11.834
2018-08-22,DI1V21,10.34,10.465
2018-08-22,DI1F25,11.96,12.124
2018-08-22,DI1G19,6.908,6.95
2018-08-22,DI1F20,8.41,8.526
2018-08-22,DI1F30,12.668,12.82
2018-08-22,DI1F21,9.56,9.666
2018-08-22,DI1V22,11.06,11.205
2018-08-22,DI1F26,12.181,12.349
2018-08-22,DI1F27,12.38,12.553
2018-08-22,DI1V18,6.437,6.442
2018-08-22,DI1V19,8.09,8.176
2018-08-22,DI1Q19,7.834,7.914
2018-08-22,DI1F22,10.51,10.645
2018-08-22,DI1F23,11.21,11.355
2018-08-22,DI1F19,6.75,6.784
2018-08-22,DI1F29,12.63,12.783
2018-08-22,DI1N19,7.68,7.756
2018-08-22,DI1F28,12.52,12.683
2018-08-22,DI1N25,12.083,12.248
2018-08-22,DI1N26,12.292,12.462
2018-08-23,DI1N24,11.987,11.838
2018-08-23,DI1X18,6.525,6.518
2018-08-23,DI1N22,11.05,10.905
2018-08-23,DI1N23,11.598,11.444
2018-08-23,DI1N20,9.18,9.016
2018-08-23,DI1N21,10.27,10.065
2018-08-23,DI1H19,7.19,7.084
2018-08-23,DI1K19,7.508,7.391
2018-08-23,DI1Z18,6.665,6.623
2018-08-23,DI1J19,7.335,7.221
2018-08-23,DI1J23,11.504,11.349
2018-08-23,DI1J20,8.88,8.726
2018-08-23,DI1J21,9.99,9.825
2018-08-23,DI1U18,6.393,6.396
2018-08-23,DI1J22,10.88,10.72
2018-08-23,DI1M19,7.677,7.556
2018-08-23,DI1V20,9.49,9.316
2018-08-23,DI1F24,11.832,11.681
2018-08-23,DI1V21,10.52,10.345
2018-08-23,DI1F25,12.11,11.964
2018-08-23,DI1G19,7.004,6.913
2018-08-23,DI1F20,8.57,8.416
2018-08-23,DI1F30,12.788,12.67
2018-08-23,DI1F21,9.76,9.565
2018-08-23,DI1V22,11.215,11.065
2018-08-23,DI1F26,12.331,12.184
2018-08-23,DI1F27,12.53,12.383
2018-08-23,DI1V18,6.445,6.439
2018-08-23,DI1V19,8.23,8.096
2018-08-23,DI1Q19,7.967,7.84
2018-08-23,DI1F22,10.69,10.515
2018-08-23,DI1F23,11.37,11.215
2018-08-23,DI1F19,6.83,6.754
2018-08-23,DI1F29,12.75,12.632
2018-08-23,DI1N19,7.81,7.686
2018-08-23,DI1F28,12.655,12.523
2018-08-23,DI1N25,12.233,12.086
2018-08-23,DI1N26,12.442,12.295
2018-08-24,DI1N24,11.8,11.991
2018-08-24,DI1X18,6.525,6.528
2018-08-24,DI1N22,10.96,11.055
2018-08-24,DI1N23,11.47,11.602
2018-08-24,DI1N20,9.12,9.186
2018-08-24,DI1N21,10.17,10.276
2018-08-24,DI1H19,7.17,7.196
2018-08-24,DI1K19,7.479,7.515
2018-08-24,DI1Z18,6.67,6.669
2018-08-24,DI1J19,7.315,7.341
2018-08-24,DI1J23,11.39,11.509
2018-08-24,DI1J20,8.81,8.886
2018-08-24,DI1J21,9.93,9.996
2018-08-24,DI1U18,6.393,6.394
2018-08-24,DI1J22,10.78,10.885
2018-08-24,DI1M19,7.64,7.684
2018-08-24,DI1V20,9.42,9.496
2018-08-24,DI1F24,11.674,11.836
2018-08-24,DI1V21,10.41,10.525
2018-08-24,DI1F25,11.99,12.114
2018-08-24,DI1G19,6.984,7.01
2018-08-24,DI1F20,8.5,8.576
2018-08-24,DI1F30,12.648,12.79
2018-08-24,DI1F21,9.68,9.766
2018-08-24,DI1V22,11.12,11.22
2018-08-24,DI1F26,12.201,12.334
2018-08-24,DI1F27,12.39,12.533
2018-08-24,DI1V18,6.45,6.447
2018-08-24,DI1V19,8.17,8.237
2018-08-24,DI1Q19,7.917,7.974
2018-08-24,DI1F22,10.6,10.695
2018-08-24,DI1F23,11.27,11.375
2018-08-24,DI1F19,6.81,6.835
2018-08-24,DI1F29,12.61,12.753
2018-08-24,DI1N19,7.765,7.817
2018-08-24,DI1F28,12.515,12.658
2018-08-24,DI1N25,12.108,12.236
2018-08-24,DI1N26,12.307,12.445
2018-08-27,DI1N24,11.703,11.804
2018-08-27,DI1X18,6.496,6.528
2018-08-27,DI1N22,10.87,10.965
2018-08-27,DI1N23,11.378,11.474
2018-08-27,DI1N20,9.06,9.126
2018-08-27,DI1N21,10.1,10.175
2018-08-27,DI1H19,7.134,7.176
2018-08-27,DI1K19,7.444,7.486
2018-08-27,DI1Z18,6.63,6.674
2018-08-27,DI1J19,7.275,7.321
2018-08-27,DI1J23,11.299,11.394
2018-08-27,DI1J20,8.76,8.816
2018-08-27,DI1J21,9.87,9.936
2018-08-27,DI1U18,6.394,6.394
2018-08-27,DI1J22,10.69,10.785
2018-08-27,DI1M19,7.61,7.647
2018-08-27,DI1V20,9.36,9.426
2018-08-27,DI1F24,11.579,11.678
2018-08-27,DI1V21,10.35,10.415
2018-08-27,DI1F25,11.89,11.994
2018-08-27,DI1G19,6.955,6.99
2018-08-27,DI1F20,8.45,8.506
2018-08-27,DI1F30,12.528,12.65
2018-08-27,DI1F21,9.61,9.686
2018-08-27,DI1V22,11.01,11.125
2018-08-27,DI1F26,12.096,12.204
2018-08-27,DI1F27,12.28,12.393
2018-08-27,DI1V18,6.433,6.452
2018-08-27,DI1V19,8.13,8.177
2018-08-27,DI1Q19,7.88,7.924
2018-08-27,DI1F22,10.52,10.605
2018-08-27,DI1F23,11.18,11.275
2018-08-27,DI1F19,6.78,6.815
2018-08-27,DI1F29,12.49,12.612
2018-08-27,DI1N19,7.73,7.772
2018-08-27,DI1F28,12.4,12.518
2018-08-27,DI1N25,12.006,12.111
2018-08-27,DI1N26,12.2,12.31
2018-08-28,DI1N24,11.818,11.707
2018-08-28,DI1X18,6.52,6.498
2018-08-28,DI1N22,10.96,10.875
2018-08-28,DI1N23,11.483,11.382
2018-08-28,DI1N20,9.11,9.066
2018-08-28,DI1N21,10.14,10.105
2018-08-28,DI1H19,7.208,7.14
2018-08-28,DI1K19,7.516,7.45
2018-08-28,DI1Z18,6.665,6.634
2018-08-28,DI1J19,7.36,7.281
2018-08-28,DI1J23,11.401,11.303
2018-08-28,DI1J20,8.8,8.766
2018-08-28,DI1J21,9.93,9.875
2018-08-28,DI1U18,6.39,6.395
2018-08-28,DI1J22,10.78,10.695
2018-08-28,DI1M19,7.668,7.616
2018-08-28,DI1V20,9.42,9.366
2018-08-28,DI1F24,11.69,11.583
2018-08-28,DI1V21,10.42,10.355
2018-08-28,DI1F25,12.01,11.894
2018-08-28,DI1G19,7.02,6.96
2018-08-28,DI1F20,8.49,8.456
2018-08-28,DI1F30,12.638,12.53
2018-08-28,DI1F21,9.66,9.616
2018-08-28,DI1V22,11.105,11.015
2018-08-28,DI1F26,12.216,12.099
2018-08-28,DI1F27,12.4,12.283
2018-08-28,DI1V18,6.44,6.435
2018-08-28,DI1V19,8.18,8.136
2018-08-28,DI1Q19,7.937,7.886
2018-08-28,DI1F22,10.6,10.525
2018-08-28,DI1F23,11.28,11.184
2018-08-28,DI1F19,6.835,6.785
2018-08-28,DI1F29,12.6,12.492
2018-08-28,DI1N19,7.79,7.736
2018-08-28,DI1F28,12.515,12.403
2018-08-28,DI1N25,12.126,12.009
2018-08-28,DI1N26,12.32,12.203
2018-08-29,DI1N24,11.813,11.822
2018-08-29,DI1X18,6.5,6.523
2018-08-29,DI1N22,10.92,10.965
2018-08-29,DI1N23,11.468,11.487
2018-08-29,DI1N20,9.05,9.116
2018-08-29,DI1N21,10.1,10.145
2018-08-29,DI1H19,7.157,7.215
2018-08-29,DI1K19,7.463,7.523
2018-08-29,DI1Z18,6.65,6.669
2018-08-29,DI1J19,7.305,7.367
2018-08-29,DI1J23,11.383,11.405
2018-08-29,DI1J20,8.75,8.806
2018-08-29,DI1J21,9.87,9.936
2018-08-29,DI1U18,6.387,6.39
2018-08-29,DI1J22,10.72,10.785
2018-08-29,DI1M19,7.617,7.675
2018-08-29,DI1V20,9.36,9.426
2018-08-29,DI1F24,11.68,11.694
2018-08-29,DI1V21,10.37,10.425
2018-08-29,DI1F25,12.01,12.014
2018-08-29,DI1G19,6.972,7.026
2018-08-29,DI1F20,8.45,8.496
2018-08-29,DI1F30,12.668,12.64
2018-08-29,DI1F21,9.59,9.666
2018-08-29,DI1V22,11.08,11.11
2018-08-29,DI1F26,12.226,12.219
2018-08-29,DI1F27,12.42,12.403
2018-08-29,DI1V18,6.438,6.442
2018-08-29,DI1V19,8.13,8.187
2018-08-29,DI1Q19,7.887,7.944
2018-08-29,DI1F22,10.54,10.605
2018-08-29,DI1F23,11.26,11.285
2018-08-29,DI1F19,6.79,6.84
2018-08-29,DI1F29,12.63,12.602
2018-08-29,DI1N19,7.74,7.797
2018-08-29,DI1F28,12.54,12.518
2018-08-29,DI1N25,12.131,12.129
2018-08-29,DI1N26,12.335,12.323
2018-09-03,DI1N24,12.131,11.925
2018-09-03,DI1X18,6.543,6.539
2018-09-03,DI1N22,11.26,11.105
2018-09-03,DI1N23,11.801,11.595
2018-09-03,DI1N20,9.4,9.256
2018-09-03,DI1N21,10.46,10.286
2018-09-03,DI1H19,7.344,7.305
2018-09-03,DI1K19,7.693,7.636
2018-09-03,DI1Z18,6.747,6.746
2018-09-03,DI1J19,7.52,7.468
2018-09-03,DI1J23,11.72,11.515
2018-09-03,DI1J20,9.1,8.967
2018-09-03,DI1J21,10.22,10.046
2018-09-03,DI1U19,8.295,8.203
2018-09-03,DI1U18,6.39,6.39
2018-09-03,DI1J22,11.075,10.915
2018-09-03,DI1M19,7.862,7.8
2018-09-03,DI1V20,9.71,9.546
2018-09-03,DI1F24,12.005,11.799
2018-09-03,DI1V21,10.69,10.525
2018-09-03,DI1F25,12.32,12.114
2018-09-03,DI1G19,7.133,7.107
2018-09-03,DI1F20,8.79,8.677
2018-09-03,DI1F30,12.918,12.76
2018-09-03,DI1F21,9.99,9.816
2018-09-03,DI1V22,11.42,11.24
2018-09-03,DI1F26,12.5,12.318
2018-09-03,DI1F27,12.67,12.513
2018-09-03,DI1V18,6.469,6.453
2018-09-03,DI1V19,8.44,8.337
2018-09-03,DI1Q19,8.164,8.084
2018-09-03,DI1F22,10.9,10.735
2018-09-03,DI1F23,11.6,11.395
2018-09-03,DI1F19,6.925,6.911
2018-09-03,DI1F29,12.88,12.723
2018-09-03,DI1N19,8,7.933
2018-09-03,DI1F28,12.79,12.633
2018-09-03,DI1N25,12.423,12.229
2018-09-03,DI1N26,12.597,12.427
2018-09-04,DI1N24,12.281,12.135
2018-09-04,DI1X18,6.535,6.547
2018-09-04,DI1N22,11.44,11.265
2018-09-04,DI1N23,11.951,11.806
2018-09-04,DI1N20,9.52,9.407
2018-09-04,DI1N21,10.61,10.466
2018-09-04,DI1H19,7.359,7.352
2018-09-04,DI1K19,7.71,7.701
2018-09-04,DI1Z18,6.752,6.753
2018-09-04,DI1J19,7.54,7.528
2018-09-04,DI1J23,11.87,11.725
2018-09-04,DI1J20,9.19,9.107
2018-09-04,DI1J21,10.355,10.226
2018-09-04,DI1U19,8.338,8.303
2018-09-04,DI1J22,11.25,11.08
2018-09-04,DI1M19,7.894,7.87
2018-09-04,DI1V20,9.83,9.716
2018-09-04,DI1F24,12.155,12.009
2018-09-04,DI1V21,10.85,10.696
2018-09-04,DI1F25,12.47,12.324
2018-09-04,DI1G19,7.143,7.14
2018-09-04,DI1F20,8.86,8.797
2018-09-04,DI1F30,13.098,12.92
2018-09-04,DI1F21,10.11,9.996
2018-09-04,DI1V22,11.585,11.425
2018-09-04,DI1F26,12.67,12.503
2018-09-04,DI1F27,12.86,12.673
2018-09-04,DI1V18,6.461,6.473
2018-09-04,DI1V19,8.49,8.448
2018-09-04,DI1Q19,8.2,8.172
2018-09-04,DI1F22,11.07,10.906
2018-09-04,DI1F23,11.75,11.605
2018-09-04,DI1F19,6.93,6.932
2018-09-04,DI1F29,13.06,12.883
2018-09-04,DI1N19,8.045,8.008
2018-09-04,DI1F28,12.975,12.793
2018-09-04,DI1N25,12.583,12.427
2018-09-04,DI1N26,12.777,12.6
2018-09-06,DI1N24,12.148,12.305
2018-09-06,DI1X18,6.46,6.523
2018-09-06,DI1N22,11.28,11.455
2018-09-06,DI1N23,11.85,11.976
2018-09-06,DI1N20,9.32,9.467
2018-09-06,DI1N21,10.46,10.616
2018-09-06,DI1H19,7.275,7.352
2018-09-06,DI1K19,7.578,7.696
2018-09-06,DI1Z18,6.655,6.737
2018-09-06,DI1J19,7.41,7.528
2018-09-06,DI1J23,11.735,11.895
2018-09-06,DI1J20,9,9.157
2018-09-06,DI1J21,10.185,10.356
2018-09-06,DI1U19,8.193,8.311
2018-09-06,DI1J22,11.085,11.261
2018-09-06,DI1M19,7.76,7.878
2018-09-06,DI1V20,9.68,9.797
2018-09-06,DI1F24,12.038,12.179
2018-09-06,DI1V21,10.7,10.856
2018-09-06,DI1F25,12.32,12.494
2018-09-06,DI1G19,7.1,7.14
2018-09-06,DI1F20,8.67,8.827
2018-09-06,DI1F30,12.998,13.15
2018-09-06,DI1F21,9.92,10.106
2018-09-06,DI1V22,11.42,11.605
2018-09-06,DI1F26,12.54,12.704
2018-09-06,DI1F27,12.75,12.903
2018-09-06,DI1V18,6.427,6.449
2018-09-06,DI1V19,8.34,8.458
2018-09-06,DI1Q19,8.06,8.178
2018-09-06,DI1F22,10.9,11.076
2018-09-06,DI1F23,11.58,11.775
2018-09-06,DI1F19,6.805,6.932
2018-09-06,DI1F29,12.96,13.113
2018-09-06,DI1N19,7.91,8.028
2018-09-06,DI1F28,12.87,13.023
2018-09-06,DI1N25,12.443,12.612
2018-09-06,DI1N26,12.657,12.815
2018-09-10,DI1N24,12.16,12.152
2018-09-10,DI1X18,6.45,6.462
2018-09-10,DI1N22,11.21,11.285
2018-09-10,DI1N23,11.828,11.855
2018-09-10,DI1N20,9.18,9.327
2018-09-10,DI1N21,10.33,10.466
2018-09-10,DI1H19,7.131,7.282
2018-09-10,DI1K19,7.446,7.586
2018-09-10,DI1Z18,6.61,6.66
2018-09-10,DI1J19,7.295,7.417
2018-09-10,DI1J23,11.704,11.74
2018-09-10,DI1J20,8.83,9.007
2018-09-10,DI1J21,10.055,10.191
2018-09-10,DI1U19,8.17,8.2
2018-09-10,DI1J22,11.005,11.09
2018-09-10,DI1M19,7.61,7.768
2018-09-10,DI1V20,9.545,9.686
2018-09-10,DI1F24,12.033,12.042
2018-09-10,DI1V21,10.59,10.706
2018-09-10,DI1F25,12.33,12.324
2018-09-10,DI1G19,6.93,7.107
2018-09-10,DI1F20,8.5,8.677
2018-09-10,DI1F30,13.018,13
2018-09-10,DI1F21,9.79,9.926
2018-09-10,DI1V22,11.365,11.425
2018-09-10,DI1F26,12.545,12.543
2018-09-10,DI1F27,12.75,12.753
2018-09-10,DI1V18,6.424,6.43
2018-09-10,DI1V19,8.16,8.347
2018-09-10,DI1Q19,7.965,8.068
2018-09-10,DI1F22,10.81,10.906
2018-09-10,DI1F23,11.54,11.585
2018-09-10,DI1F19,6.765,6.81
2018-09-10,DI1F29,12.98,12.963
2018-09-10,DI1N19,7.745,7.918
2018-09-10,DI1F28,12.88,12.873
2018-09-10,DI1N25,12.451,12.447
2018-09-10,DI1N26,12.66,12.66
2018-09-11,DI1N24,12.28,12.164
2018-09-11,DI1X18,6.461,6.452
2018-09-11,DI1N22,11.28,11.215
2018-09-11,DI1N23,11.928,11.833
2018-09-11,DI1N20,9.22,9.186
2018-09-11,DI1N21,10.4,10.336
2018-09-11,DI1H19,7.195,7.137
2018-09-11,DI1K19,7.479,7.453
2018-09-11,DI1Z18,6.655,6.614
2018-09-11,DI1J19,7.33,7.302
2018-09-11,DI1J23,11.799,11.709
2018-09-11,DI1J20,8.87,8.836
2018-09-11,DI1J21,10.12,10.061
2018-09-11,DI1U19,8.07,8.177
2018-09-11,DI1J22,11.085,11.01
2018-09-11,DI1M19,7.641,7.617
2018-09-11,DI1V20,9.54,9.551
2018-09-11,DI1F24,12.143,12.037
2018-09-11,DI1V21,10.67,10.596
2018-09-11,DI1F25,12.42,12.334
2018-09-11,DI1G19,6.985,6.936
2018-09-11,DI1F20,8.53,8.506
2018-09-11,DI1F30,13.168,13.02
2018-09-11,DI1F21,9.85,9.796
2018-09-11,DI1V22,11.445,11.37
2018-09-11,DI1F26,12.665,12.548
2018-09-11,DI1F27,12.9,12.753
2018-09-11,DI1V18,6.434,6.426
2018-09-11,DI1V19,8.19,8.167
2018-09-11,DI1Q19,7.931,7.972
2018-09-11,DI1F22,10.9,10.815
2018-09-11,DI1F23,11.63,11.545
2018-09-11,DI1F19,6.805,6.77
2018-09-11,DI1F29,13.13,12.983
2018-09-11,DI1N19,7.775,7.752
2018-09-11,DI1F28,13.03,12.883
2018-09-11,DI1N25,12.556,12.455
2018-09-11,DI1N26,12.795,12.663
2018-09-12,DI1N24,12.235,12.284
2018-09-12,DI1X18,6.475,6.463
2018-09-12,DI1N22,11.22,11.285
2018-09-12,DI1N23,11.873,11.933
2018-09-12,DI1N20,9.13,9.226
2018-09-12,DI1N21,10.31,10.406
2018-09-12,DI1H19,7.147,7.202
2018-09-12,DI1K19,7.396,7.486
2018-09-12,DI1Z18,6.64,6.66
2018-09-12,DI1J19,7.25,7.337
2018-09-12,DI1J23,11.741,11.804
2018-09-12,DI1J20,8.79,8.876
2018-09-12,DI1J21,10.03,10.126
2018-09-12,DI1U19,7.974,8.077
2018-09-12,DI1J22,11.02,11.09
2018-09-12,DI1M19,7.554,7.648
2018-09-12,DI1V20,9.45,9.546
2018-09-12,DI1F24,12.093,12.147
2018-09-12,DI1V21,10.59,10.676
2018-09-12,DI1F25,12.38,12.424
2018-09-12,DI1G19,6.965,6.991
2018-09-12,DI1F20,8.47,8.537
2018-09-12,DI1F30,13.058,13.17
2018-09-12,DI1F21,9.77,9.856
2018-09-12,DI1V22,11.385,11.45
2018-09-12,DI1F26,12.595,12.669
2018-09-12,DI1F27,12.8,12.903
2018-09-12,DI1V18,6.432,6.438
2018-09-12,DI1V19,8.09,8.197
2018-09-12,DI1Q19,7.84,7.938
2018-09-12,DI1F22,10.83,10.906
2018-09-12,DI1F23,11.57,11.635
2018-09-12,DI1F19,6.785,6.811
2018-09-12,DI1F29,13.02,13.133
2018-09-12,DI1N19,7.685,7.782
2018-09-12,DI1F28,12.925,13.033
2018-09-12,DI1N25,12.501,12.56
2018-09-12,DI1N26,12.71,12.798
2018-09-13,DI1N24,12.368,12.239
2018-09-13,DI1X18,6.49,6.477
2018-09-13,DI1N22,11.42,11.225
2018-09-13,DI1N23,12.031,11.878
2018-09-13,DI1N20,9.37,9.136
2018-09-13,DI1N21,10.55,10.316
2018-09-13,DI1H19,7.23,7.154
2018-09-13,DI1K19,7.536,7.402
2018-09-13,DI1Z18,6.67,6.645
2018-09-13,DI1J19,7.37,7.256
2018-09-13,DI1J23,11.905,11.746
2018-09-13,DI1J20,9,8.796
2018-09-13,DI1J21,10.265,10.036
2018-09-13,DI1U19,8.136,7.981
2018-09-13,DI1J22,11.22,11.025
2018-09-13,DI1M19,7.715,7.561
2018-09-13,DI1V20,9.7,9.456
2018-09-13,DI1F24,12.238,12.097
2018-09-13,DI1V21,10.8,10.596
2018-09-13,DI1F25,12.5,12.384
2018-09-13,DI1G19,7,6.971
2018-09-13,DI1F20,8.66,8.476
2018-09-13,DI1F30,13.188,13.06
2018-09-13,DI1F21,10,9.776
2018-09-13,DI1V22,11.56,11.39
2018-09-13,DI1F26,12.73,12.598
2018-09-13,DI1F27,12.95,12.803
2018-09-13,DI1V18,6.435,6.436
2018-09-13,DI1V19,8.3,8.097
2018-09-13,DI1Q19,7.95,7.847
2018-09-13,DI1F22,11.03,10.835
2018-09-13,DI1F23,11.74,11.575
2018-09-13,DI1F19,6.865,6.79
2018-09-13,DI1F29,13.15,13.023
2018-09-13,DI1N19,7.865,7.692
2018-09-13,DI1F28,13.065,12.928
2018-09-13,DI1N25,12.628,12.505
2018-09-13,DI1N26,12.852,12.713
2018-09-14,DI1N24,12.248,12.372
2018-09-14,DI1X18,6.495,6.493
2018-09-14,DI1N22,11.32,11.425
2018-09-14,DI1N23,11.911,12.036
2018-09-14,DI1N20,9.29,9.377
2018-09-14,DI1N21,10.45,10.556
2018-09-14,DI1H19,7.269,7.237
2018-09-14,DI1K19,7.534,7.543
2018-09-14,DI1Z18,6.705,6.675
2018-09-14,DI1J19,7.38,7.377
2018-09-14,DI1J23,11.785,11.91
2018-09-14,DI1J20,8.96,9.007
2018-09-14,DI1J21,10.175,10.271
2018-09-14,DI1U19,8.121,8.143
2018-09-14,DI1J22,11.12,11.226
2018-09-14,DI1M19,7.701,7.723
2018-09-14,DI1V20,9.65,9.707
2018-09-14,DI1F24,12.118,12.243
2018-09-14,DI1V21,10.7,10.806
2018-09-14,DI1F25,12.38,12.504
2018-09-14,DI1G19,7.065,7.006
2018-09-14,DI1F20,8.64,8.667
2018-09-14,DI1F30,13.058,13.19
2018-09-14,DI1F21,9.92,10.006
2018-09-14,DI1V22,11.45,11.565
2018-09-14,DI1F26,12.595,12.734
2018-09-14,DI1F27,12.8,12.953
2018-09-14,DI1V18,6.45,6.439
2018-09-14,DI1V19,8.29,8.307
2018-09-14,DI1Q19,7.93,7.957
2018-09-14,DI1F22,10.93,11.036
2018-09-14,DI1F23,11.62,11.745
2018-09-14,DI1F19,6.87,6.871
2018-09-14,DI1F29,13.02,13.153
2018-09-14,DI1N19,7.84,7.873
2018-09-14,DI1F28,12.925,13.068
2018-09-14,DI1N25,12.501,12.632
2018-09-14,DI1N26,12.71,12.855
2018-09-17,DI1N24,12.109,12.252
2018-09-17,DI1X18,6.465,6.498
2018-09-17,DI1N22,11.2,11.325
2018-09-17,DI1N23,11.74,11.916
2018-09-17,DI1N20,9.17,9.297
2018-09-17,DI1N21,10.34,10.456
2018-09-17,DI1H19,7.154,7.277
2018-09-17,DI1K19,7.416,7.541
2018-09-17,DI1Z18,6.61,6.711
2018-09-17,DI1J19,7.265,7.387
2018-09-17,DI1J23,11.64,11.79
2018-09-17,DI1J20,8.83,8.967
2018-09-17,DI1J21,10.06,10.181
2018-09-17,DI1U19,7.986,8.128
2018-09-17,DI1J22,11,11.125
2018-09-17,DI1M19,7.579,7.708
2018-09-17,DI1V20,9.53,9.656
2018-09-17,DI1F24,11.94,12.122
2018-09-17,DI1V21,10.6,10.706
2018-09-17,DI1F25,12.28,12.384
2018-09-17,DI1G19,6.95,7.072
2018-09-17,DI1F20,8.5,8.647
2018-09-17,DI1F30,12.948,13.06
2018-09-17,DI1F21,9.8,9.926
2018-09-17,DI1V22,11.33,11.455
2018-09-17,DI1F26,12.49,12.598
2018-09-17,DI1F27,12.69,12.803
2018-09-17,DI1V18,6.42,6.456
2018-09-17,DI1V19,8.15,8.297
2018-09-17,DI1Q19,7.8,7.937
2018-09-17,DI1F22,10.81,10.936
2018-09-17,DI1F23,11.5,11.625
2018-09-17,DI1F19,6.765,6.877
2018-09-17,DI1F29,12.91,13.023
2018-09-17,DI1N19,7.715,7.847
2018-09-17,DI1F28,12.815,12.928
2018-09-17,DI1N25,12.399,12.505
2018-09-17,DI1N26,12.603,12.713
2018-09-18,DI1N24,12.036,12.113
2018-09-18,DI1X18,6.465,6.467
2018-09-18,DI1N22,11.11,11.205
2018-09-18,DI1N23,11.662,11.745
2018-09-18,DI1N20,9.14,9.176
2018-09-18,DI1N21,10.24,10.346
2018-09-18,DI1H19,7.149,7.161
2018-09-18,DI1K19,7.413,7.423
2018-09-18,DI1Z18,6.612,6.614
2018-09-18,DI1J19,7.265,7.272
2018-09-18,DI1J23,11.561,11.645
2018-09-18,DI1J20,8.81,8.836
2018-09-18,DI1J21,9.99,10.066
2018-09-18,DI1U19,7.976,7.993
2018-09-18,DI1J22,10.91,11.005
2018-09-18,DI1M19,7.585,7.586
2018-09-18,DI1V20,9.49,9.536
2018-09-18,DI1F24,11.865,11.944
2018-09-18,DI1V21,10.505,10.606
2018-09-18,DI1F25,12.21,12.284
2018-09-18,DI1G19,6.94,6.956
2018-09-18,DI1F20,8.49,8.507
2018-09-18,DI1F30,12.898,12.95
2018-09-18,DI1F21,9.72,9.806
2018-09-18,DI1V22,11.245,11.335
2018-09-18,DI1F26,12.43,12.493
2018-09-18,DI1F27,12.64,12.693
2018-09-18,DI1V18,6.428,6.423
2018-09-18,DI1V19,8.14,8.157
2018-09-18,DI1Q19,7.79,7.807
2018-09-18,DI1F22,10.72,10.815
2018-09-18,DI1F23,11.42,11.505
2018-09-18,DI1F19,6.77,6.77
2018-09-18,DI1F29,12.86,12.913
2018-09-18,DI1N19,7.705,7.722
2018-09-18,DI1F28,12.765,12.818
2018-09-18,DI1N25,12.334,12.403
2018-09-18,DI1N26,12.548,12.606
2018-09-19,DI1N24,11.969,12.04
2018-09-19,DI1X18,6.454,6.467
2018-09-19,DI1N22,11.08,11.115
2018-09-19,DI1N23,11.6,11.667
2018-09-19,DI1N20,9.15,9.146
2018-09-19,DI1N21,10.26,10.246
2018-09-19,DI1H19,7.153,7.156
2018-09-19,DI1K19,7.442,7.42
2018-09-19,DI1Z18,6.611,6.616
2018-09-19,DI1J19,7.28,7.272
2018-09-19,DI1J23,11.5,11.566
2018-09-19,DI1J20,8.84,8.816
2018-09-19,DI1J21,9.99,9.996
2018-09-19,DI1U19,8.021,7.983
2018-09-19,DI1J22,10.89,10.915
2018-09-19,DI1M19,7.628,7.592
2018-09-19,DI1V20,9.46,9.496
2018-09-19,DI1F24,11.8,11.869
2018-09-19,DI1V21,10.51,10.511
2018-09-19,DI1F25,12.14,12.214
2018-09-19,DI1G19,6.935,6.946
2018-09-19,DI1F20,8.53,8.497
2018-09-19,DI1F30,12.818,12.9
2018-09-19,DI1F21,9.74,9.726
2018-09-19,DI1V22,11.24,11.25
2018-09-19,DI1F26,12.365,12.433
2018-09-19,DI1F27,12.58,12.643
2018-09-19,DI1V18,6.418,6.433
2018-09-19,DI1V19,8.18,8.147
2018-09-19,DI1Q19,7.84,7.797
2018-09-19,DI1F22,10.71,10.725
2018-09-19,DI1F23,11.36,11.425
2018-09-19,DI1F19,6.785,6.775
2018-09-19,DI1F29,12.78,12.863
2018-09-19,DI1N19,7.76,7.712
2018-09-19,DI1F28,12.695,12.768
2018-09-19,DI1N25,12.266,12.338
2018-09-19,DI1N26,12.485,12.551
2018-09-20,DI1N24,11.874,11.973
2018-09-20,DI1X18,6.416,6.456
2018-09-20,DI1N22,11.02,11.085
2018-09-20,DI1N23,11.535,11.604
2018-09-20,DI1N20,9.13,9.156
2018-09-20,DI1N21,10.23,10.266
2018-09-20,DI1H19,7.111,7.16
2018-09-20,DI1K19,7.4,7.449
2018-09-20,DI1Z18,6.57,6.616
2018-09-20,DI1J19,7.235,7.287
2018-09-20,DI1J23,11.443,11.505
2018-09-20,DI1J20,8.82,8.846
2018-09-20,DI1J21,9.965,9.996
2018-09-20,DI1U19,7.986,8.028
2018-09-20,DI1J22,10.835,10.895
2018-09-20,DI1M19,7.585,7.635
2018-09-20,DI1V20,9.45,9.466
2018-09-20,DI1F24,11.72,11.804
2018-09-20,DI1V21,10.47,10.516
2018-09-20,DI1F25,12.03,12.144
2018-09-20,DI1G19,6.895,6.941
2018-09-20,DI1F20,8.49,8.537
2018-09-20,DI1F30,12.658,12.82
2018-09-20,DI1F21,9.72,9.746
2018-09-20,DI1V22,11.16,11.245
2018-09-20,DI1F26,12.23,12.368
2018-09-20,DI1F27,12.42,12.583
2018-09-20,DI1V18,6.391,6.422
2018-09-20,DI1V19,8.15,8.187
2018-09-20,DI1Q19,7.8,7.847
2018-09-20,DI1F22,10.66,10.715
2018-09-20,DI1F23,11.31,11.365
2018-09-20,DI1F19,6.73,6.791
2018-09-20,DI1F29,12.62,12.783
2018-09-20,DI1N19,7.715,7.767
2018-09-20,DI1F28,12.535,12.698
2018-09-20,DI1N25,12.144,12.27
2018-09-20,DI1N26,12.338,12.488
2018-09-21,DI1N24,11.662,11.878
2018-09-21,DI1X18,6.412,6.417
2018-09-21,DI1N22,10.88,11.025
2018-09-21,DI1N23,11.353,11.539
2018-09-21,DI1N20,9.02,9.136
2018-09-21,DI1N21,10.09,10.236
2018-09-21,DI1H19,7.074,7.118
2018-09-21,DI1K19,7.352,7.407
2018-09-21,DI1Z18,6.54,6.574
2018-09-21,DI1J19,7.19,7.242
2018-09-21,DI1J23,11.267,11.448
2018-09-21,DI1J20,8.71,8.826
2018-09-21,DI1J21,9.84,9.971
2018-09-21,DI1U19,7.914,7.993
2018-09-21,DI1J22,10.7,10.84
2018-09-21,DI1M19,7.533,7.592
2018-09-21,DI1V20,9.34,9.456
2018-09-21,DI1F24,11.525,11.724
2018-09-21,DI1V21,10.34,10.475
2018-09-21,DI1F25,11.8,12.034
2018-09-21,DI1G19,6.865,6.901
2018-09-21,DI1F20,8.39,8.497
2018-09-21,DI1F30,12.368,12.66
2018-09-21,DI1F21,9.61,9.726
2018-09-21,DI1V22,11.005,11.165
2018-09-21,DI1F26,11.98,12.233
2018-09-21,DI1F27,12.15,12.423
2018-09-21,DI1V18,6.391,6.391
2018-09-21,DI1V19,8.07,8.157
2018-09-21,DI1Q19,7.737,7.807
2018-09-21,DI1F22,10.53,10.665
2018-09-21,DI1F23,11.14,11.315
2018-09-21,DI1F19,6.69,6.735
2018-09-21,DI1F29,12.33,12.622
2018-09-21,DI1N19,7.66,7.722
2018-09-21,DI1F28,12.255,12.538
2018-09-21,DI1N25,11.904,12.147
2018-09-21,DI1N26,12.078,12.341
2018-09-24,DI1N24,11.727,11.666
2018-09-24,DI1X18,6.42,6.413
2018-09-24,DI1N22,10.93,10.885
2018-09-24,DI1N23,11.408,11.357
2018-09-24,DI1N20,9.07,9.026
2018-09-24,DI1N21,10.15,10.095
2018-09-24,DI1H19,7.085,7.08
2018-09-24,DI1K19,7.377,7.359
2018-09-24,DI1Z18,6.55,6.543
2018-09-24,DI1J19,7.215,7.196
2018-09-24,DI1J23,11.319,11.271
2018-09-24,DI1J20,8.76,8.716
2018-09-24,DI1J21,9.91,9.846
2018-09-24,DI1U19,7.943,7.921
2018-09-24,DI1J22,10.75,10.705
2018-09-24,DI1M19,7.558,7.54
2018-09-24,DI1V20,9.4,9.346
2018-09-24,DI1F24,11.585,11.529
2018-09-24,DI1V21,10.4,10.345
2018-09-24,DI1F25,11.87,11.804
2018-09-24,DI1G19,6.885,6.87
2018-09-24,DI1F20,8.44,8.396
2018-09-24,DI1F30,12.458,12.37
2018-09-24,DI1F21,9.65,9.616
2018-09-24,DI1V22,11.055,11.01
2018-09-24,DI1F26,12.055,11.983
2018-09-24,DI1F27,12.23,12.153
2018-09-24,DI1V18,6.39,6.391
2018-09-24,DI1V19,8.1,8.077
2018-09-24,DI1Q19,7.764,7.743
2018-09-24,DI1F22,10.58,10.535
2018-09-24,DI1F23,11.19,11.145
2018-09-24,DI1F19,6.715,6.695
2018-09-24,DI1F29,12.42,12.332
2018-09-24,DI1N19,7.685,7.667
2018-09-24,DI1F28,12.34,12.258
2018-09-24,DI1N25,11.976,11.907
2018-09-24,DI1N26,12.155,12.081
2018-09-25,DI1N24,11.727,11.731
2018-09-25,DI1X18,6.42,6.421
2018-09-25,DI1N22,10.935,10.935
2018-09-25,DI1N23,11.408,11.412
2018-09-25,DI1N20,9.06,9.076
2018-09-25,DI1N21,10.16,10.156
2018-09-25,DI1H19,7.082,7.091
2018-09-25,DI1K19,7.367,7.384
2018-09-25,DI1Z18,6.56,6.553
2018-09-25,DI1J19,7.205,7.222
2018-09-25,DI1J23,11.319,11.323
2018-09-25,DI1J20,8.76,8.766
2018-09-25,DI1J21,9.92,9.916
2018-09-25,DI1U19,7.974,7.95
2018-09-25,DI1J22,10.758,10.755
2018-09-25,DI1M19,7.548,7.565
2018-09-25,DI1V20,9.38,9.406
2018-09-25,DI1F24,11.585,11.589
2018-09-25,DI1V21,10.41,10.405
2018-09-25,DI1F25,11.87,11.874
2018-09-25,DI1G19,6.888,6.891
2018-09-25,DI1F20,8.44,8.446
2018-09-25,DI1F30,12.478,12.46
2018-09-25,DI1F21,9.66,9.656
2018-09-25,DI1V22,11.057,11.06
2018-09-25,DI1F26,12.065,12.058
2018-09-25,DI1F27,12.25,12.233
2018-09-25,DI1V18,6.391,6.39
2018-09-25,DI1V19,8.09,8.107
2018-09-25,DI1Q19,7.84,7.771
2018-09-25,DI1F22,10.59,10.585
2018-09-25,DI1F23,11.19,11.195
2018-09-25,DI1F19,6.725,6.72
2018-09-25,DI1F29,12.44,12.422
2018-09-25,DI1N19,7.675,7.692
2018-09-25,DI1F28,12.36,12.343
2018-09-25,DI1N25,11.981,11.979
2018-09-25,DI1N26,12.17,12.158
2018-09-26,DI1N24,11.582,11.731
2018-09-26,DI1X18,6.415,6.421
2018-09-26,DI1N22,10.79,10.94
2018-09-26,DI1N23,11.273,11.412
2018-09-26,DI1N20,8.98,9.066
2018-09-26,DI1N21,10.03,10.166
2018-09-26,DI1H19,7.04,7.089
2018-09-26,DI1K19,7.324,7.374
2018-09-26,DI1Z18,6.535,6.564
2018-09-26,DI1J19,7.165,7.212
2018-09-26,DI1J23,11.187,11.323
2018-09-26,DI1J20,8.67,8.766
2018-09-26,DI1J21,9.8,9.926
2018-09-26,DI1U19,7.917,7.981
2018-09-26,DI1J22,10.621,10.763
2018-09-26,DI1M19,7.501,7.555
2018-09-26,DI1V20,9.29,9.386
2018-09-26,DI1F24,11.445,11.589
2018-09-26,DI1V21,10.28,10.415
2018-09-26,DI1F25,11.72,11.874
2018-09-26,DI1G19,6.865,6.894
2018-09-26,DI1F20,8.36,8.447
2018-09-26,DI1F30,12.308,12.48
2018-09-26,DI1F21,9.55,9.666
2018-09-26,DI1V22,10.92,11.062
2018-09-26,DI1F26,11.91,12.068
2018-09-26,DI1F27,12.09,12.253
2018-09-26,DI1V18,6.389,6.392
2018-09-26,DI1V19,8.03,8.097
2018-09-26,DI1Q19,7.787,7.847
2018-09-26,DI1F22,10.46,10.595
2018-09-26,DI1F23,11.06,11.195
2018-09-26,DI1F19,6.68,6.73
2018-09-26,DI1F29,12.27,12.442
2018-09-26,DI1N19,7.625,7.682
2018-09-26,DI1F28,12.195,12.363
2018-09-26,DI1N25,11.829,11.984
2018-09-26,DI1N26,12.013,12.173
2018-10-03,DI1N24,11.205,11.308
2018-10-03,DI1X18,6.406,6.405
2018-10-03,DI1N22,10.49,10.585
2018-10-03,DI1N23,10.92,11.024
2018-10-03,DI1N20,8.77,8.816
2018-10-03,DI1N21,9.8,9.865
2018-10-03,DI1H19,6.95,6.95
2018-10-03,DI1K19,7.215,7.213
2018-10-03,DI1Z18,6.49,6.492
2018-10-03,DI1J19,7.08,7.076
2018-10-03,DI1J23,10.846,10.95
2018-10-03,DI1J20,8.46,8.496
2018-10-03,DI1J21,9.59,9.65
2018-10-03,DI1U19,7.74,7.749
2018-10-03,DI1J22,10.331,10.421
2018-10-03,DI1M19,7.366,7.366
2018-10-03,DI1V23,11.007,11.111
2018-10-03,DI1V20,9.075,9.126
2018-10-03,DI1F24,11.08,11.184
2018-10-03,DI1V21,10.005,10.08
2018-10-03,DI1F25,11.33,11.433
2018-10-03,DI1G19,6.8,6.795
2018-10-03,DI1F20,8.16,8.186
2018-10-03,DI1F30,11.828,11.96
2018-10-03,DI1F21,9.34,9.395
2018-10-03,DI1V22,10.605,10.704
2018-10-03,DI1F26,11.485,11.603
2018-10-03,DI1F27,11.63,11.763
2018-10-03,DI1V19,7.845,7.846
2018-10-03,DI1Q19,7.636,7.637
2018-10-03,DI1F22,10.18,10.265
2018-10-03,DI1F23,10.73,10.834
2018-10-03,DI1F19,6.64,6.628
2018-10-03,DI1F29,11.79,11.922
2018-10-03,DI1N19,7.49,7.491
2018-10-03,DI1F28,11.725,11.857
2018-10-03,DI1N25,11.422,11.532
2018-10-03,DI1N26,11.571,11.696
2018-10-04,DI1N24,11.118,11.208
2018-10-04,DI1X18,6.406,6.406
2018-10-04,DI1N22,10.415,10.494
2018-10-04,DI1N23,10.838,10.924
2018-10-04,DI1N20,8.75,8.776
2018-10-04,DI1N21,9.75,9.805
2018-10-04,DI1H19,6.938,6.955
2018-10-04,DI1K19,7.21,7.221
2018-10-04,DI1Z18,6.505,6.492
2018-10-04,DI1J19,7.08,7.086
2018-10-04,DI1J23,10.765,10.85
2018-10-04,DI1J20,8.44,8.466
2018-10-04,DI1J21,9.55,9.595
2018-10-04,DI1U19,7.722,7.746
2018-10-04,DI1J22,10.264,10.336
2018-10-04,DI1M19,7.365,7.372
2018-10-04,DI1V23,10.924,11.011
2018-10-04,DI1V20,9.06,9.08
2018-10-04,DI1F24,10.996,11.084
2018-10-04,DI1V21,9.95,10.01
2018-10-04,DI1F25,11.24,11.333
2018-10-04,DI1G19,6.775,6.805
2018-10-04,DI1F20,8.15,8.166
2018-10-04,DI1F30,11.773,11.83
2018-10-04,DI1F21,9.31,9.345
2018-10-04,DI1V22,10.527,10.609
2018-10-04,DI1F26,11.405,11.488
2018-10-04,DI1F27,11.56,11.633
2018-10-04,DI1V19,7.835,7.851
2018-10-04,DI1Q19,7.61,7.642
2018-10-04,DI1F22,10.12,10.185
2018-10-04,DI1F23,10.65,10.734
2018-10-04,DI1F19,6.635,6.644
2018-10-04,DI1F29,11.735,11.792
2018-10-04,DI1N19,7.485,7.496
2018-10-04,DI1F28,11.662,11.727
2018-10-04,DI1N25,11.337,11.425
2018-10-04,DI1N26,11.496,11.574
2018-10-05,DI1N24,11.221,11.121
2018-10-05,DI1X18,6.411,6.406
2018-10-05,DI1N22,10.49,10.419
2018-10-05,DI1N23,10.926,10.842
2018-10-05,DI1N20,8.83,8.755
2018-10-05,DI1N21,9.83,9.755
2018-10-05,DI1H19,6.945,6.943
2018-10-05,DI1K19,7.232,7.216
2018-10-05,DI1Z18,6.505,6.508
2018-10-05,DI1J19,7.09,7.086
2018-10-05,DI1J23,10.849,10.769
2018-10-05,DI1J20,8.53,8.446
2018-10-05,DI1J21,9.63,9.555
2018-10-05,DI1U19,7.791,7.728
2018-10-05,DI1J22,10.342,10.268
2018-10-05,DI1M19,7.399,7.371
2018-10-05,DI1V23,11.016,10.928
2018-10-05,DI1V20,9.14,9.065
2018-10-05,DI1F24,11.092,11
2018-10-05,DI1V21,10.03,9.955
2018-10-05,DI1F25,11.35,11.243
2018-10-05,DI1G19,6.78,6.78
2018-10-05,DI1F20,8.24,8.156
2018-10-05,DI1F30,11.888,11.775
2018-10-05,DI1F21,9.39,9.315
2018-10-05,DI1V22,10.605,10.531
2018-10-05,DI1F26,11.515,11.408
2018-10-05,DI1F27,11.67,11.563
2018-10-05,DI1V19,7.915,7.841
2018-10-05,DI1Q19,7.667,7.616
2018-10-05,DI1F22,10.2,10.125
2018-10-05,DI1F23,10.73,10.654
2018-10-05,DI1F19,6.645,6.639
2018-10-05,DI1F29,11.85,11.737
2018-10-05,DI1N19,7.53,7.491
2018-10-05,DI1F28,11.772,11.664
2018-10-05,DI1N25,11.447,11.34
2018-10-05,DI1N26,11.606,11.499
2018-10-10,DI1N24,10.545,10.453
2018-10-10,DI1X18,6.41,6.41
2018-10-10,DI1N22,9.81,9.734
2018-10-10,DI1N23,10.255,10.153
2018-10-10,DI1N20,8.24,8.134
2018-10-10,DI1N21,9.16,9.044
2018-10-10,DI1H19,6.68,6.674
2018-10-10,DI1K19,6.86,6.811
2018-10-10,DI1Z18,6.467,6.459
2018-10-10,DI1J19,6.77,6.733
2018-10-10,DI1J23,10.178,10.079
2018-10-10,DI1J20,7.98,7.874
2018-10-10,DI1J21,8.981,8.865
2018-10-10,DI1U19,7.297,7.231
2018-10-10,DI1J22,9.662,9.571
2018-10-10,DI1M19,6.972,6.913
2018-10-10,DI1V23,10.344,10.24
2018-10-10,DI1V20,8.51,8.414
2018-10-10,DI1F24,10.42,10.313
2018-10-10,DI1V21,9.355,9.244
2018-10-10,DI1F25,10.67,10.593
2018-10-10,DI1G19,6.61,6.587
2018-10-10,DI1F20,7.71,7.614
2018-10-10,DI1F30,11.268,11.16
2018-10-10,DI1F21,8.76,8.644
2018-10-10,DI1V22,9.93,9.844
2018-10-10,DI1F26,10.85,10.767
2018-10-10,DI1F27,11.02,10.932
2018-10-10,DI1V19,7.4,7.334
2018-10-10,DI1Q19,7.195,7.129
2018-10-10,DI1F22,9.52,9.414
2018-10-10,DI1F23,10.06,9.963
2018-10-10,DI1F19,6.539,6.517
2018-10-10,DI1F29,11.23,11.122
2018-10-10,DI1N19,7.08,7.013
2018-10-10,DI1F28,11.11,11.039
2018-10-10,DI1N25,10.774,10.695
2018-10-10,DI1N26,10.948,10.863
2018-10-11,DI1N24,10.638,10.548
2018-10-11,DI1X18,6.41,6.411
2018-10-11,DI1N22,9.88,9.814
2018-10-11,DI1N23,10.333,10.258
2018-10-11,DI1N20,8.21,8.244
2018-10-11,DI1N21,9.16,9.164
2018-10-11,DI1H19,6.655,6.683
2018-10-11,DI1K19,6.805,6.863
2018-10-11,DI1Z18,6.448,6.469
2018-10-11,DI1J19,6.715,6.773
2018-10-11,DI1J23,10.252,10.181
2018-10-11,DI1J20,7.94,7.984
2018-10-11,DI1J21,8.966,8.985
2018-10-11,DI1U19,7.265,7.301
2018-10-11,DI1J22,9.717,9.666
2018-10-11,DI1M19,6.92,6.976
2018-10-11,DI1V23,10.426,10.347
2018-10-11,DI1V20,8.51,8.514
2018-10-11,DI1F24,10.506,10.423
2018-10-11,DI1V21,9.375,9.359
2018-10-11,DI1F25,10.77,10.673
2018-10-11,DI1G19,6.58,6.613
2018-10-11,DI1F20,7.66,7.714
2018-10-11,DI1F30,11.348,11.27
2018-10-11,DI1F21,8.73,8.764
2018-10-11,DI1V22,10,9.934
2018-10-11,DI1F26,10.95,10.853
2018-10-11,DI1F27,11.12,11.022
2018-10-11,DI1V19,7.35,7.404
2018-10-11,DI1Q19,7.151,7.199
2018-10-11,DI1F22,9.56,9.524
2018-10-11,DI1F23,10.13,10.064
2018-10-11,DI1F19,6.525,6.542
2018-10-11,DI1F29,11.31,11.232
2018-10-11,DI1N19,7.025,7.084
2018-10-11,DI1F28,11.2,11.112
2018-10-11,DI1N25,10.874,10.777
2018-10-11,DI1N26,11.048,10.95
2018-10-15,DI1N24,10.323,10.641
2018-10-15,DI1X18,6.41,6.411
2018-10-15,DI1N22,9.61,9.884
2018-10-15,DI1N23,10.048,10.336
2018-10-15,DI1N20,8.08,8.214
2018-10-15,DI1N21,8.97,9.164
2018-10-15,DI1H19,6.618,6.658
2018-10-15,DI1K19,6.76,6.808
2018-10-15,DI1Z18,6.458,6.45
2018-10-15,DI1J19,6.69,6.718
2018-10-15,DI1J23,9.975,10.255
2018-10-15,DI1J20,7.83,7.944
2018-10-15,DI1J21,8.786,8.97
2018-10-15,DI1U19,7.193,7.269
2018-10-15,DI1J22,9.462,9.721
2018-10-15,DI1M19,6.855,6.923
2018-10-15,DI1V23,10.134,10.429
2018-10-15,DI1V20,8.35,8.514
2018-10-15,DI1F24,10.206,10.509
2018-10-15,DI1V21,9.17,9.379
2018-10-15,DI1F25,10.44,10.773
2018-10-15,DI1G19,6.55,6.582
2018-10-15,DI1F20,7.56,7.664
2018-10-15,DI1F30,10.998,11.35
2018-10-15,DI1F21,8.56,8.734
2018-10-15,DI1V22,9.73,10.004
2018-10-15,DI1F26,10.61,10.953
2018-10-15,DI1F27,10.77,11.122
2018-10-15,DI1V19,7.275,7.354
2018-10-15,DI1Q19,7.083,7.155
2018-10-15,DI1F22,9.32,9.564
2018-10-15,DI1F23,9.86,10.134
2018-10-15,DI1F19,6.508,6.527
2018-10-15,DI1F29,10.96,11.312
2018-10-15,DI1N19,6.96,7.029
2018-10-15,DI1F28,10.85,11.202
2018-10-15,DI1N25,10.539,10.877
2018-10-15,DI1N26,10.703,11.05
2018-01-09,DI1N24,10.15,10.112
2018-01-09,DI1X18,6.701,6.697
2018-01-09,DI1N22,9.645,9.602
2018-01-09,DI1N23,9.906,9.868
2018-01-09,DI1N20,8.52,8.493
2018-01-09,DI1N21,9.21,9.173
2018-01-09,DI1H18,6.802,6.8
2018-01-09,DI1K18,6.665,6.686
2018-01-09,DI1Z18,6.756,6.754
2018-01-09,DI1J18,6.728,6.722
2018-01-09,DI1J19,7.03,7.02
2018-01-09,DI1J20,8.29,8.262
2018-01-09,DI1J21,9.065,9.028
2018-01-09,DI1U18,6.668,6.665
2018-01-09,DI1J22,9.549,9.503
2018-01-09,DI1M18,6.64,6.648
2018-01-09,DI1G18,6.893,6.895
2018-01-09,DI1V20,8.74,8.713
2018-01-09,DI1F24,10.02,9.982
2018-01-09,DI1V21,9.355,9.313
2018-01-09,DI1F25,10.23,10.192
2018-01-09,DI1F20,8,7.982
2018-01-09,DI1F30,10.748,10.724
2018-01-09,DI1F21,8.9,8.863
2018-01-09,DI1V22,9.732,9.692
2018-01-09,DI1F26,10.36,10.322
2018-01-09,DI1F27,10.49,10.462
2018-01-09,DI1V18,6.67,6.664
2018-01-09,DI1V19,7.7,7.692
2018-01-09,DI1Q18,6.65,6.65
2018-01-09,DI1F22,9.46,9.413
2018-01-09,DI1F23,9.78,9.742
2018-01-09,DI1F19,6.81,6.81
2018-01-09,DI1F29,10.71,10.686
2018-01-09,DI1N19,7.34,7.321
2018-01-09,DI1F28,10.62,10.594
2018-01-09,DI1N18,6.63,6.628
2018-08-30,DI1N24,12.108,11.817
2018-08-30,DI1X18,6.555,6.503
2018-08-30,DI1N22,11.27,10.925
2018-08-30,DI1N23,11.773,11.472
2018-08-30,DI1N20,9.42,9.056
2018-08-30,DI1N21,10.44,10.105
2018-08-30,DI1H19,7.363,7.163
2018-08-30,DI1K19,7.713,7.47
2018-08-30,DI1Z18,6.785,6.654
2018-08-30,DI1J19,7.535,7.311
2018-08-30,DI1J23,11.691,11.387
2018-08-30,DI1J20,9.11,8.756
2018-08-30,DI1J21,10.2,9.875
2018-08-30,DI1U18,6.379,6.386
2018-08-30,DI1J22,11.07,10.725
2018-08-30,DI1M19,7.888,7.624
2018-08-30,DI1V20,9.72,9.366
2018-08-30,DI1F24,11.98,11.684
2018-08-30,DI1V21,10.7,10.375
2018-08-30,DI1F25,12.3,12.014
2018-08-30,DI1G19,7.156,6.978
2018-08-30,DI1F20,8.8,8.456
2018-08-30,DI1F30,12.938,12.67
2018-08-30,DI1F21,9.95,9.596
2018-08-30,DI1V22,11.41,11.085
2018-08-30,DI1F26,12.5,12.229
2018-08-30,DI1F27,12.69,12.423
2018-08-30,DI1V18,6.475,6.44
2018-08-30,DI1V19,8.46,8.136
2018-08-30,DI1Q19,8.19,7.894
2018-08-30,DI1F22,10.88,10.545
2018-08-30,DI1F23,11.57,11.265
2018-08-30,DI1F19,6.95,6.795
2018-08-30,DI1F29,12.9,12.632
2018-08-30,DI1N19,8.03,7.747
2018-08-30,DI1F28,12.81,12.543
2018-08-30,DI1N25,12.413,12.134
2018-08-30,DI1N26,12.607,12.338
2018-09-05,DI1N24,12.301,12.285
2018-09-05,DI1X18,6.52,6.539
2018-09-05,DI1N22,11.45,11.445
2018-09-05,DI1N23,11.971,11.956
2018-09-05,DI1N20,9.46,9.527
2018-09-05,DI1N21,10.61,10.616
2018-09-05,DI1H19,7.344,7.367
2018-09-05,DI1K19,7.688,7.718
2018-09-05,DI1Z18,6.731,6.758
2018-09-05,DI1J19,7.52,7.548
2018-09-05,DI1J23,11.89,11.875
2018-09-05,DI1J20,9.15,9.197
2018-09-05,DI1J21,10.35,10.361
2018-09-05,DI1U19,8.303,8.346
2018-09-05,DI1J22,11.255,11.256
2018-09-05,DI1M19,7.87,7.902
2018-09-05,DI1V20,9.79,9.837
2018-09-05,DI1F24,12.175,12.159
2018-09-05,DI1V21,10.85,10.856
2018-09-05,DI1F25,12.49,12.474
2018-09-05,DI1G19,7.133,7.151
2018-09-05,DI1F20,8.82,8.868
2018-09-05,DI1F30,13.148,13.1
2018-09-05,DI1F21,10.1,10.116
2018-09-05,DI1V22,11.6,11.59
2018-09-05,DI1F26,12.7,12.674
2018-09-05,DI1F27,12.9,12.863
2018-09-05,DI1V18,6.446,6.465
2018-09-05,DI1V19,8.45,8.498
2018-09-05,DI1Q19,8.17,8.208
2018-09-05,DI1F22,11.07,11.076
2018-09-05,DI1F23,11.77,11.755
2018-09-05,DI1F19,6.925,6.937
2018-09-05,DI1F29,13.11,13.063
2018-09-05,DI1N19,8.02,8.053
2018-09-05,DI1F28,13.02,12.978
2018-09-05,DI1N25,12.608,12.587
2018-09-05,DI1N26,12.812,12.78
2018-12-28,DI1N24,8.98,9.014
2018-12-28,DI1N22,8.35,8.362
2018-12-28,DI1X19,6.518,6.536
2018-12-28,DI1N23,8.7,8.741
2018-12-28,DI1N20,6.91,6.921
2018-12-28,DI1N21,7.77,7.782
2018-12-28,DI1H19,6.415,6.416
2018-12-28,DI1K19,6.44,6.461
2018-12-28,DI1Z19,6.531,6.551
2018-12-28,DI1J19,6.43,6.43
2018-12-28,DI1J23,8.638,8.68
2018-12-28,DI1J20,6.7,6.721
2018-12-28,DI1J21,7.59,7.602
2018-12-28,DI1U19,6.458,6.468
2018-12-28,DI1J22,8.17,8.217
2018-12-28,DI1M19,6.44,6.456
2018-12-28,DI1V23,8.786,8.828
2018-12-28,DI1V20,7.16,7.172
2018-12-28,DI1F24,8.86,8.902
2018-12-28,DI1V21,7.95,7.932
2018-12-28,DI1F25,9.1,9.132
2018-12-28,DI1G19,6.405,6.407
2018-12-28,DI1F20,6.55,6.571
2018-12-28,DI1F30,9.608,9.629
2018-12-28,DI1F21,7.36,7.392
2018-12-28,DI1F31,9.64,9.661
2018-12-28,DI1V22,8.43,8.467
2018-12-28,DI1F26,9.28,9.302
2018-12-28,DI1F27,9.41,9.422
2018-12-28,DI1V19,6.49,6.506
2018-12-28,DI1Q19,6.455,6.459
2018-12-28,DI1F22,8.08,8.082
2018-12-28,DI1F23,8.53,8.572
2018-12-28,DI1F19,6.399,6.397
2018-12-28,DI1F29,9.57,9.591
2018-12-28,DI1N19,6.455,6.46
2018-12-28,DI1F28,9.475,9.491
2018-12-28,DI1N25,9.185,9.212
2018-12-28,DI1N26,9.36,9.377
2018-07-13,DI1N24,11.169,11.255
2018-07-13,DI1X18,6.58,6.613
2018-07-13,DI1N22,10.39,10.494
2018-07-13,DI1N23,10.817,10.909
2018-07-13,DI1N20,8.74,8.835
2018-07-13,DI1N21,9.65,9.755
2018-07-13,DI1H19,7.086,7.164
2018-07-13,DI1K19,7.342,7.428
2018-07-13,DI1Z18,6.698,6.747
2018-07-13,DI1J19,7.2,7.285
2018-07-13,DI1J23,10.751,10.844
2018-07-13,DI1J20,8.49,8.595
2018-07-13,DI1J21,9.43,9.535
2018-07-13,DI1U18,6.45,6.466
2018-07-13,DI1J22,10.23,10.324
2018-07-13,DI1M19,7.473,7.56
2018-07-13,DI1V20,9.01,9.105
2018-07-13,DI1F24,11.009,11.098
2018-07-13,DI1V21,9.89,9.985
2018-07-13,DI1F25,11.28,11.363
2018-07-13,DI1G19,6.906,6.977
2018-07-13,DI1F20,8.21,8.325
2018-07-13,DI1F30,11.798,11.91
2018-07-13,DI1F21,9.21,9.315
2018-07-13,DI1V22,10.515,10.614
2018-07-13,DI1F26,11.45,11.538
2018-07-13,DI1F27,11.6,11.693
2018-07-13,DI1V18,6.5,6.522
2018-07-13,DI1V19,7.94,8.045
2018-07-13,DI1Q18,6.401,6.406
2018-07-13,DI1F22,10.06,10.164
2018-07-13,DI1F23,10.64,10.734
2018-07-13,DI1F19,6.82,6.884
2018-07-13,DI1F29,11.76,11.872
2018-07-13,DI1N19,7.585,7.685
2018-07-13,DI1F28,11.695,11.797
2018-07-13,DI1N25,11.375,11.46
2018-07-13,DI1N26,11.535,11.625
2018-09-27,DI1N24,11.475,11.586
2018-09-27,DI1X18,6.411,6.416
2018-09-27,DI1N22,10.71,10.795
2018-09-27,DI1N23,11.171,11.277
2018-09-27,DI1N20,8.9,8.986
2018-09-27,DI1N21,9.94,10.035
2018-09-27,DI1H19,6.996,7.046
2018-09-27,DI1K19,7.259,7.33
2018-09-27,DI1Z18,6.511,6.538
2018-09-27,DI1J19,7.11,7.171
2018-09-27,DI1J23,11.086,11.191
2018-09-27,DI1J20,8.58,8.676
2018-09-27,DI1J21,9.71,9.806
2018-09-27,DI1U19,7.822,7.924
2018-09-27,DI1J22,10.541,10.626
2018-09-27,DI1M19,7.425,7.508
2018-09-27,DI1V20,9.21,9.296
2018-09-27,DI1F24,11.34,11.449
2018-09-27,DI1V21,10.195,10.285
2018-09-27,DI1F25,11.61,11.723
2018-09-27,DI1G19,6.83,6.871
2018-09-27,DI1F20,8.27,8.366
2018-09-27,DI1F30,12.188,12.31
2018-09-27,DI1F21,9.46,9.556
2018-09-27,DI1V22,10.83,10.925
2018-09-27,DI1F26,11.79,11.913
2018-09-27,DI1F27,11.96,12.093
2018-09-27,DI1V18,6.39,6.389
2018-09-27,DI1V19,7.93,8.037
2018-09-27,DI1Q19,7.697,7.794
2018-09-27,DI1F22,10.38,10.465
2018-09-27,DI1F23,10.96,11.064
2018-09-27,DI1F19,6.66,6.685
2018-09-27,DI1F29,12.15,12.272
2018-09-27,DI1N19,7.54,7.632
2018-09-27,DI1F28,12.07,12.198
2018-09-27,DI1N25,11.714,11.832
2018-09-27,DI1N26,11.888,12.016
2018-10-01,DI1N24,11.52,11.646
2018-10-01,DI1X18,6.41,6.416
2018-10-01,DI1N22,10.77,10.845
2018-10-01,DI1N23,11.225,11.337
2018-10-01,DI1N20,8.89,8.956
2018-10-01,DI1N21,10.01,10.065
2018-10-01,DI1H19,6.982,7.039
2018-10-01,DI1K19,7.225,7.305
2018-10-01,DI1Z18,6.52,6.533
2018-10-01,DI1J19,7.08,7.151
2018-10-01,DI1J23,11.143,11.251
2018-10-01,DI1J20,8.56,8.636
2018-10-01,DI1J21,9.785,9.846
2018-10-01,DI1U19,7.775,7.878
2018-10-01,DI1J22,10.601,10.676
2018-10-01,DI1M19,7.387,7.477
2018-10-01,DI1V23,11.314,11.41
2018-10-01,DI1V20,9.21,9.296
2018-10-01,DI1F24,11.39,11.509
2018-10-01,DI1V21,10.24,10.305
2018-10-01,DI1F25,11.65,11.784
2018-10-01,DI1G19,6.83,6.874
2018-10-01,DI1F20,8.24,8.326
2018-10-01,DI1F30,12.158,12.36
2018-10-01,DI1F21,9.52,9.586
2018-10-01,DI1V22,10.89,10.98
2018-10-01,DI1F26,11.805,11.963
2018-10-01,DI1F27,11.95,12.133
2018-10-01,DI1V18,6.39,6.39
2018-10-01,DI1V19,7.88,7.986
2018-10-01,DI1Q19,7.654,7.754
2018-10-01,DI1F22,10.44,10.515
2018-10-01,DI1F23,11.02,11.125
2018-10-01,DI1F19,6.668,6.7
2018-10-01,DI1F29,12.12,12.322
2018-10-01,DI1N19,7.5,7.597
2018-10-01,DI1F28,12.05,12.243
2018-10-01,DI1N25,11.742,11.887
2018-10-01,DI1N26,11.891,12.061
2018-10-02,DI1N24,11.305,11.524
2018-10-02,DI1X18,6.405,6.41
2018-10-02,DI1N22,10.58,10.775
2018-10-02,DI1N23,11.02,11.229
2018-10-02,DI1N20,8.81,8.896
2018-10-02,DI1N21,9.86,10.015
2018-10-02,DI1H19,6.945,6.988
2018-10-02,DI1K19,7.207,7.231
2018-10-02,DI1Z18,6.49,6.523
2018-10-02,DI1J19,7.07,7.086
2018-10-02,DI1J23,10.946,11.147
2018-10-02,DI1J20,8.49,8.566
2018-10-02,DI1J21,9.645,9.79
2018-10-02,DI1U19,7.743,7.781
2018-10-02,DI1J22,10.416,10.606
2018-10-02,DI1M19,7.36,7.393
2018-10-02,DI1V23,11.107,11.318
2018-10-02,DI1V20,9.12,9.216
2018-10-02,DI1F24,11.18,11.394
2018-10-02,DI1V21,10.075,10.245
2018-10-02,DI1F25,11.43,11.653
2018-10-02,DI1G19,6.79,6.835
2018-10-02,DI1F20,8.18,8.246
2018-10-02,DI1F30,11.958,12.16
2018-10-02,DI1F21,9.39,9.526
2018-10-02,DI1V22,10.7,10.895
2018-10-02,DI1F26,11.6,11.808
2018-10-02,DI1F27,11.76,11.953
2018-10-02,DI1V19,7.84,7.886
2018-10-02,DI1Q19,7.631,7.66
2018-10-02,DI1F22,10.26,10.445
2018-10-02,DI1F23,10.83,11.024
2018-10-02,DI1F19,6.624,6.672
2018-10-02,DI1F29,11.92,12.122
2018-10-02,DI1N19,7.485,7.506
2018-10-02,DI1F28,11.855,12.052
2018-10-02,DI1N25,11.529,11.745
2018-10-02,DI1N26,11.693,11.894
2018-10-08,DI1N24,10.615,11.224
2018-10-08,DI1X18,6.401,6.412
2018-10-08,DI1N22,9.94,10.494
2018-10-08,DI1N23,10.33,10.93
2018-10-08,DI1N20,8.36,8.836
2018-10-08,DI1N21,9.28,9.835
2018-10-08,DI1H19,6.762,6.951
2018-10-08,DI1K19,6.968,7.238
2018-10-08,DI1Z18,6.46,6.508
2018-10-08,DI1J19,6.86,7.096
2018-10-08,DI1J23,10.256,10.853
2018-10-08,DI1J20,8.11,8.536
2018-10-08,DI1J21,9.106,9.635
2018-10-08,DI1U19,7.437,7.797
2018-10-08,DI1J22,9.792,10.347
2018-10-08,DI1M19,7.1,7.405
2018-10-08,DI1V23,10.417,11.02
2018-10-08,DI1V20,8.65,9.146
2018-10-08,DI1F24,10.49,11.096
2018-10-08,DI1V21,9.48,10.035
2018-10-08,DI1F25,10.74,11.353
2018-10-08,DI1G19,6.64,6.785
2018-10-08,DI1F20,7.85,8.246
2018-10-08,DI1F30,11.348,11.89
2018-10-08,DI1F21,8.89,9.395
2018-10-08,DI1V22,10.035,10.609
2018-10-08,DI1F26,10.94,11.518
2018-10-08,DI1F27,11.13,11.673
2018-10-08,DI1V19,7.55,7.921
2018-10-08,DI1Q19,7.325,7.673
2018-10-08,DI1F22,9.65,10.205
2018-10-08,DI1F23,10.14,10.734
2018-10-08,DI1F19,6.537,6.649
2018-10-08,DI1F29,11.31,11.852
2018-10-08,DI1N19,7.2,7.536
2018-10-08,DI1F28,11.232,11.774
2018-10-08,DI1N25,10.854,11.45
2018-10-08,DI1N26,11.048,11.609
2018-10-09,DI1N24,10.45,10.618
2018-10-09,DI1X18,6.409,6.401
2018-10-09,DI1N22,9.73,9.944
2018-10-09,DI1N23,10.15,10.333
2018-10-09,DI1N20,8.13,8.365
2018-10-09,DI1N21,9.04,9.284
2018-10-09,DI1H19,6.671,6.766
2018-10-09,DI1K19,6.808,6.972
2018-10-09,DI1Z18,6.457,6.462
2018-10-09,DI1J19,6.73,6.864
2018-10-09,DI1J23,10.076,10.259
2018-10-09,DI1J20,7.87,8.115
2018-10-09,DI1J21,8.861,9.11
2018-10-09,DI1U19,7.227,7.442
2018-10-09,DI1J22,9.567,9.796
2018-10-09,DI1M19,6.91,7.104
2018-10-09,DI1V23,10.237,10.42
2018-10-09,DI1V20,8.41,8.655
2018-10-09,DI1F24,10.31,10.493
2018-10-09,DI1V21,9.24,9.484
2018-10-09,DI1F25,10.59,10.743
2018-10-09,DI1G19,6.585,6.643
2018-10-09,DI1F20,7.61,7.855
2018-10-09,DI1F30,11.158,11.35
2018-10-09,DI1F21,8.64,8.894
2018-10-09,DI1V22,9.84,10.039
2018-10-09,DI1F26,10.765,10.943
2018-10-09,DI1F27,10.93,11.132
2018-10-09,DI1V19,7.33,7.555
2018-10-09,DI1Q19,7.125,7.33
2018-10-09,DI1F22,9.41,9.654
2018-10-09,DI1F23,9.96,10.144
2018-10-09,DI1F19,6.515,6.539
2018-10-09,DI1F29,11.12,11.312
2018-10-09,DI1N19,7.01,7.204
2018-10-09,DI1F28,11.037,11.234
2018-10-09,DI1N25,10.692,10.857
2018-10-09,DI1N26,10.861,11.05
2018-10-16,DI1N24,10.07,10.326
2018-10-16,DI1X18,6.404,6.411
2018-10-16,DI1N22,9.42,9.614
2018-10-16,DI1N23,9.81,10.051
2018-10-16,DI1N20,7.99,8.084
2018-10-16,DI1N21,8.83,8.974
2018-10-16,DI1H19,6.608,6.62
2018-10-16,DI1K19,6.738,6.763
2018-10-16,DI1Z18,6.45,6.46
2018-10-16,DI1J19,6.675,6.693
2018-10-16,DI1J23,9.741,9.978
2018-10-16,DI1J20,7.75,7.834
2018-10-16,DI1J21,8.64,8.79
2018-10-16,DI1U19,7.134,7.197
2018-10-16,DI1J22,9.282,9.466
2018-10-16,DI1M19,6.825,6.858
2018-10-16,DI1V23,9.892,10.137
2018-10-16,DI1V20,8.25,8.354
2018-10-16,DI1F24,9.96,10.209
2018-10-16,DI1V21,9.02,9.174
2018-10-16,DI1F25,10.18,10.443
2018-10-16,DI1G19,6.545,6.552
2018-10-16,DI1F20,7.5,7.564
2018-10-16,DI1F30,10.738,11
2018-10-16,DI1F21,8.45,8.564
2018-10-16,DI1V22,9.52,9.733
2018-10-16,DI1F26,10.355,10.612
2018-10-16,DI1F27,10.52,10.772
2018-10-16,DI1V19,7.205,7.279
2018-10-16,DI1Q19,7.036,7.086
2018-10-16,DI1F22,9.15,9.324
2018-10-16,DI1F23,9.63,9.863
2018-10-16,DI1F19,6.498,6.51
2018-10-16,DI1F29,10.7,10.962
2018-10-16,DI1N19,6.925,6.963
2018-10-16,DI1F28,10.595,10.852
2018-10-16,DI1N25,10.281,10.542
2018-10-16,DI1N26,10.45,10.705
2018-10-17,DI1N24,9.865,10.073
2018-10-17,DI1X18,6.407,6.404
2018-10-17,DI1N22,9.26,9.423
2018-10-17,DI1N23,9.61,9.813
2018-10-17,DI1N20,7.99,7.994
2018-10-17,DI1N21,8.74,8.834
2018-10-17,DI1H19,6.603,6.61
2018-10-17,DI1K19,6.728,6.741
2018-10-17,DI1Z18,6.44,6.452
2018-10-17,DI1J19,6.65,6.677
2018-10-17,DI1J23,9.551,9.744
2018-10-17,DI1J20,7.75,7.754
2018-10-17,DI1J21,8.576,8.644
2018-10-17,DI1U19,7.144,7.137
2018-10-17,DI1J22,9.142,9.285
2018-10-17,DI1M19,6.83,6.828
2018-10-17,DI1V23,9.682,9.895
2018-10-17,DI1V20,8.23,8.254
2018-10-17,DI1F24,9.74,9.963
2018-10-17,DI1V21,8.915,9.024
2018-10-17,DI1F25,9.99,10.182
2018-10-17,DI1G19,6.535,6.547
2018-10-17,DI1F20,7.52,7.504
2018-10-17,DI1F30,10.538,10.74
2018-10-17,DI1F21,8.41,8.454
2018-10-17,DI1V22,9.35,9.523
2018-10-17,DI1F26,10.16,10.357
2018-10-17,DI1F27,10.32,10.522
2018-10-17,DI1V19,7.22,7.208
2018-10-17,DI1Q19,7.041,7.039
2018-10-17,DI1F22,9.03,9.153
2018-10-17,DI1F23,9.45,9.633
2018-10-17,DI1F19,6.493,6.5
2018-10-17,DI1F29,10.5,10.702
2018-10-17,DI1N19,6.925,6.928
2018-10-17,DI1F28,10.395,10.597
2018-10-17,DI1N25,10.089,10.283
2018-10-17,DI1N26,10.253,10.452
2018-10-18,DI1N24,10.03,9.867
2018-10-18,DI1X18,6.408,6.408
2018-10-18,DI1N22,9.41,9.263
2018-10-18,DI1N23,9.785,9.613
2018-10-18,DI1N20,8.04,7.994
2018-10-18,DI1N21,8.88,8.743
2018-10-18,DI1H19,6.6,6.605
2018-10-18,DI1K19,6.73,6.73
2018-10-18,DI1Z18,6.445,6.441
2018-10-18,DI1J19,6.65,6.652
2018-10-18,DI1J23,9.729,9.554
2018-10-18,DI1J20,7.8,7.754
2018-10-18,DI1J21,8.696,8.58
2018-10-18,DI1U19,7.14,7.147
2018-10-18,DI1J22,9.292,9.145
2018-10-18,DI1M19,6.84,6.833
2018-10-18,DI1V23,9.855,9.685
2018-10-18,DI1V20,8.31,8.234
2018-10-18,DI1F24,9.95,9.743
2018-10-18,DI1V21,9.06,8.918
2018-10-18,DI1F25,10.15,9.992
2018-10-18,DI1G19,6.53,6.537
2018-10-18,DI1F20,7.54,7.524
2018-10-18,DI1F30,10.688,10.539
2018-10-18,DI1F21,8.51,8.414
2018-10-18,DI1V22,9.515,9.353
2018-10-18,DI1F26,10.315,10.162
2018-10-18,DI1F27,10.47,10.322
2018-10-18,DI1V19,7.26,7.223
2018-10-18,DI1Q19,7.036,7.044
2018-10-18,DI1F22,9.18,9.033
2018-10-18,DI1F23,9.63,9.453
2018-10-18,DI1F19,6.485,6.495
2018-10-18,DI1F29,10.65,10.502
2018-10-18,DI1N19,6.92,6.928
2018-10-18,DI1F28,10.545,10.397
2018-10-18,DI1N25,10.247,10.091
2018-10-18,DI1N26,10.406,10.255
2018-10-19,DI1N24,10.04,10.033
2018-10-19,DI1X18,6.403,6.409
2018-10-19,DI1N22,9.44,9.413
2018-10-19,DI1N23,9.795,9.788
2018-10-19,DI1N20,8.04,8.044
2018-10-19,DI1N21,8.89,8.884
2018-10-19,DI1H19,6.61,6.602
2018-10-19,DI1K19,6.74,6.733
2018-10-19,DI1Z18,6.444,6.447
2018-10-19,DI1J19,6.65,6.652
2018-10-19,DI1J23,9.739,9.732
2018-10-19,DI1J20,7.8,7.804
2018-10-19,DI1J21,8.706,8.7
2018-10-19,DI1U19,7.147,7.143
2018-10-19,DI1J22,9.317,9.295
2018-10-19,DI1M19,6.847,6.843
2018-10-19,DI1V23,9.865,9.858
2018-10-19,DI1V20,8.3,8.314
2018-10-19,DI1F24,9.96,9.953
2018-10-19,DI1V21,9.075,9.064
2018-10-19,DI1F25,10.16,10.152
2018-10-19,DI1G19,6.545,6.532
2018-10-19,DI1F20,7.55,7.544
2018-10-19,DI1F30,10.698,10.69
2018-10-19,DI1F21,8.52,8.514
2018-10-19,DI1V22,9.535,9.518
2018-10-19,DI1F26,10.325,10.317
2018-10-19,DI1F27,10.48,10.472
2018-10-19,DI1V19,7.26,7.264
2018-10-19,DI1Q19,7.05,7.039
2018-10-19,DI1F22,9.2,9.183
2018-10-19,DI1F23,9.64,9.633
2018-10-19,DI1F19,6.486,6.487
2018-10-19,DI1F29,10.66,10.652
2018-10-19,DI1N19,6.925,6.923
2018-10-19,DI1F28,10.555,10.547
2018-10-19,DI1N25,10.257,10.249
2018-10-19,DI1N26,10.416,10.408
2018-10-22,DI1F26,10.11,10.327
2018-10-22,DI1J23,9.502,9.742
2018-10-22,DI1J22,9.082,9.32
2018-10-22,DI1N19,6.845,6.928
2018-10-22,DI1N26,10.203,10.418
2018-10-22,DI1N21,8.69,8.894
2018-10-22,DI1F25,9.94,10.162
2018-10-22,DI1M19,6.774,6.85
2018-10-22,DI1F22,8.96,9.204
2018-10-22,DI1J21,8.516,8.71
2018-10-22,DI1H19,6.55,6.612
2018-10-22,DI1V20,8.16,8.304
2018-10-22,DI1V19,7.16,7.264
2018-10-22,DI1N25,10.039,10.259
2018-10-22,DI1N24,9.8,10.043
2018-10-22,DI1N22,9.21,9.443
2018-10-22,DI1F21,8.34,8.524
2018-10-22,DI1G19,6.505,6.547
2018-10-22,DI1N20,7.9,8.044
2018-10-22,DI1X18,6.402,6.403
2018-10-22,DI1F24,9.7,9.963
2018-10-22,DI1F27,10.27,10.482
2018-10-22,DI1J20,7.67,7.804
2018-10-22,DI1V23,9.613,9.868
2018-10-22,DI1V22,9.305,9.538
2018-10-22,DI1Z18,6.434,6.446
2018-10-22,DI1U19,7.053,7.15
2018-10-22,DI1F20,7.44,7.554
2018-10-22,DI1F30,10.498,10.7
2018-10-22,DI1F23,9.41,9.643
2018-10-22,DI1F19,6.47,6.488
2018-10-22,DI1F29,10.46,10.662
2018-10-22,DI1F28,10.35,10.557
2018-10-22,DI1J19,6.595,6.652
2018-10-22,DI1V21,8.855,9.079
2018-10-22,DI1K19,6.676,6.743
2018-10-22,DI1N23,9.55,9.798
2018-10-22,DI1Q19,6.963,7.053
2018-10-23,DI1F26,10.16,10.112
2018-10-23,DI1J23,9.519,9.505
2018-10-23,DI1J22,9.072,9.085
2018-10-23,DI1N19,6.805,6.848
2018-10-23,DI1N26,10.263,10.205
2018-10-23,DI1N21,8.66,8.693
2018-10-23,DI1F25,9.97,9.942
2018-10-23,DI1M19,6.73,6.776
2018-10-23,DI1F22,8.95,8.963
2018-10-23,DI1J21,8.476,8.519
2018-10-23,DI1H19,6.533,6.552
2018-10-23,DI1V20,8.11,8.164
2018-10-23,DI1V19,7.115,7.163
2018-10-23,DI1N25,10.079,10.041
2018-10-23,DI1N24,9.835,9.802
2018-10-23,DI1N22,9.2,9.213
2018-10-23,DI1F21,8.29,8.344
2018-10-23,DI1G19,6.495,6.507
2018-10-23,DI1N20,7.86,7.904
2018-10-23,DI1X18,6.405,6.402
2018-10-23,DI1F24,9.74,9.703
2018-10-23,DI1F27,10.34,10.272
2018-10-23,DI1J20,7.63,7.674
2018-10-23,DI1V23,9.645,9.616
2018-10-23,DI1V22,9.305,9.308
2018-10-23,DI1Z18,6.426,6.435
2018-10-23,DI1U19,7.009,7.056
2018-10-23,DI1F20,7.39,7.443
2018-10-23,DI1F30,10.588,10.499
2018-10-23,DI1F23,9.42,9.413
2018-10-23,DI1F19,6.461,6.471
2018-10-23,DI1F29,10.55,10.462
2018-10-23,DI1F28,10.43,10.352
2018-10-23,DI1J19,6.57,6.597
2018-10-23,DI1V21,8.835,8.858
2018-10-23,DI1K19,6.64,6.678
2018-10-23,DI1N23,9.575,9.553
2018-10-23,DI1Q19,6.921,6.966
2018-10-24,DI1F26,10.34,10.162
2018-10-24,DI1J23,9.673,9.522
2018-10-24,DI1J22,9.182,9.075
2018-10-24,DI1N19,6.815,6.807
2018-10-24,DI1N26,10.443,10.265
2018-10-24,DI1N21,8.74,8.663
2018-10-24,DI1F25,10.15,9.972
2018-10-24,DI1M19,6.74,6.732
2018-10-24,DI1F22,9.04,8.953
2018-10-24,DI1J21,8.551,8.479
2018-10-24,DI1H19,6.53,6.535
2018-10-24,DI1V20,8.14,8.114
2018-10-24,DI1V19,7.12,7.118
2018-10-24,DI1N25,10.259,10.081
2018-10-24,DI1N24,10.008,9.837
2018-10-24,DI1N22,9.33,9.203
2018-10-24,DI1F21,8.36,8.293
2018-10-24,DI1G19,6.5,6.496
2018-10-24,DI1N20,7.88,7.863
2018-10-24,DI1X18,6.405,6.406
2018-10-24,DI1F24,9.906,9.743
2018-10-24,DI1F27,10.52,10.342
2018-10-24,DI1J20,7.64,7.633
2018-10-24,DI1V23,9.807,9.648
2018-10-24,DI1V22,9.445,9.308
2018-10-24,DI1Z18,6.43,6.427
2018-10-24,DI1U19,7.015,7.012
2018-10-24,DI1F20,7.4,7.393
2018-10-24,DI1F30,10.738,10.59
2018-10-24,DI1F23,9.57,9.423
2018-10-24,DI1F19,6.464,6.462
2018-10-24,DI1F29,10.7,10.552
2018-10-24,DI1F28,10.595,10.432
2018-10-24,DI1J19,6.58,6.572
2018-10-24,DI1V21,8.885,8.838
2018-10-24,DI1K19,6.65,6.642
2018-10-24,DI1N23,9.733,9.578
2018-10-24,DI1Q19,6.929,6.924
2026-09-25,DI1Z28,13.808,13.852
2026-09-25,DI1J30,13.908,13.982
2026-09-25,DI1V31,13.957,14.038
2026-09-25,DI1J27,13.545,13.574
2026-09-25,DI1F27,13.55,13.561
2026-09-25,DI1F37,13.97,14.053
2026-09-25,DI1F32,13.98,14.065
2026-09-25,DI1F29,13.814,13.861
2026-09-25,DI1F39,13.94,14.03
2026-09-25,DI1H27,13.536,13.56
2026-09-25,DI1Z29,13.899,13.968
2026-09-25,DI1F34,13.986,14.071
2026-09-25,DI1N28,13.731,13.767
2026-09-25,DI1N27,13.576,13.615
2026-09-25,DI1X28,13.797,13.837
2026-09-25,DI1Z26,13.584,13.591
2026-09-25,DI1J31,13.95,14.021
2026-09-25,DI1V26,13.653,13.655
2026-09-25,DI1V28,13.784,13.822
2026-09-25,DI1F33,13.996,14.077
2026-09-25,DI1G27,13.53,13.549
2026-09-25,DI1X26,13.655,13.655
2026-09-25,DI1N29,13.888,13.945
2026-09-25,DI1K27,13.55,13.579
2026-09-25,DI1V27,13.611,13.649
2026-09-25,DI1F35,13.97,14.054
2026-09-25,DI1F30,13.908,13.976
2026-09-25,DI1F40,13.926,14.016
2026-09-25,DI1X29,13.895,13.962
2026-09-25,DI1Z27,13.62,13.655
2026-09-25,DI1V29,13.895,13.96
2026-09-25,DI1X27,13.616,13.651
2026-09-25,DI1M27,13.558,13.593
2026-09-25,DI1J28,13.675,13.719
2026-09-25,DI1F31,13.934,14.015
2026-09-25,DI1F41,13.917,14.007
2026-09-25,DI1Q27,13.586,13.622
2026-09-25,DI1N30,13.919,13.991
2026-09-25,DI1U27,13.599,13.635
2026-09-25,DI1J29,13.855,13.906
2026-09-25,DI1V30,13.925,14.005
2026-09-25,DI1F36,13.953,14.033
2026-09-25,DI1N31,13.949,14.031
2026-09-25,DI1F28,13.632,13.667
2026-09-25,DI1F38,13.97,14.06
2026-09-24,DI1Z28,13.852,13.775
2026-09-24,DI1J30,13.982,13.923
2026-09-24,DI1V31,14.038,14.001
2026-09-24,DI1J27,13.575,13.528
2026-09-24,DI1F27,13.562,13.541
2026-09-24,DI1F37,14.053,14.04
2026-09-24,DI1F32,14.065,14.025
2026-09-24,DI1F29,13.861,13.787
2026-09-24,DI1F39,14.03,14
2026-09-24,DI1H27,13.561,13.523
2026-09-24,DI1Z29,13.968,13.907
2026-09-24,DI1F34,14.071,14.048
2026-09-24,DI1N28,13.767,13.677
2026-09-24,DI1N27,13.615,13.548
2026-09-24,DI1X28,13.837,13.757
2026-09-24,DI1Z26,13.592,13.581
2026-09-24,DI1J31,14.021,13.98
2026-09-24,DI1V26,13.654,13.655
2026-09-24,DI1V28,13.822,13.742
2026-09-24,DI1F33,14.077,14.044
2026-09-24,DI1G27,13.55,13.524
2026-09-24,DI1X26,13.655,13.653
2026-09-24,DI1N29,13.945,13.882
2026-09-24,DI1K27,13.579,13.529
2026-09-24,DI1V27,13.649,13.57
2026-09-24,DI1F35,14.054,14.039
2026-09-24,DI1F30,13.976,13.92
2026-09-24,DI1F40,14.016,13.986
2026-09-24,DI1X29,13.962,13.902
2026-09-24,DI1Z27,13.655,13.565
2026-09-24,DI1V29,13.96,13.899
2026-09-24,DI1X27,13.651,13.565
2026-09-24,DI1M27,13.593,13.536
2026-09-24,DI1J28,13.719,13.619
2026-09-24,DI1F31,14.015,13.965
2026-09-24,DI1F41,14.007,13.977
2026-09-24,DI1Q27,13.622,13.549
2026-09-24,DI1N30,13.991,13.935
2026-09-24,DI1U27,13.635,13.555
2026-09-24,DI1J29,13.906,13.836
2026-09-24,DI1V30,14.005,13.951
2026-09-24,DI1F36,14.033,14.02
2026-09-24,DI1N31,14.031,13.986
2026-09-24,DI1F28,13.667,13.573
2026-09-24,DI1F38,14.06,14.03
2026-09-23,DI1Z28,13.775,13.659
2026-09-23,DI1J30,13.923,13.816
2026-09-23,DI1V31,14.001,13.905
2026-09-23,DI1J27,13.529,13.499
2026-09-23,DI1F27,13.543,13.53
2026-09-23,DI1F37,14.04,13.976
2026-09-23,DI1F32,14.025,13.932
2026-09-23,DI1F29,13.787,13.67
2026-09-23,DI1F39,14,13.946
2026-09-23,DI1H27,13.524,13.504
2026-09-23,DI1Z29,13.907,13.797
2026-09-23,DI1F34,14.048,13.962
2026-09-23,DI1N28,13.677,13.569
2026-09-23,DI1N27,13.549,13.496
2026-09-23,DI1X28,13.757,13.643
2026-09-23,DI1Z26,13.582,13.579
2026-09-23,DI1J31,13.98,13.869
2026-09-23,DI1V26,13.654,13.654
2026-09-23,DI1V28,13.742,13.629
2026-09-23,DI1F33,14.044,13.963
2026-09-23,DI1G27,13.525,13.505
2026-09-23,DI1X26,13.653,13.654
2026-09-23,DI1N29,13.882,13.767
2026-09-23,DI1K27,13.53,13.494
2026-09-23,DI1V27,13.57,13.494
2026-09-23,DI1F35,14.039,13.962
2026-09-23,DI1F30,13.92,13.804
2026-09-23,DI1F40,13.986,13.932
2026-09-23,DI1X29,13.902,13.788
2026-09-23,DI1Z27,13.565,13.482
2026-09-23,DI1V29,13.899,13.784
2026-09-23,DI1X27,13.565,13.488
2026-09-23,DI1M27,13.537,13.489
2026-09-23,DI1J28,13.619,13.514
2026-09-23,DI1F31,13.965,13.864
2026-09-23,DI1F41,13.977,13.923
2026-09-23,DI1Q27,13.549,13.49
2026-09-23,DI1N30,13.935,13.836
2026-09-23,DI1U27,13.555,13.492
2026-09-23,DI1J29,13.836,13.721
2026-09-23,DI1V30,13.951,13.846
2026-09-23,DI1F36,14.02,13.948
2026-09-23,DI1N31,13.986,13.889
2026-09-23,DI1F28,13.573,13.484
2026-09-23,DI1F38,14.03,13.976
2026-09-22,DI1Z28,13.659,13.702
2026-09-22,DI1J30,13.816,13.863
2026-09-22,DI1V31,13.905,13.955
2026-09-22,DI1J27,13.5,13.519
2026-09-22,DI1F27,13.532,13.547
2026-09-22,DI1F37,13.976,14.036
2026-09-22,DI1F32,13.932,13.989
2026-09-22,DI1F29,13.67,13.712
2026-09-22,DI1F39,13.946,14.013
2026-09-22,DI1H27,13.505,13.519
2026-09-22,DI1Z29,13.797,13.844
2026-09-22,DI1F34,13.962,14.028
2026-09-22,DI1N28,13.569,13.614
2026-09-22,DI1N27,13.497,13.525
2026-09-22,DI1X28,13.643,13.686
2026-09-22,DI1Z26,13.58,13.585
2026-09-22,DI1J31,13.869,13.93
2026-09-22,DI1V26,13.653,13.655
2026-09-22,DI1V28,13.629,13.673
2026-09-22,DI1F33,13.963,14.028
2026-09-22,DI1G27,13.507,13.524
2026-09-22,DI1X26,13.654,13.655
2026-09-22,DI1N29,13.767,13.813
2026-09-22,DI1K27,13.495,13.517
2026-09-22,DI1V27,13.495,13.533
2026-09-22,DI1F35,13.962,14.028
2026-09-22,DI1F30,13.804,13.853
2026-09-22,DI1F40,13.932,13.999
2026-09-22,DI1X29,13.788,13.833
2026-09-22,DI1Z27,13.483,13.523
2026-09-22,DI1V29,13.784,13.831
2026-09-22,DI1X27,13.489,13.526
2026-09-22,DI1M27,13.49,13.519
2026-09-22,DI1J28,13.514,13.564
2026-09-22,DI1F31,13.864,13.912
2026-09-22,DI1F41,13.923,13.99
2026-09-22,DI1Q27,13.491,13.519
2026-09-22,DI1N30,13.836,13.882
2026-09-22,DI1U27,13.493,13.526
2026-09-22,DI1J29,13.721,13.764
2026-09-22,DI1V30,13.846,13.894
2026-09-22,DI1F36,13.948,14.016
2026-09-22,DI1N31,13.889,13.94
2026-09-22,DI1F28,13.485,13.528
2026-09-22,DI1F38,13.976,14.043
2026-09-21,DI1Z28,13.702,13.821
2026-09-21,DI1J30,13.863,13.985
2026-09-21,DI1V31,13.955,14.08
2026-09-21,DI1J27,13.52,13.546
2026-09-21,DI1F27,13.548,13.554
2026-09-21,DI1F37,14.036,14.172
2026-09-21,DI1F32,13.989,14.109
2026-09-21,DI1F29,13.712,13.831
2026-09-21,DI1F39,14.013,14.143
2026-09-21,DI1H27,13.52,13.536
2026-09-21,DI1Z29,13.844,13.965
2026-09-21,DI1F34,14.028,14.158
2026-09-21,DI1N28,13.614,13.729
2026-09-21,DI1N27,13.526,13.578
2026-09-21,DI1X28,13.686,13.807
2026-09-21,DI1Z26,13.586,13.587
2026-09-21,DI1J31,13.93,14.05
2026-09-21,DI1V26,13.654,13.654
2026-09-21,DI1V28,13.673,13.794
2026-09-21,DI1F33,14.028,14.15
2026-09-21,DI1G27,13.525,13.534
2026-09-21,DI1X26,13.655,13.655
2026-09-21,DI1N29,13.813,13.935
2026-09-21,DI1K27,13.518,13.544
2026-09-21,DI1V27,13.533,13.609
2026-09-21,DI1F35,14.028,14.158
2026-09-21,DI1F30,13.853,13.974
2026-09-21,DI1F40,13.999,14.129
2026-09-21,DI1X29,13.833,13.955
2026-09-21,DI1Z27,13.523,13.609
2026-09-21,DI1V29,13.831,13.953
2026-09-21,DI1X27,13.526,13.613
2026-09-21,DI1M27,13.52,13.556
2026-09-21,DI1J28,13.564,13.675
2026-09-21,DI1F31,13.912,14.035
2026-09-21,DI1F41,13.99,14.12
2026-09-21,DI1Q27,13.52,13.582
2026-09-21,DI1N30,13.882,14.005
2026-09-21,DI1U27,13.527,13.597
2026-09-21,DI1J29,13.764,13.887
2026-09-21,DI1V30,13.894,14.018
2026-09-21,DI1F36,14.016,14.147
2026-09-21,DI1N31,13.94,14.063
2026-09-21,DI1F28,13.528,13.623
2026-09-21,DI1F38,14.043,14.173
2026-09-17,DI1Z28,13.83,13.892
2026-09-17,DI1J30,14.006,14.059
2026-09-17,DI1V31,14.111,14.162
2026-09-17,DI1J27,13.541,13.578
2026-09-17,DI1F27,13.556,13.588
2026-09-17,DI1F37,14.211,14.251
2026-09-17,DI1F32,14.14,14.196
2026-09-17,DI1F29,13.845,13.903
2026-09-17,DI1F39,14.184,14.214
2026-09-17,DI1H27,13.537,13.568
2026-09-17,DI1Z29,13.986,14.037
2026-09-17,DI1F34,14.193,14.242
2026-09-17,DI1N28,13.729,13.791
2026-09-17,DI1N27,13.562,13.617
2026-09-17,DI1X28,13.817,13.875
2026-09-17,DI1Z26,13.592,13.609
2026-09-17,DI1J31,14.068,14.123
2026-09-17,DI1V26,13.654,13.659
2026-09-17,DI1V28,13.793,13.852
2026-09-17,DI1F33,14.185,14.232
2026-09-17,DI1G27,13.538,13.568
2026-09-17,DI1X26,13.655,13.66
2026-09-17,DI1N29,13.953,14.006
2026-09-17,DI1K27,13.54,13.583
2026-09-17,DI1V27,13.595,13.661
2026-09-17,DI1F35,14.196,14.243
2026-09-17,DI1F30,13.996,14.047
2026-09-17,DI1F40,14.17,14.2
2026-09-17,DI1X29,13.976,14.026
2026-09-17,DI1Z27,13.604,13.667
2026-09-17,DI1V29,13.973,14.026
2026-09-17,DI1X27,13.599,13.66
2026-09-17,DI1M27,13.549,13.597
2026-09-17,DI1J28,13.671,13.734
2026-09-17,DI1F31,14.061,14.116
2026-09-17,DI1F41,14.161,14.191
2026-09-17,DI1Q27,13.568,13.627
2026-09-17,DI1N30,14.027,14.081
2026-09-17,DI1U27,13.58,13.639
2026-09-17,DI1J29,13.9,13.958
2026-09-17,DI1V30,14.041,14.095
2026-09-17,DI1F36,14.183,14.231
2026-09-17,DI1N31,14.093,14.152
2026-09-17,DI1F28,13.617,13.681
2026-09-17,DI1F38,14.214,14.244
2026-09-16,DI1Z28,13.892,13.902
2026-09-16,DI1J30,14.059,14.125
2026-09-16,DI1V31,14.162,14.261
2026-09-16,DI1J27,13.58,13.555
2026-09-16,DI1F27,13.592,13.579
2026-09-16,DI1F37,14.251,14.38
2026-09-16,DI1F32,14.196,14.299
2026-09-16,DI1F29,13.903,13.923
2026-09-16,DI1F39,14.214,14.335
2026-09-16,DI1H27,13.571,13.55
2026-09-16,DI1Z29,14.037,14.093
2026-09-16,DI1F34,14.242,14.357
2026-09-16,DI1N28,13.791,13.784
2026-09-16,DI1N27,13.618,13.588
2026-09-16,DI1X28,13.875,13.884
2026-09-16,DI1Z26,13.615,13.608
2026-09-16,DI1J31,14.123,14.225
2026-09-16,DI1V26,13.681,13.685
2026-09-16,DI1V28,13.852,13.86
2026-09-16,DI1F33,14.232,14.346
2026-09-16,DI1G27,13.572,13.555
2026-09-16,DI1X26,13.668,13.668
2026-09-16,DI1N29,14.006,14.048
2026-09-16,DI1K27,13.585,13.557
2026-09-16,DI1V27,13.662,13.627
2026-09-16,DI1F35,14.243,14.364
2026-09-16,DI1F30,14.047,14.106
2026-09-16,DI1F40,14.2,14.321
2026-09-16,DI1X29,14.026,14.079
2026-09-16,DI1Z27,13.668,13.638
2026-09-16,DI1V29,14.026,14.076
2026-09-16,DI1X27,13.661,13.63
2026-09-16,DI1M27,13.599,13.567
2026-09-16,DI1J28,13.734,13.716
2026-09-16,DI1F31,14.116,14.201
2026-09-16,DI1F41,14.191,14.312
2026-09-16,DI1Q27,13.628,13.597
2026-09-16,DI1N30,14.081,14.154
2026-09-16,DI1U27,13.64,13.604
2026-09-16,DI1J29,13.958,13.987
2026-09-16,DI1V30,14.095,14.175
2026-09-16,DI1F36,14.231,14.35
2026-09-16,DI1N31,14.152,14.239
2026-09-16,DI1F28,13.682,13.654
2026-09-16,DI1F38,14.244,14.365
2026-09-15,DI1Z28,13.902,13.851
2026-09-15,DI1J30,14.125,14.042
2026-09-15,DI1V31,14.261,14.164
2026-09-15,DI1J27,13.558,13.555
2026-09-15,DI1F27,13.583,13.585
2026-09-15,DI1F37,14.38,14.297
2026-09-15,DI1F32,14.299,14.2
2026-09-15,DI1F29,13.923,13.867
2026-09-15,DI1F39,14.335,14.252
2026-09-15,DI1H27,13.553,13.552
2026-09-15,DI1Z29,14.093,14.014
2026-09-15,DI1F34,14.357,14.274
2026-09-15,DI1N28,13.784,13.745
2026-09-15,DI1N27,13.59,13.582
2026-09-15,DI1X28,13.884,13.838
2026-09-15,DI1Z26,13.614,13.619
2026-09-15,DI1J31,14.225,14.13
2026-09-15,DI1V26,13.703,13.704
2026-09-15,DI1V28,13.86,13.819
2026-09-15,DI1F33,14.346,14.255
2026-09-15,DI1G27,13.559,13.557
2026-09-15,DI1X26,13.675,13.678
2026-09-15,DI1N29,14.048,13.978
2026-09-15,DI1K27,13.559,13.556
2026-09-15,DI1V27,13.628,13.616
2026-09-15,DI1F35,14.364,14.277
2026-09-15,DI1F30,14.106,14.029
2026-09-15,DI1F40,14.321,14.238
2026-09-15,DI1X29,14.079,14.002
2026-09-15,DI1Z27,13.639,13.617
2026-09-15,DI1V29,14.076,14
2026-09-15,DI1X27,13.631,13.611
2026-09-15,DI1M27,13.569,13.566
2026-09-15,DI1J28,13.716,13.684
2026-09-15,DI1F31,14.201,14.108
2026-09-15,DI1F41,14.312,14.229
2026-09-15,DI1Q27,13.598,13.588
2026-09-15,DI1N30,14.154,14.068
2026-09-15,DI1U27,13.605,13.606
2026-09-15,DI1J29,13.987,13.924
2026-09-15,DI1V30,14.175,14.085
2026-09-15,DI1F36,14.35,14.266
2026-09-15,DI1N31,14.239,14.142
2026-09-15,DI1F28,13.655,13.628
2026-09-15,DI1F38,14.365,14.282
2026-09-14,DI1Z28,13.851,13.83
2026-09-14,DI1J30,14.042,13.997
2026-09-14,DI1V31,14.164,14.097
2026-09-14,DI1J27,13.558,13.55
2026-09-14,DI1F27,13.589,13.583
2026-09-14,DI1F37,14.297,14.193
2026-09-14,DI1F32,14.2,14.131
2026-09-14,DI1F29,13.867,13.843
2026-09-14,DI1F39,14.252,14.155
2026-09-14,DI1H27,13.555,13.549
2026-09-14,DI1Z29,14.014,13.974
2026-09-14,DI1F34,14.274,14.175
2026-09-14,DI1N28,13.745,13.727
2026-09-14,DI1N27,13.584,13.574
2026-09-14,DI1X28,13.838,13.816
2026-09-14,DI1Z26,13.624,13.624
2026-09-14,DI1J31,14.13,14.057
2026-09-14,DI1V26,13.719,13.721
2026-09-14,DI1V28,13.819,13.796
2026-09-14,DI1F33,14.255,14.166
2026-09-14,DI1G27,13.561,13.55
2026-09-14,DI1X26,13.684,13.686
2026-09-14,DI1N29,13.978,13.945
2026-09-14,DI1K27,13.558,13.546
2026-09-14,DI1V27,13.617,13.605
2026-09-14,DI1F35,14.277,14.179
2026-09-14,DI1F30,14.029,13.986
2026-09-14,DI1F40,14.238,14.141
2026-09-14,DI1X29,14.002,13.966
2026-09-14,DI1Z27,13.618,13.608
2026-09-14,DI1V29,14,13.967
2026-09-14,DI1X27,13.612,13.602
2026-09-14,DI1M27,13.568,13.559
2026-09-14,DI1J28,13.685,13.671
2026-09-14,DI1F31,14.108,14.051
2026-09-14,DI1F41,14.229,14.132
2026-09-14,DI1Q27,13.589,13.58
2026-09-14,DI1N30,14.068,14.023
2026-09-14,DI1U27,13.607,13.589
2026-09-14,DI1J29,13.924,13.897
2026-09-14,DI1V30,14.085,14.032
2026-09-14,DI1F36,14.266,14.165
2026-09-14,DI1N31,14.142,14.081
2026-09-14,DI1F28,13.629,13.624
2026-09-14,DI1F38,14.282,14.185
2026-09-11,DI1Z28,13.83,13.819
2026-09-11,DI1J30,13.997,13.981
2026-09-11,DI1V31,14.097,14.078
2026-09-11,DI1J27,13.553,13.551
2026-09-11,DI1F27,13.587,13.586
2026-09-11,DI1F37,14.193,14.175
2026-09-11,DI1F32,14.131,14.112
2026-09-11,DI1F29,13.843,13.831
2026-09-11,DI1F39,14.155,14.146
2026-09-11,DI1H27,13.552,13.543
2026-09-11,DI1Z29,13.974,13.962
2026-09-11,DI1F34,14.175,14.155
2026-09-11,DI1N28,13.727,13.732
2026-09-11,DI1N27,13.576,13.58
2026-09-11,DI1X28,13.816,13.806
2026-09-11,DI1Z26,13.629,13.625
2026-09-11,DI1J31,14.057,14.055
2026-09-11,DI1V26,13.734,13.732
2026-09-11,DI1V28,13.796,13.794
2026-09-11,DI1F33,14.166,14.151
2026-09-11,DI1G27,13.554,13.552
2026-09-11,DI1X26,13.692,13.688
2026-09-11,DI1N29,13.945,13.932
2026-09-11,DI1K27,13.548,13.556
2026-09-11,DI1V27,13.606,13.617
2026-09-11,DI1F35,14.179,14.164
2026-09-11,DI1F30,13.986,13.973
2026-09-11,DI1F40,14.141,14.132
2026-09-11,DI1X29,13.966,13.956
2026-09-11,DI1Z27,13.609,13.618
2026-09-11,DI1V29,13.967,13.958
2026-09-11,DI1X27,13.603,13.613
2026-09-11,DI1M27,13.561,13.557
2026-09-11,DI1J28,13.672,13.68
2026-09-11,DI1F31,14.051,14.029
2026-09-11,DI1F41,14.132,14.123
2026-09-11,DI1Q27,13.581,13.588
2026-09-11,DI1N30,14.023,13.997
2026-09-11,DI1U27,13.59,13.599
2026-09-11,DI1J29,13.897,13.884
2026-09-11,DI1V30,14.032,14.014
2026-09-11,DI1F36,14.165,14.146
2026-09-11,DI1N31,14.081,14.062
2026-09-11,DI1F28,13.625,13.632
2026-09-11,DI1F38,14.185,14.176
2026-09-10,DI1Z28,13.819,13.845
2026-09-10,DI1J30,13.981,14.035
2026-09-10,DI1V31,14.078,14.135
2026-09-10,DI1J27,13.554,13.531
2026-09-10,DI1F27,13.59,13.572
2026-09-10,DI1F37,14.175,14.228
2026-09-10,DI1F32,14.112,14.17
2026-09-10,DI1F29,13.831,13.86
2026-09-10,DI1F39,14.146,14.178
2026-09-10,DI1H27,13.546,13.53
2026-09-10,DI1Z29,13.962,14.007
2026-09-10,DI1F34,14.155,14.21
2026-09-10,DI1N28,13.732,13.743
2026-09-10,DI1N27,13.582,13.561
2026-09-10,DI1X28,13.806,13.827
2026-09-10,DI1Z26,13.63,13.621
2026-09-10,DI1J31,14.055,14.106
2026-09-10,DI1V26,13.743,13.743
2026-09-10,DI1V28,13.794,13.811
2026-09-10,DI1F33,14.151,14.204
2026-09-10,DI1G27,13.556,13.539
2026-09-10,DI1X26,13.694,13.693
2026-09-10,DI1N29,13.932,13.966
2026-09-10,DI1K27,13.558,13.533
2026-09-10,DI1V27,13.618,13.602
2026-09-10,DI1F35,14.164,14.213
2026-09-10,DI1F30,13.973,14.02
2026-09-10,DI1F40,14.132,14.164
2026-09-10,DI1X29,13.956,14.001
2026-09-10,DI1Z27,13.619,13.61
2026-09-10,DI1V29,13.958,13.996
2026-09-10,DI1X27,13.614,13.598
2026-09-10,DI1M27,13.559,13.538
2026-09-10,DI1J28,13.681,13.685
2026-09-10,DI1F31,14.029,14.091
2026-09-10,DI1F41,14.123,14.155
2026-09-10,DI1Q27,13.589,13.564
2026-09-10,DI1N30,13.997,14.055
2026-09-10,DI1U27,13.6,13.581
2026-09-10,DI1J29,13.884,13.919
2026-09-10,DI1V30,14.014,14.069
2026-09-10,DI1F36,14.146,14.198
2026-09-10,DI1N31,14.062,14.12
2026-09-10,DI1F28,13.633,13.629
2026-09-10,DI1F38,14.176,14.208
2026-09-09,DI1Z28,13.845,13.695
2026-09-09,DI1J30,14.035,13.851
2026-09-09,DI1V31,14.135,13.944
2026-09-09,DI1J27,13.534,13.504
2026-09-09,DI1F27,13.576,13.571
2026-09-09,DI1F37,14.228,14.028
2026-09-09,DI1F32,14.17,13.971
2026-09-09,DI1F29,13.86,13.705
2026-09-09,DI1F39,14.178,13.985
2026-09-09,DI1H27,13.533,13.51
2026-09-09,DI1Z29,14.007,13.831
2026-09-09,DI1F34,14.21,14.015
2026-09-09,DI1N28,13.743,13.606
2026-09-09,DI1N27,13.563,13.503
2026-09-09,DI1X28,13.827,13.681
2026-09-09,DI1Z26,13.626,13.625
2026-09-09,DI1J31,14.106,13.904
2026-09-09,DI1V26,13.753,13.752
2026-09-09,DI1V28,13.811,13.666
2026-09-09,DI1F33,14.204,14.006
2026-09-09,DI1G27,13.543,13.526
2026-09-09,DI1X26,13.699,13.7
2026-09-09,DI1N29,13.966,13.805
2026-09-09,DI1K27,13.535,13.496
2026-09-09,DI1V27,13.603,13.52
2026-09-09,DI1F35,14.213,14.02
2026-09-09,DI1F30,14.02,13.839
2026-09-09,DI1F40,14.164,13.971
2026-09-09,DI1X29,14.001,13.826
2026-09-09,DI1Z27,13.611,13.511
2026-09-09,DI1V29,13.996,13.827
2026-09-09,DI1X27,13.599,13.512
2026-09-09,DI1M27,13.54,13.497
2026-09-09,DI1J28,13.686,13.563
2026-09-09,DI1F31,14.091,13.902
2026-09-09,DI1F41,14.155,13.962
2026-09-09,DI1Q27,13.566,13.5
2026-09-09,DI1N30,14.055,13.868
2026-09-09,DI1U27,13.582,13.504
2026-09-09,DI1J29,13.919,13.76
2026-09-09,DI1V30,14.069,13.88
2026-09-09,DI1F36,14.198,14.005
2026-09-09,DI1N31,14.12,13.926
2026-09-09,DI1F28,13.63,13.521
2026-09-09,DI1F38,14.208,14.015
2026-09-08,DI1Z28,13.695,13.839
2026-09-08,DI1J30,13.851,14.035
2026-09-08,DI1V31,13.944,14.147
2026-09-08,DI1J27,13.507,13.512
2026-09-08,DI1F27,13.575,13.571
2026-09-08,DI1F37,14.028,14.241
2026-09-08,DI1F32,13.971,14.179
2026-09-08,DI1F29,13.705,13.855
2026-09-08,DI1F39,13.985,14.215
2026-09-08,DI1H27,13.513,13.519
2026-09-08,DI1Z29,13.831,14.011
2026-09-08,DI1F34,14.015,14.232
2026-09-08,DI1N28,13.607,13.72
2026-09-08,DI1N27,13.505,13.522
2026-09-08,DI1X28,13.681,13.817
2026-09-08,DI1Z26,13.63,13.632
2026-09-08,DI1J31,13.904,14.105
2026-09-08,DI1V26,13.761,13.761
2026-09-08,DI1V28,13.666,13.799
2026-09-08,DI1F33,14.006,14.221
2026-09-08,DI1G27,13.53,13.53
2026-09-08,DI1X26,13.705,13.707
2026-09-08,DI1N29,13.805,13.97
2026-09-08,DI1K27,13.499,13.507
2026-09-08,DI1V27,13.521,13.558
2026-09-08,DI1F35,14.02,14.232
2026-09-08,DI1F30,13.839,14.022
2026-09-08,DI1F40,13.971,14.201
2026-09-08,DI1X29,13.826,14.005
2026-09-08,DI1Z27,13.512,13.568
2026-09-08,DI1V29,13.827,14
2026-09-08,DI1X27,13.513,13.558
2026-09-08,DI1M27,13.499,13.508
2026-09-08,DI1J28,13.564,13.65
2026-09-08,DI1F31,13.902,14.096
2026-09-08,DI1F41,13.962,14.192
2026-09-08,DI1Q27,13.502,13.527
2026-09-08,DI1N30,13.868,14.059
2026-09-08,DI1U27,13.506,13.539
2026-09-08,DI1J29,13.76,13.919
2026-09-08,DI1V30,13.88,14.075
2026-09-08,DI1F36,14.005,14.215
2026-09-08,DI1N31,13.926,14.129
2026-09-08,DI1F28,13.522,13.582
2026-09-08,DI1F38,14.015,14.245
2026-09-04,DI1Z28,13.839,13.867
2026-09-04,DI1J30,14.035,14.074
2026-09-04,DI1V31,14.147,14.197
2026-09-04,DI1J27,13.515,13.511
2026-09-04,DI1F27,13.575,13.567
2026-09-04,DI1F37,14.241,14.292
2026-09-04,DI1F32,14.179,14.231
2026-09-04,DI1F29,13.855,13.883
2026-09-04,DI1F39,14.215,14.265
2026-09-04,DI1H27,13.522,13.515
2026-09-04,DI1Z29,14.011,14.048
2026-09-04,DI1F34,14.232,14.283
2026-09-04,DI1N28,13.72,13.744
2026-09-04,DI1N27,13.524,13.521
2026-09-04,DI1X28,13.817,13.846
2026-09-04,DI1Z26,13.637,13.633
2026-09-04,DI1J31,14.105,14.151
2026-09-04,DI1V26,13.769,13.77
2026-09-04,DI1V28,13.799,13.817
2026-09-04,DI1F33,14.221,14.275
2026-09-04,DI1G27,13.534,13.53
2026-09-04,DI1X26,13.712,13.71
2026-09-04,DI1N29,13.97,14.007
2026-09-04,DI1K27,13.509,13.509
2026-09-04,DI1V27,13.559,13.562
2026-09-04,DI1F35,14.232,14.289
2026-09-04,DI1F30,14.022,14.063
2026-09-04,DI1F40,14.201,14.251
2026-09-04,DI1X29,14.005,14.038
2026-09-04,DI1Z27,13.569,13.576
2026-09-04,DI1V29,14,14.033
2026-09-04,DI1X27,13.559,13.567
2026-09-04,DI1M27,13.51,13.513
2026-09-04,DI1J28,13.651,13.668
2026-09-04,DI1F31,14.096,14.14
2026-09-04,DI1F41,14.192,14.242
2026-09-04,DI1Q27,13.529,13.532
2026-09-04,DI1N30,14.059,14.094
2026-09-04,DI1U27,13.54,13.545
2026-09-04,DI1J29,13.919,13.95
2026-09-04,DI1V30,14.075,14.116
2026-09-04,DI1F36,14.215,14.275
2026-09-04,DI1N31,14.129,14.177
2026-09-04,DI1F28,13.583,13.594
2026-09-04,DI1F38,14.245,14.295
2026-09-03,DI1Z28,13.867,13.955
2026-09-03,DI1J30,14.074,14.166
2026-09-03,DI1V31,14.197,14.283
2026-09-03,DI1J27,13.514,13.539
2026-09-03,DI1F27,13.571,13.568
2026-09-03,DI1F37,14.292,14.373
2026-09-03,DI1F32,14.231,14.315
2026-09-03,DI1F29,13.883,13.971
2026-09-03,DI1F39,14.265,14.341
2026-09-03,DI1H27,13.518,13.536
2026-09-03,DI1Z29,14.048,14.141
2026-09-03,DI1F34,14.283,14.362
2026-09-03,DI1N28,13.744,13.818
2026-09-03,DI1N27,13.523,13.57
2026-09-03,DI1X28,13.846,13.935
2026-09-03,DI1Z26,13.638,13.637
2026-09-03,DI1J31,14.151,14.24
2026-09-03,DI1V26,13.777,13.775
2026-09-03,DI1V28,13.817,13.908
2026-09-03,DI1F33,14.275,14.356
2026-09-03,DI1G27,13.534,13.538
2026-09-03,DI1X26,13.715,13.714
2026-09-03,DI1N29,14.007,14.098
2026-09-03,DI1K27,13.511,13.543
2026-09-03,DI1V27,13.563,13.623
2026-09-03,DI1F35,14.289,14.369
2026-09-03,DI1F30,14.063,14.154
2026-09-03,DI1F40,14.251,14.327
2026-09-03,DI1X29,14.038,14.133
2026-09-03,DI1Z27,13.577,13.641
2026-09-03,DI1V29,14.033,14.126
2026-09-03,DI1X27,13.568,13.629
2026-09-03,DI1M27,13.515,13.552
2026-09-03,DI1J28,13.669,13.736
2026-09-03,DI1F31,14.14,14.235
2026-09-03,DI1F41,14.242,14.318
2026-09-03,DI1Q27,13.534,13.583
2026-09-03,DI1N30,14.094,14.191
2026-09-03,DI1U27,13.546,13.601
2026-09-03,DI1J29,13.95,14.039
2026-09-03,DI1V30,14.116,14.208
2026-09-03,DI1F36,14.275,14.347
2026-09-03,DI1N31,14.177,14.264
2026-09-03,DI1F28,13.595,13.66
2026-09-03,DI1F38,14.295,14.371
2026-09-02,DI1Z28,13.955,14.093
2026-09-02,DI1J30,14.166,14.334
2026-09-02,DI1V31,14.283,14.449
2026-09-02,DI1J27,13.542,13.577
2026-09-02,DI1F27,13.572,13.586
2026-09-02,DI1F37,14.373,14.502
2026-09-02,DI1F32,14.315,14.484
2026-09-02,DI1F29,13.971,14.114
2026-09-02,DI1F39,14.341,14.469
2026-09-02,DI1H27,13.539,13.565
2026-09-02,DI1Z29,14.141,14.304
2026-09-02,DI1F34,14.362,14.51
2026-09-02,DI1N28,13.818,13.941
2026-09-02,DI1N27,13.572,13.621
2026-09-02,DI1X28,13.935,14.069
2026-09-02,DI1Z26,13.641,13.645
2026-09-02,DI1J31,14.24,14.409
2026-09-02,DI1V26,13.781,13.78
2026-09-02,DI1V28,13.908,14.038
2026-09-02,DI1F33,14.356,14.514
2026-09-02,DI1G27,13.542,13.562
2026-09-02,DI1X26,13.719,13.716
2026-09-02,DI1N29,14.098,14.255
2026-09-02,DI1K27,13.545,13.578
2026-09-02,DI1V27,13.624,13.695
2026-09-02,DI1F35,14.369,14.511
2026-09-02,DI1F30,14.154,14.32
2026-09-02,DI1F40,14.327,14.455
2026-09-02,DI1X29,14.133,14.294
2026-09-02,DI1Z27,13.642,13.724
2026-09-02,DI1V29,14.126,14.287
2026-09-02,DI1X27,13.63,13.706
2026-09-02,DI1M27,13.554,13.593
2026-09-02,DI1J28,13.736,13.843
2026-09-02,DI1F31,14.235,14.403
2026-09-02,DI1F41,14.318,14.446
2026-09-02,DI1Q27,13.584,13.644
2026-09-02,DI1N30,14.191,14.369
2026-09-02,DI1U27,13.602,13.662
2026-09-02,DI1J29,14.039,14.188
2026-09-02,DI1V30,14.208,14.379
2026-09-02,DI1F36,14.347,14.488
2026-09-02,DI1N31,14.264,14.432
2026-09-02,DI1F28,13.661,13.751
2026-09-02,DI1F38,14.371,14.499
2026-08-31,DI1Z28,14.166,14.132
2026-08-31,DI1J30,14.42,14.396
2026-08-31,DI1V31,14.543,14.529
2026-08-31,DI1J27,13.612,13.597
2026-08-31,DI1F27,13.613,13.616
2026-08-31,DI1F37,14.58,14.578
2026-08-31,DI1F32,14.571,14.563
2026-08-31,DI1F29,14.188,14.153
2026-08-31,DI1F39,14.547,14.545
2026-08-31,DI1H27,13.595,13.594
2026-08-31,DI1Z29,14.388,14.361
2026-08-31,DI1F34,14.59,14.593
2026-08-31,DI1N28,14.017,13.976
2026-08-31,DI1N27,13.665,13.644
2026-08-31,DI1X28,14.143,14.11
2026-08-31,DI1Z26,13.665,13.668
2026-08-31,DI1J31,14.515,14.499
2026-08-31,DI1V26,13.795,13.799
2026-08-31,DI1V28,14.121,14.084
2026-08-31,DI1F33,14.598,14.592
2026-08-31,DI1G27,13.59,13.595
2026-08-31,DI1X26,13.729,13.733
2026-08-31,DI1N29,14.329,14.299
2026-08-31,DI1K27,13.621,13.608
2026-08-31,DI1V27,13.748,13.719
2026-08-31,DI1F35,14.594,14.589
2026-08-31,DI1F30,14.402,14.373
2026-08-31,DI1F40,14.533,14.531
2026-08-31,DI1X29,14.375,14.351
2026-08-31,DI1Z27,13.785,13.753
2026-08-31,DI1V29,14.367,14.342
2026-08-31,DI1X27,13.763,13.733
2026-08-31,DI1M27,13.635,13.624
2026-08-31,DI1J28,13.91,13.875
2026-08-31,DI1F31,14.498,14.481
2026-08-31,DI1F41,14.524,14.522
2026-08-31,DI1Q27,13.69,13.665
2026-08-31,DI1N30,14.451,14.436
2026-08-31,DI1J29,14.265,14.235
2026-08-31,DI1V30,14.473,14.453
2026-08-31,DI1F36,14.566,14.561
2026-08-31,DI1N31,14.525,14.516
2026-08-31,DI1F28,13.815,13.779
2026-08-31,DI1F38,14.577,14.575
2026-08-31,DI1U26,13.9,13.896
2026-08-27,DI1Z28,14.05,14.102
2026-08-27,DI1J30,14.283,14.295
2026-08-27,DI1V31,14.407,14.389
2026-08-27,DI1J27,13.635,13.688
2026-08-27,DI1F27,13.634,13.668
2026-08-27,DI1F37,14.475,14.436
2026-08-27,DI1F32,14.445,14.419
2026-08-27,DI1F29,14.066,14.118
2026-08-27,DI1F39,14.445,14.405
2026-08-27,DI1H27,13.628,13.672
2026-08-27,DI1Z29,14.251,14.268
2026-08-27,DI1F34,14.477,14.443
2026-08-27,DI1N28,13.915,13.978
2026-08-27,DI1N27,13.682,13.744
2026-08-27,DI1X28,14.032,14.084
2026-08-27,DI1Z26,13.675,13.7
2026-08-27,DI1J31,14.368,14.357
2026-08-27,DI1V26,13.806,13.812
2026-08-27,DI1V28,14.011,14.062
2026-08-27,DI1F33,14.479,14.44
2026-08-27,DI1G27,13.63,13.663
2026-08-27,DI1X26,13.741,13.748
2026-08-27,DI1N29,14.202,14.233
2026-08-27,DI1K27,13.645,13.7
2026-08-27,DI1V27,13.732,13.796
2026-08-27,DI1F35,14.479,14.444
2026-08-27,DI1F30,14.266,14.278
2026-08-27,DI1F40,14.431,14.391
2026-08-27,DI1X29,14.246,14.26
2026-08-27,DI1Z27,13.747,13.809
2026-08-27,DI1V29,14.239,14.25
2026-08-27,DI1X27,13.737,13.802
2026-08-27,DI1M27,13.662,13.722
2026-08-27,DI1J28,13.837,13.896
2026-08-27,DI1F31,14.36,14.348
2026-08-27,DI1F41,14.422,14.382
2026-08-27,DI1Q27,13.696,13.758
2026-08-27,DI1N30,14.316,14.316
2026-08-27,DI1J29,14.14,14.182
2026-08-27,DI1V30,14.334,14.329
2026-08-27,DI1F36,14.455,14.419
2026-08-27,DI1N31,14.402,14.374
2026-08-27,DI1F28,13.765,13.83
2026-08-27,DI1F38,14.475,14.435
2026-08-27,DI1U26,13.901,13.905
2026-08-21,DI1Z28,14.129,14.255
2026-08-21,DI1J30,14.334,14.507
2026-08-21,DI1V31,14.448,14.642
2026-08-21,DI1J27,13.741,13.774
2026-08-21,DI1F27,13.706,13.725
2026-08-21,DI1F37,14.511,14.692
2026-08-21,DI1F32,14.479,14.674
2026-08-21,DI1F29,14.145,14.274
2026-08-21,DI1F39,14.464,14.648
2026-08-21,DI1H27,13.721,13.747
2026-08-21,DI1Z29,14.308,14.471
2026-08-21,DI1F34,14.516,14.704
2026-08-21,DI1N28,13.993,14.106
2026-08-21,DI1N27,13.789,13.842
2026-08-21,DI1X28,14.111,14.234
2026-08-21,DI1Z26,13.725,13.743
2026-08-21,DI1J31,14.406,14.606
2026-08-21,DI1V26,13.827,13.828
2026-08-21,DI1V28,14.089,14.209
2026-08-21,DI1F33,14.513,14.706
2026-08-21,DI1G27,13.71,13.731
2026-08-21,DI1X26,13.764,13.768
2026-08-21,DI1N29,14.269,14.416
2026-08-21,DI1K27,13.755,13.789
2026-08-21,DI1V27,13.83,13.901
2026-08-21,DI1F35,14.519,14.706
2026-08-21,DI1F30,14.323,14.487
2026-08-21,DI1F40,14.45,14.634
2026-08-21,DI1X29,14.3,14.458
2026-08-21,DI1Z27,13.839,13.92
2026-08-21,DI1V29,14.294,14.448
2026-08-21,DI1X27,13.832,13.91
2026-08-21,DI1M27,13.77,13.824
2026-08-21,DI1J28,13.919,14.013
2026-08-21,DI1F31,14.399,14.59
2026-08-21,DI1F41,14.441,14.625
2026-08-21,DI1Q27,13.798,13.866
2026-08-21,DI1N30,14.358,14.532
2026-08-21,DI1J29,14.213,14.352
2026-08-21,DI1V30,14.377,14.559
2026-08-21,DI1F36,14.492,14.677
2026-08-21,DI1N31,14.43,14.624
2026-08-21,DI1F28,13.857,13.941
2026-08-21,DI1F38,14.494,14.678
2026-08-21,DI1U26,13.902,13.903
2026-08-19,DI1Z28,14.201,14.315
2026-08-19,DI1J30,14.443,14.559
2026-08-19,DI1V31,14.587,14.702
2026-08-19,DI1J27,13.762,13.807
2026-08-19,DI1F27,13.728,13.749
2026-08-19,DI1F37,14.665,14.775
2026-08-19,DI1F32,14.621,14.738
2026-08-19,DI1F29,14.22,14.336
2026-08-19,DI1F39,14.62,14.727
2026-08-19,DI1H27,13.74,13.78
2026-08-19,DI1Z29,14.407,14.524
2026-08-19,DI1F34,14.668,14.783
2026-08-19,DI1N28,14.056,14.154
2026-08-19,DI1N27,13.82,13.872
2026-08-19,DI1X28,14.18,14.289
2026-08-19,DI1Z26,13.745,13.758
2026-08-19,DI1J31,14.542,14.666
2026-08-19,DI1V26,13.834,13.838
2026-08-19,DI1V28,14.149,14.257
2026-08-19,DI1F33,14.657,14.774
2026-08-19,DI1G27,13.725,13.758
2026-08-19,DI1X26,13.773,13.783
2026-08-19,DI1N29,14.357,14.47
2026-08-19,DI1K27,13.778,13.819
2026-08-19,DI1V27,13.866,13.93
2026-08-19,DI1F35,14.668,14.779
2026-08-19,DI1F30,14.423,14.538
2026-08-19,DI1F40,14.606,14.713
2026-08-19,DI1X29,14.397,14.512
2026-08-19,DI1Z27,13.878,13.949
2026-08-19,DI1V29,14.385,14.503
2026-08-19,DI1X27,13.872,13.939
2026-08-19,DI1M27,13.797,13.848
2026-08-19,DI1J28,13.97,14.052
2026-08-19,DI1F31,14.528,14.643
2026-08-19,DI1F41,14.597,14.704
2026-08-19,DI1Q27,13.825,13.888
2026-08-19,DI1N30,14.472,14.596
2026-08-19,DI1J29,14.294,14.41
2026-08-19,DI1V30,14.497,14.614
2026-08-19,DI1F36,14.648,14.759
2026-08-19,DI1N31,14.566,14.692
2026-08-19,DI1F28,13.899,13.971
2026-08-19,DI1F38,14.65,14.757
2026-08-19,DI1U26,13.902,13.906
2026-08-18,DI1Z28,14.314,14.331
2026-08-18,DI1J30,14.558,14.548
2026-08-18,DI1V31,14.701,14.676
2026-08-18,DI1J27,13.808,13.827
2026-08-18,DI1F27,13.751,13.769
2026-08-18,DI1F37,14.775,14.74
2026-08-18,DI1F32,14.737,14.707
2026-08-18,DI1F29,14.335,14.351
2026-08-18,DI1F39,14.727,14.695
2026-08-18,DI1H27,13.781,13.799
2026-08-18,DI1Z29,14.523,14.518
2026-08-18,DI1F34,14.783,14.746
2026-08-18,DI1N28,14.153,14.174
2026-08-18,DI1N27,13.872,13.903
2026-08-18,DI1X28,14.288,14.309
2026-08-18,DI1Z26,13.76,13.773
2026-08-18,DI1J31,14.665,14.64
2026-08-18,DI1V26,13.84,13.843
2026-08-18,DI1V28,14.256,14.282
2026-08-18,DI1F33,14.773,14.741
2026-08-18,DI1G27,13.759,13.775
2026-08-18,DI1X26,13.785,13.795
2026-08-18,DI1N29,14.469,14.476
2026-08-18,DI1K27,13.819,13.849
2026-08-18,DI1V27,13.93,13.962
2026-08-18,DI1F35,14.779,14.748
2026-08-18,DI1F30,14.537,14.533
2026-08-18,DI1F40,14.713,14.681
2026-08-18,DI1X29,14.511,14.51
2026-08-18,DI1Z27,13.949,13.983
2026-08-18,DI1V29,14.502,14.502
2026-08-18,DI1X27,13.939,13.973
2026-08-18,DI1M27,13.848,13.868
2026-08-18,DI1J28,14.052,14.08
2026-08-18,DI1F31,14.642,14.623
2026-08-18,DI1F41,14.704,14.672
2026-08-18,DI1Q27,13.888,13.918
2026-08-18,DI1N30,14.595,14.573
2026-08-18,DI1J29,14.409,14.419
2026-08-18,DI1V30,14.613,14.598
2026-08-18,DI1F36,14.759,14.724
2026-08-18,DI1N31,14.691,14.657
2026-08-18,DI1F28,13.971,14.003
2026-08-18,DI1F38,14.757,14.725
2026-08-18,DI1U26,13.905,13.905
2026-09-18,DI1Z28,13.821,13.83
2026-09-18,DI1J30,13.985,14.006
2026-09-18,DI1V31,14.08,14.111
2026-09-18,DI1J27,13.547,13.54
2026-09-18,DI1F27,13.555,13.555
2026-09-18,DI1F37,14.172,14.211
2026-09-18,DI1F32,14.109,14.14
2026-09-18,DI1F29,13.831,13.845
2026-09-18,DI1F39,14.143,14.184
2026-09-18,DI1H27,13.537,13.536
2026-09-18,DI1Z29,13.965,13.986
2026-09-18,DI1F34,14.158,14.193
2026-09-18,DI1N28,13.729,13.729
2026-09-18,DI1N27,13.578,13.562
2026-09-18,DI1X28,13.807,13.817
2026-09-18,DI1Z26,13.588,13.591
2026-09-18,DI1J31,14.05,14.068
2026-09-18,DI1V26,13.653,13.655
2026-09-18,DI1V28,13.794,13.793
2026-09-18,DI1F33,14.15,14.185
2026-09-18,DI1G27,13.535,13.537
2026-09-18,DI1X26,13.655,13.655
2026-09-18,DI1N29,13.935,13.953
2026-09-18,DI1K27,13.545,13.539
2026-09-18,DI1V27,13.609,13.595
2026-09-18,DI1F35,14.158,14.196
2026-09-18,DI1F30,13.974,13.996
2026-09-18,DI1F40,14.129,14.17
2026-09-18,DI1X29,13.955,13.976
2026-09-18,DI1Z27,13.609,13.604
2026-09-18,DI1V29,13.953,13.973
2026-09-18,DI1X27,13.613,13.599
2026-09-18,DI1M27,13.557,13.548
2026-09-18,DI1J28,13.675,13.671
2026-09-18,DI1F31,14.035,14.061
2026-09-18,DI1F41,14.12,14.161
2026-09-18,DI1Q27,13.582,13.568
2026-09-18,DI1N30,14.005,14.027
2026-09-18,DI1U27,13.597,13.58
2026-09-18,DI1J29,13.887,13.9
2026-09-18,DI1V30,14.018,14.041
2026-09-18,DI1F36,14.147,14.183
2026-09-18,DI1N31,14.063,14.093
2026-09-18,DI1F28,13.623,13.617
2026-09-18,DI1F38,14.173,14.214
2026-08-28,DI1Z28,14.132,14.05
2026-08-28,DI1J30,14.395,14.283
2026-08-28,DI1V31,14.529,14.407
2026-08-28,DI1J27,13.599,13.633
2026-08-28,DI1F27,13.619,13.631
2026-08-28,DI1F37,14.578,14.475
2026-08-28,DI1F32,14.563,14.445
2026-08-28,DI1F29,14.153,14.066
2026-08-28,DI1F39,14.545,14.445
2026-08-28,DI1H27,13.596,13.626
2026-08-28,DI1Z29,14.36,14.251
2026-08-28,DI1F34,14.593,14.477
2026-08-28,DI1N28,13.976,13.915
2026-08-28,DI1N27,13.645,13.681
2026-08-28,DI1X28,14.11,14.032
2026-08-28,DI1Z26,13.672,13.671
2026-08-28,DI1J31,14.498,14.368
2026-08-28,DI1V26,13.803,13.802
2026-08-28,DI1V28,14.084,14.011
2026-08-28,DI1F33,14.592,14.479
2026-08-28,DI1G27,13.598,13.627
2026-08-28,DI1X26,13.737,13.737
2026-08-28,DI1N29,14.298,14.202
2026-08-28,DI1K27,13.61,13.643
2026-08-28,DI1V27,13.72,13.731
2026-08-28,DI1F35,14.589,14.479
2026-08-28,DI1F30,14.372,14.266
2026-08-28,DI1F40,14.531,14.431
2026-08-28,DI1X29,14.35,14.246
2026-08-28,DI1Z27,13.753,13.747
2026-08-28,DI1V29,14.341,14.239
2026-08-28,DI1X27,13.734,13.736
2026-08-28,DI1M27,13.625,13.661
2026-08-28,DI1J28,13.875,13.837
2026-08-28,DI1F31,14.48,14.36
2026-08-28,DI1F41,14.522,14.422
2026-08-28,DI1Q27,13.666,13.695
2026-08-28,DI1N30,14.435,14.316
2026-08-28,DI1J29,14.234,14.14
2026-08-28,DI1V30,14.452,14.334
2026-08-28,DI1F36,14.561,14.455
2026-08-28,DI1N31,14.515,14.402
2026-08-28,DI1F28,13.779,13.765
2026-08-28,DI1F38,14.575,14.475
2026-08-28,DI1U26,13.898,13.901
2026-08-26,DI1Z28,14.102,14.079
2026-08-26,DI1J30,14.295,14.285
2026-08-26,DI1V31,14.389,14.394
2026-08-26,DI1J27,13.689,13.69
2026-08-26,DI1F27,13.671,13.673
2026-08-26,DI1F37,14.436,14.45
2026-08-26,DI1F32,14.419,14.426
2026-08-26,DI1F29,14.118,14.096
2026-08-26,DI1F39,14.405,14.406
2026-08-26,DI1H27,13.674,13.675
2026-08-26,DI1Z29,14.268,14.257
2026-08-26,DI1F34,14.443,14.452
2026-08-26,DI1N28,13.978,13.952
2026-08-26,DI1N27,13.745,13.739
2026-08-26,DI1X28,14.084,14.061
2026-08-26,DI1Z26,13.703,13.705
2026-08-26,DI1J31,14.357,14.365
2026-08-26,DI1V26,13.816,13.815
2026-08-26,DI1V28,14.062,14.038
2026-08-26,DI1F33,14.44,14.454
2026-08-26,DI1G27,13.665,13.67
2026-08-26,DI1X26,13.751,13.75
2026-08-26,DI1N29,14.233,14.215
2026-08-26,DI1K27,13.701,13.703
2026-08-26,DI1V27,13.796,13.79
2026-08-26,DI1F35,14.444,14.459
2026-08-26,DI1F30,14.278,14.271
2026-08-26,DI1F40,14.391,14.392
2026-08-26,DI1X29,14.26,14.252
2026-08-26,DI1Z27,13.809,13.798
2026-08-26,DI1V29,14.25,14.243
2026-08-26,DI1X27,13.802,13.791
2026-08-26,DI1M27,13.723,13.719
2026-08-26,DI1J28,13.896,13.872
2026-08-26,DI1F31,14.348,14.348
2026-08-26,DI1F41,14.382,14.383
2026-08-26,DI1Q27,13.759,13.752
2026-08-26,DI1N30,14.316,14.314
2026-08-26,DI1J29,14.182,14.162
2026-08-26,DI1V30,14.329,14.325
2026-08-26,DI1F36,14.419,14.432
2026-08-26,DI1N31,14.374,14.378
2026-08-26,DI1F28,13.83,13.813
2026-08-26,DI1F38,14.435,14.436
2026-08-26,DI1U26,13.903,13.903
2026-08-24,DI1Z28,14.159,14.129
2026-08-24,DI1J30,14.358,14.334
2026-08-24,DI1V31,14.46,14.448
2026-08-24,DI1J27,13.735,13.74
2026-08-24,DI1F27,13.703,13.704
2026-08-24,DI1F37,14.49,14.511
2026-08-24,DI1F32,14.489,14.479
2026-08-24,DI1F29,14.174,14.145
2026-08-24,DI1F39,14.442,14.464
2026-08-24,DI1H27,13.716,13.72
2026-08-24,DI1Z29,14.336,14.308
2026-08-24,DI1F34,14.508,14.516
2026-08-24,DI1N28,14.024,13.993
2026-08-24,DI1N27,13.799,13.788
2026-08-24,DI1X28,14.141,14.111
2026-08-24,DI1Z26,13.718,13.722
2026-08-24,DI1J31,14.418,14.406
2026-08-24,DI1V26,13.822,13.824
2026-08-24,DI1V28,14.114,14.089
2026-08-24,DI1F33,14.514,14.513
2026-08-24,DI1G27,13.702,13.708
2026-08-24,DI1X26,13.758,13.761
2026-08-24,DI1N29,14.296,14.27
2026-08-24,DI1K27,13.754,13.754
2026-08-24,DI1V27,13.853,13.83
2026-08-24,DI1F35,14.506,14.519
2026-08-24,DI1F30,14.35,14.324
2026-08-24,DI1F40,14.428,14.45
2026-08-24,DI1X29,14.33,14.3
2026-08-24,DI1Z27,13.865,13.839
2026-08-24,DI1V29,14.321,14.295
2026-08-24,DI1X27,13.856,13.832
2026-08-24,DI1M27,13.774,13.769
2026-08-24,DI1J28,13.948,13.919
2026-08-24,DI1F31,14.421,14.399
2026-08-24,DI1F41,14.419,14.441
2026-08-24,DI1Q27,13.813,13.798
2026-08-24,DI1N30,14.394,14.358
2026-08-24,DI1J29,14.241,14.213
2026-08-24,DI1V30,14.401,14.377
2026-08-24,DI1F36,14.478,14.492
2026-08-24,DI1N31,14.445,14.43
2026-08-24,DI1F28,13.883,13.857
2026-08-24,DI1F38,14.472,14.494
2026-08-24,DI1U26,13.904,13.903
2026-08-20,DI1Z28,14.254,14.202
2026-08-20,DI1J30,14.506,14.444
2026-08-20,DI1V31,14.641,14.588
2026-08-20,DI1J27,13.775,13.761
2026-08-20,DI1F27,13.727,13.726
2026-08-20,DI1F37,14.692,14.665
2026-08-20,DI1F32,14.673,14.622
2026-08-20,DI1F29,14.273,14.221
2026-08-20,DI1F39,14.648,14.62
2026-08-20,DI1H27,13.748,13.739
2026-08-20,DI1Z29,14.47,14.408
2026-08-20,DI1F34,14.704,14.668
2026-08-20,DI1N28,14.106,14.056
2026-08-20,DI1N27,13.842,13.82
2026-08-20,DI1X28,14.233,14.181
2026-08-20,DI1Z26,13.745,13.743
2026-08-20,DI1J31,14.605,14.543
2026-08-20,DI1V26,13.83,13.832
2026-08-20,DI1V28,14.208,14.149
2026-08-20,DI1F33,14.705,14.657
2026-08-20,DI1G27,13.733,13.723
2026-08-20,DI1X26,13.771,13.77
2026-08-20,DI1N29,14.415,14.358
2026-08-20,DI1K27,13.79,13.777
2026-08-20,DI1V27,13.901,13.866
2026-08-20,DI1F35,14.706,14.668
2026-08-20,DI1F30,14.486,14.424
2026-08-20,DI1F40,14.634,14.606
2026-08-20,DI1X29,14.457,14.398
2026-08-20,DI1Z27,13.92,13.878
2026-08-20,DI1V29,14.447,14.386
2026-08-20,DI1X27,13.91,13.872
2026-08-20,DI1M27,13.824,13.796
2026-08-20,DI1J28,14.013,13.97
2026-08-20,DI1F31,14.589,14.529
2026-08-20,DI1F41,14.625,14.597
2026-08-20,DI1Q27,13.866,13.825
2026-08-20,DI1N30,14.531,14.473
2026-08-20,DI1J29,14.351,14.295
2026-08-20,DI1V30,14.558,14.498
2026-08-20,DI1F36,14.677,14.648
2026-08-20,DI1N31,14.623,14.567
2026-08-20,DI1F28,13.941,13.899
2026-08-20,DI1F38,14.678,14.65
2026-08-20,DI1U26,13.903,13.902
2026-08-14,DI1Z28,14.366,14.234
2026-08-14,DI1J30,14.586,14.447
2026-08-14,DI1V31,14.7,14.56
2026-08-14,DI1J27,13.841,13.784
2026-08-14,DI1F27,13.778,13.746
2026-08-14,DI1F37,14.733,14.616
2026-08-14,DI1F32,14.731,14.595
2026-08-14,DI1F29,14.388,14.253
2026-08-14,DI1F39,14.701,14.59
2026-08-14,DI1H27,13.812,13.768
2026-08-14,DI1Z29,14.557,14.416
2026-08-14,DI1F34,14.753,14.625
2026-08-14,DI1N28,14.214,14.096
2026-08-14,DI1N27,13.918,13.843
2026-08-14,DI1X28,14.343,14.214
2026-08-14,DI1Z26,13.78,13.758
2026-08-14,DI1J31,14.661,14.519
2026-08-14,DI1V26,13.847,13.841
2026-08-14,DI1V28,14.316,14.191
2026-08-14,DI1F33,14.754,14.623
2026-08-14,DI1G27,13.79,13.749
2026-08-14,DI1X26,13.799,13.789
2026-08-14,DI1N29,14.515,14.374
2026-08-14,DI1K27,13.859,13.798
2026-08-14,DI1V27,13.985,13.899
2026-08-14,DI1F35,14.749,14.628
2026-08-14,DI1F30,14.573,14.432
2026-08-14,DI1F40,14.687,14.576
2026-08-14,DI1X29,14.547,14.407
2026-08-14,DI1Z27,14.004,13.914
2026-08-14,DI1V29,14.536,14.396
2026-08-14,DI1X27,13.993,13.905
2026-08-14,DI1M27,13.89,13.82
2026-08-14,DI1J28,14.119,14.01
2026-08-14,DI1F31,14.654,14.515
2026-08-14,DI1F41,14.678,14.567
2026-08-14,DI1Q27,13.938,13.86
2026-08-14,DI1N30,14.62,14.48
2026-08-14,DI1J29,14.457,14.319
2026-08-14,DI1V30,14.628,14.49
2026-08-14,DI1F36,14.722,14.605
2026-08-14,DI1N31,14.684,14.543
2026-08-14,DI1F28,14.035,13.935
2026-08-14,DI1F38,14.731,14.62
2026-08-14,DI1U26,13.904,13.902
2026-08-13,DI1Z28,14.233,14.205
2026-08-13,DI1J30,14.446,14.396
2026-08-13,DI1V31,14.559,14.499
2026-08-13,DI1J27,13.785,13.784
2026-08-13,DI1F27,13.748,13.749
2026-08-13,DI1F37,14.616,14.54
2026-08-13,DI1F32,14.594,14.532
2026-08-13,DI1F29,14.252,14.223
2026-08-13,DI1F39,14.59,14.515
2026-08-13,DI1H27,13.769,13.769
2026-08-13,DI1Z29,14.415,14.368
2026-08-13,DI1F34,14.625,14.549
2026-08-13,DI1N28,14.096,14.076
2026-08-13,DI1N27,13.843,13.838
2026-08-13,DI1X28,14.213,14.187
2026-08-13,DI1Z26,13.76,13.76
2026-08-13,DI1J31,14.518,14.461
2026-08-13,DI1V26,13.843,13.841
2026-08-13,DI1V28,14.19,14.164
2026-08-13,DI1F33,14.623,14.554
2026-08-13,DI1G27,13.75,13.756
2026-08-13,DI1X26,13.791,13.789
2026-08-13,DI1N29,14.373,14.336
2026-08-13,DI1K27,13.799,13.796
2026-08-13,DI1V27,13.899,13.885
2026-08-13,DI1F35,14.628,14.554
2026-08-13,DI1F30,14.431,14.385
2026-08-13,DI1F40,14.576,14.501
2026-08-13,DI1X29,14.406,14.363
2026-08-13,DI1Z27,13.914,13.899
2026-08-13,DI1V29,14.395,14.356
2026-08-13,DI1X27,13.905,13.892
2026-08-13,DI1M27,13.82,13.815
2026-08-13,DI1J28,14.01,13.988
2026-08-13,DI1F31,14.514,14.456
2026-08-13,DI1F41,14.567,14.492
2026-08-13,DI1Q27,13.86,13.849
2026-08-13,DI1N30,14.479,14.423
2026-08-13,DI1J29,14.318,14.283
2026-08-13,DI1V30,14.489,14.437
2026-08-13,DI1F36,14.605,14.527
2026-08-13,DI1N31,14.542,14.481
2026-08-13,DI1F28,13.935,13.921
2026-08-13,DI1F38,14.62,14.545
2026-08-13,DI1U26,13.902,13.902
2026-08-12,DI1Z28,14.204,14.183
2026-08-12,DI1J30,14.395,14.374
2026-08-12,DI1V31,14.499,14.473
2026-08-12,DI1J27,13.785,13.791
2026-08-12,DI1F27,13.751,13.761
2026-08-12,DI1F37,14.54,14.519
2026-08-12,DI1F32,14.532,14.505
2026-08-12,DI1F29,14.222,14.197
2026-08-12,DI1F39,14.515,14.496
2026-08-12,DI1H27,13.77,13.785
2026-08-12,DI1Z29,14.367,14.348
2026-08-12,DI1F34,14.549,14.529
2026-08-12,DI1N28,14.076,14.063
2026-08-12,DI1N27,13.838,13.836
2026-08-12,DI1X28,14.186,14.169
2026-08-12,DI1Z26,13.762,13.771
2026-08-12,DI1J31,14.461,14.454
2026-08-12,DI1V26,13.843,13.851
2026-08-12,DI1V28,14.164,14.15
2026-08-12,DI1F33,14.554,14.53
2026-08-12,DI1G27,13.757,13.77
2026-08-12,DI1X26,13.791,13.8
2026-08-12,DI1N29,14.335,14.312
2026-08-12,DI1K27,13.797,13.804
2026-08-12,DI1V27,13.885,13.881
2026-08-12,DI1F35,14.554,14.534
2026-08-12,DI1F30,14.384,14.361
2026-08-12,DI1F40,14.501,14.482
2026-08-12,DI1X29,14.362,14.341
2026-08-12,DI1Z27,13.899,13.89
2026-08-12,DI1V29,14.355,14.333
2026-08-12,DI1X27,13.892,13.887
2026-08-12,DI1M27,13.815,13.82
2026-08-12,DI1J28,13.988,13.979
2026-08-12,DI1F31,14.455,14.432
2026-08-12,DI1F41,14.492,14.473
2026-08-12,DI1Q27,13.849,13.849
2026-08-12,DI1N30,14.422,14.396
2026-08-12,DI1J29,14.282,14.26
2026-08-12,DI1V30,14.436,14.412
2026-08-12,DI1F36,14.527,14.508
2026-08-12,DI1N31,14.481,14.456
2026-08-12,DI1F28,13.921,13.914
2026-08-12,DI1F38,14.545,14.526
2026-08-12,DI1U26,13.902,13.903
2026-08-11,DI1Z28,14.183,14.076
2026-08-11,DI1J30,14.373,14.284
2026-08-11,DI1V31,14.473,14.407
2026-08-11,DI1J27,13.792,13.763
2026-08-11,DI1F27,13.762,13.746
2026-08-11,DI1F37,14.519,14.512
2026-08-11,DI1F32,14.505,14.44
2026-08-11,DI1F29,14.197,14.091
2026-08-11,DI1F39,14.496,14.48
2026-08-11,DI1H27,13.786,13.759
2026-08-11,DI1Z29,14.347,14.254
2026-08-11,DI1F34,14.529,14.493
2026-08-11,DI1N28,14.063,13.955
2026-08-11,DI1N27,13.836,13.787
2026-08-11,DI1X28,14.169,14.06
2026-08-11,DI1Z26,13.773,13.763
2026-08-11,DI1J31,14.454,14.37
2026-08-11,DI1V26,13.852,13.847
2026-08-11,DI1V28,14.15,14.04
2026-08-11,DI1F33,14.53,14.48
2026-08-11,DI1G27,13.771,13.754
2026-08-11,DI1X26,13.802,13.794
2026-08-11,DI1N29,14.311,14.21
2026-08-11,DI1K27,13.805,13.768
2026-08-11,DI1V27,13.881,13.814
2026-08-11,DI1F35,14.534,14.506
2026-08-11,DI1F30,14.36,14.269
2026-08-11,DI1F40,14.482,14.466
2026-08-11,DI1X29,14.34,14.245
2026-08-11,DI1Z27,13.89,13.814
2026-08-11,DI1V29,14.332,14.235
2026-08-11,DI1X27,13.887,13.813
2026-08-11,DI1M27,13.82,13.777
2026-08-11,DI1J28,13.979,13.887
2026-08-11,DI1F31,14.432,14.357
2026-08-11,DI1F41,14.473,14.457
2026-08-11,DI1Q27,13.849,13.794
2026-08-11,DI1N30,14.395,14.313
2026-08-11,DI1J29,14.259,14.156
2026-08-11,DI1V30,14.412,14.332
2026-08-11,DI1F36,14.508,14.491
2026-08-11,DI1N31,14.456,14.386
2026-08-11,DI1F28,13.914,13.825
2026-08-11,DI1F38,14.526,14.51
2026-08-11,DI1U26,13.903,13.904
2026-08-10,DI1Z28,14.076,14.016
2026-08-10,DI1J30,14.284,14.212
2026-08-10,DI1V31,14.407,14.328
2026-08-10,DI1J27,13.764,13.746
2026-08-10,DI1F27,13.748,13.743
2026-08-10,DI1F37,14.512,14.43
2026-08-10,DI1F32,14.44,14.362
2026-08-10,DI1F29,14.091,14.029
2026-08-10,DI1F39,14.48,14.4
2026-08-10,DI1H27,13.76,13.749
2026-08-10,DI1Z29,14.254,14.182
2026-08-10,DI1F34,14.493,14.412
2026-08-10,DI1N28,13.955,13.905
2026-08-10,DI1N27,13.788,13.747
2026-08-10,DI1X28,14.06,14.003
2026-08-10,DI1Z26,13.765,13.768
2026-08-10,DI1J31,14.37,14.285
2026-08-10,DI1V26,13.848,13.853
2026-08-10,DI1V28,14.04,13.985
2026-08-10,DI1F33,14.48,14.402
2026-08-10,DI1G27,13.755,13.749
2026-08-10,DI1X26,13.796,13.793
2026-08-10,DI1N29,14.21,14.145
2026-08-10,DI1K27,13.769,13.744
2026-08-10,DI1V27,13.814,13.768
2026-08-10,DI1F35,14.506,14.427
2026-08-10,DI1F30,14.269,14.198
2026-08-10,DI1F40,14.466,14.386
2026-08-10,DI1X29,14.245,14.175
2026-08-10,DI1Z27,13.814,13.77
2026-08-10,DI1V29,14.235,14.167
2026-08-10,DI1X27,13.813,13.768
2026-08-10,DI1M27,13.778,13.744
2026-08-10,DI1J28,13.887,13.837
2026-08-10,DI1F31,14.357,14.28
2026-08-10,DI1F41,14.457,14.377
2026-08-10,DI1Q27,13.794,13.752
2026-08-10,DI1N30,14.313,14.239
2026-08-10,DI1J29,14.156,14.093
2026-08-10,DI1V30,14.332,14.258
2026-08-10,DI1F36,14.491,14.412
2026-08-10,DI1N31,14.386,14.307
2026-08-10,DI1F28,13.825,13.782
2026-08-10,DI1F38,14.51,14.43
2026-08-10,DI1U26,13.904,13.904
2026-08-07,DI1Z28,14.016,14.095
2026-08-07,DI1J30,14.212,14.269
2026-08-07,DI1V31,14.328,14.364
2026-08-07,DI1J27,13.747,13.784
2026-08-07,DI1F27,13.745,13.764
2026-08-07,DI1F37,14.43,14.458
2026-08-07,DI1F32,14.362,14.398
2026-08-07,DI1F29,14.029,14.108
2026-08-07,DI1F39,14.4,14.432
2026-08-07,DI1H27,13.75,13.778
2026-08-07,DI1Z29,14.182,14.248
2026-08-07,DI1F34,14.412,14.441
2026-08-07,DI1N28,13.905,13.978
2026-08-07,DI1N27,13.748,13.815
2026-08-07,DI1X28,14.003,14.082
2026-08-07,DI1Z26,13.77,13.777
2026-08-07,DI1J31,14.285,14.326
2026-08-07,DI1V26,13.854,13.854
2026-08-07,DI1V28,13.985,14.06
2026-08-07,DI1F33,14.402,14.431
2026-08-07,DI1G27,13.75,13.773
2026-08-07,DI1X26,13.795,13.805
2026-08-07,DI1N29,14.145,14.212
2026-08-07,DI1K27,13.745,13.793
2026-08-07,DI1V27,13.768,13.838
2026-08-07,DI1F35,14.427,14.45
2026-08-07,DI1F30,14.198,14.257
2026-08-07,DI1F40,14.386,14.418
2026-08-07,DI1X29,14.175,14.237
2026-08-07,DI1Z27,13.77,13.838
2026-08-07,DI1V29,14.167,14.231
2026-08-07,DI1X27,13.768,13.84
2026-08-07,DI1M27,13.745,13.804
2026-08-07,DI1J28,13.837,13.907
2026-08-07,DI1F31,14.28,14.322
2026-08-07,DI1F41,14.377,14.409
2026-08-07,DI1Q27,13.753,13.822
2026-08-07,DI1N30,14.239,14.291
2026-08-07,DI1J29,14.093,14.166
2026-08-07,DI1V30,14.258,14.303
2026-08-07,DI1F36,14.412,14.436
2026-08-07,DI1N31,14.307,14.346
2026-08-07,DI1F28,13.782,13.853
2026-08-07,DI1F38,14.43,14.462
2026-08-07,DI1U26,13.904,13.904
2026-08-06,DI1Z28,14.095,14
2026-08-06,DI1J30,14.269,14.144
2026-08-06,DI1V31,14.364,14.231
2026-08-06,DI1J27,13.785,13.766
2026-08-06,DI1F27,13.765,13.755
2026-08-06,DI1F37,14.458,14.326
2026-08-06,DI1F32,14.398,14.262
2026-08-06,DI1F29,14.108,14.009
2026-08-06,DI1F39,14.432,14.289
2026-08-06,DI1H27,13.779,13.762
2026-08-06,DI1Z29,14.248,14.126
2026-08-06,DI1F34,14.441,14.302
2026-08-06,DI1N28,13.978,13.893
2026-08-06,DI1N27,13.815,13.774
2026-08-06,DI1X28,14.082,13.988
2026-08-06,DI1Z26,13.779,13.775
2026-08-06,DI1J31,14.326,14.21
2026-08-06,DI1V26,13.855,13.859
2026-08-06,DI1V28,14.06,13.972
2026-08-06,DI1F33,14.431,14.292
2026-08-06,DI1G27,13.774,13.763
2026-08-06,DI1X26,13.807,13.806
2026-08-06,DI1N29,14.212,14.101
2026-08-06,DI1K27,13.794,13.76
2026-08-06,DI1V27,13.838,13.789
2026-08-06,DI1F35,14.45,14.317
2026-08-06,DI1F30,14.257,14.135
2026-08-06,DI1F40,14.418,14.275
2026-08-06,DI1X29,14.237,14.116
2026-08-06,DI1Z27,13.838,13.783
2026-08-06,DI1V29,14.231,14.113
2026-08-06,DI1X27,13.84,13.784
2026-08-06,DI1M27,13.804,13.775
2026-08-06,DI1J28,13.907,13.84
2026-08-06,DI1F31,14.322,14.193
2026-08-06,DI1F41,14.409,14.266
2026-08-06,DI1Q27,13.822,13.774
2026-08-06,DI1N30,14.291,14.168
2026-08-06,DI1J29,14.166,14.06
2026-08-06,DI1V30,14.303,14.174
2026-08-06,DI1F36,14.436,14.301
2026-08-06,DI1N31,14.346,14.215
2026-08-06,DI1F28,13.853,13.793
2026-08-06,DI1F38,14.462,14.319
2026-08-06,DI1U26,13.904,13.908
2026-08-04,DI1Z28,14.024,13.963
2026-08-04,DI1J30,14.185,14.126
2026-08-04,DI1V31,14.296,14.26
2026-08-04,DI1J27,13.808,13.799
2026-08-04,DI1F27,13.79,13.796
2026-08-04,DI1F37,14.417,14.454
2026-08-04,DI1F32,14.326,14.3
2026-08-04,DI1F29,14.034,13.974
2026-08-04,DI1F39,14.387,14.424
2026-08-04,DI1H27,13.81,13.8
2026-08-04,DI1Z29,14.158,14.098
2026-08-04,DI1F34,14.394,14.39
2026-08-04,DI1N28,13.928,13.875
2026-08-04,DI1N27,13.826,13.797
2026-08-04,DI1X28,14.011,13.949
2026-08-04,DI1Z26,13.806,13.808
2026-08-04,DI1J31,14.246,14.208
2026-08-04,DI1V26,13.886,13.89
2026-08-04,DI1V28,13.994,13.931
2026-08-04,DI1F33,14.368,14.362
2026-08-04,DI1G27,13.797,13.792
2026-08-04,DI1X26,13.833,13.837
2026-08-04,DI1N29,14.124,14.067
2026-08-04,DI1K27,13.814,13.796
2026-08-04,DI1V27,13.835,13.801
2026-08-04,DI1F35,14.409,14.424
2026-08-04,DI1F30,14.166,14.11
2026-08-04,DI1F40,14.373,14.41
2026-08-04,DI1X29,14.153,14.092
2026-08-04,DI1Z27,13.827,13.787
2026-08-04,DI1V29,14.15,14.086
2026-08-04,DI1X27,13.832,13.792
2026-08-04,DI1M27,13.82,13.796
2026-08-04,DI1J28,13.883,13.827
2026-08-04,DI1F31,14.239,14.195
2026-08-04,DI1F41,14.364,14.401
2026-08-04,DI1Q27,13.831,13.8
2026-08-04,DI1N30,14.21,14.153
2026-08-04,DI1J29,14.093,14.027
2026-08-04,DI1V30,14.22,14.17
2026-08-04,DI1F36,14.414,14.426
2026-08-04,DI1N31,14.273,14.236
2026-08-04,DI1F28,13.836,13.794
2026-08-04,DI1F38,14.417,14.454
2026-08-04,DI1U26,13.937,13.942
2026-08-03,DI1Z28,13.963,14.081
2026-08-03,DI1J30,14.126,14.292
2026-08-03,DI1V31,14.26,14.454
2026-08-03,DI1J27,13.801,13.819
2026-08-03,DI1F27,13.799,13.795
2026-08-03,DI1F37,14.454,14.695
2026-08-03,DI1F32,14.3,14.495
2026-08-03,DI1F29,13.974,14.096
2026-08-03,DI1F39,14.424,14.635
2026-08-03,DI1H27,13.802,13.814
2026-08-03,DI1Z29,14.098,14.257
2026-08-03,DI1F34,14.39,14.611
2026-08-03,DI1N28,13.876,13.974
2026-08-03,DI1N27,13.799,13.842
2026-08-03,DI1X28,13.949,14.068
2026-08-03,DI1Z26,13.812,13.806
2026-08-03,DI1J31,14.208,14.397
2026-08-03,DI1V26,13.896,13.889
2026-08-03,DI1V28,13.931,14.051
2026-08-03,DI1F33,14.362,14.573
2026-08-03,DI1G27,13.795,13.804
2026-08-03,DI1X26,13.842,13.835
2026-08-03,DI1N29,14.067,14.212
2026-08-03,DI1K27,13.798,13.823
2026-08-03,DI1V27,13.802,13.857
2026-08-03,DI1F35,14.424,14.646
2026-08-03,DI1F30,14.11,14.271
2026-08-03,DI1F40,14.41,14.621
2026-08-03,DI1X29,14.092,14.248
2026-08-03,DI1Z27,13.788,13.851
2026-08-03,DI1V29,14.086,14.245
2026-08-03,DI1X27,13.793,13.855
2026-08-03,DI1M27,13.798,13.83
2026-08-03,DI1J28,13.828,13.905
2026-08-03,DI1F31,14.195,14.382
2026-08-03,DI1F41,14.401,14.612
2026-08-03,DI1Q27,13.801,13.843
2026-08-03,DI1N30,14.153,14.329
2026-08-03,DI1Q26,14.15,14.15
2026-08-03,DI1J29,14.027,14.16
2026-08-03,DI1V30,14.17,14.353
2026-08-03,DI1F36,14.426,14.656
2026-08-03,DI1N31,14.236,14.427
2026-08-03,DI1F28,13.795,13.86
2026-08-03,DI1F38,14.454,14.665
2026-08-03,DI1U26,13.952,13.948
2026-07-31,DI1Z28,14.081,14.109
2026-07-31,DI1J30,14.292,14.323
2026-07-31,DI1V31,14.454,14.482
2026-07-31,DI1J27,13.821,13.844
2026-07-31,DI1F27,13.798,13.818
2026-07-31,DI1F37,14.695,14.724
2026-07-31,DI1F32,14.495,14.523
2026-07-31,DI1F29,14.096,14.123
2026-07-31,DI1F39,14.635,14.664
2026-07-31,DI1H27,13.816,13.838
2026-07-31,DI1Z29,14.257,14.289
2026-07-31,DI1F34,14.611,14.635
2026-07-31,DI1N28,13.974,13.999
2026-07-31,DI1N27,13.843,13.86
2026-07-31,DI1X28,14.068,14.096
2026-07-31,DI1Z26,13.81,13.826
2026-07-31,DI1J31,14.397,14.423
2026-07-31,DI1V26,13.895,13.895
2026-07-31,DI1V28,14.051,14.078
2026-07-31,DI1F33,14.573,14.599
2026-07-31,DI1G27,13.807,13.828
2026-07-31,DI1X26,13.84,13.845
2026-07-31,DI1N29,14.212,14.245
2026-07-31,DI1K27,13.825,13.846
2026-07-31,DI1V27,13.858,13.875
2026-07-31,DI1F35,14.646,14.675
2026-07-31,DI1F30,14.271,14.304
2026-07-31,DI1F40,14.621,14.644
2026-07-31,DI1X29,14.248,14.278
2026-07-31,DI1Z27,13.852,13.877
2026-07-31,DI1V29,14.245,14.27
2026-07-31,DI1X27,13.856,13.878
2026-07-31,DI1M27,13.832,13.852
2026-07-31,DI1J28,13.906,13.941
2026-07-31,DI1F31,14.382,14.41
2026-07-31,DI1F41,14.612,14.635
2026-07-31,DI1Q27,13.844,13.864
2026-07-31,DI1N30,14.329,14.361
2026-07-31,DI1Q26,14.15,14.155
2026-07-31,DI1J29,14.16,14.188
2026-07-31,DI1V30,14.353,14.379
2026-07-31,DI1F36,14.656,14.685
2026-07-31,DI1N31,14.427,14.455
2026-07-31,DI1F28,13.861,13.889
2026-07-31,DI1F38,14.665,14.694
2026-07-31,DI1U26,13.957,13.954
2026-07-30,DI1Z28,14.109,14.184
2026-07-30,DI1J30,14.323,14.38
2026-07-30,DI1V31,14.482,14.506
2026-07-30,DI1J27,13.846,13.87
2026-07-30,DI1F27,13.821,13.839
2026-07-30,DI1F37,14.724,14.671
2026-07-30,DI1F32,14.523,14.543
2026-07-30,DI1F29,14.123,14.197
2026-07-30,DI1F39,14.664,14.611
2026-07-30,DI1H27,13.84,13.863
2026-07-30,DI1Z29,14.289,14.351
2026-07-30,DI1F34,14.635,14.611
2026-07-30,DI1N28,13.999,14.067
2026-07-30,DI1N27,13.861,13.893
2026-07-30,DI1X28,14.096,14.165
2026-07-30,DI1Z26,13.83,13.847
2026-07-30,DI1J31,14.423,14.458
2026-07-30,DI1V26,13.901,13.911
2026-07-30,DI1V28,14.078,14.143
2026-07-30,DI1F33,14.599,14.592
2026-07-30,DI1G27,13.831,13.852
2026-07-30,DI1X26,13.85,13.866
2026-07-30,DI1N29,14.245,14.311
2026-07-30,DI1K27,13.848,13.876
2026-07-30,DI1V27,13.876,13.925
2026-07-30,DI1F35,14.675,14.63
2026-07-30,DI1F30,14.304,14.366
2026-07-30,DI1F40,14.644,14.591
2026-07-30,DI1X29,14.278,14.339
2026-07-30,DI1Z27,13.878,13.926
2026-07-30,DI1V29,14.27,14.33
2026-07-30,DI1X27,13.879,13.926
2026-07-30,DI1M27,13.853,13.883
2026-07-30,DI1J28,13.941,13.999
2026-07-30,DI1F31,14.41,14.45
2026-07-30,DI1F41,14.635,14.582
2026-07-30,DI1Q27,13.865,13.901
2026-07-30,DI1N30,14.361,14.413
2026-07-30,DI1Q26,14.152,14.153
2026-07-30,DI1J29,14.188,14.261
2026-07-30,DI1V30,14.379,14.425
2026-07-30,DI1F36,14.685,14.633
2026-07-30,DI1N31,14.455,14.485
2026-07-30,DI1F28,13.89,13.941
2026-07-30,DI1F38,14.694,14.641
2026-07-30,DI1U26,13.963,13.972
2026-07-29,DI1Z28,14.184,14.209
2026-07-29,DI1J30,14.38,14.4
2026-07-29,DI1V31,14.506,14.525
2026-07-29,DI1J27,13.872,13.907
2026-07-29,DI1F27,13.842,13.87
2026-07-29,DI1F37,14.671,14.662
2026-07-29,DI1F32,14.543,14.559
2026-07-29,DI1F29,14.197,14.223
2026-07-29,DI1F39,14.611,14.616
2026-07-29,DI1H27,13.865,13.898
2026-07-29,DI1Z29,14.351,14.373
2026-07-29,DI1F34,14.611,14.618
2026-07-29,DI1N28,14.067,14.096
2026-07-29,DI1N27,13.894,13.933
2026-07-29,DI1X28,14.165,14.193
2026-07-29,DI1Z26,13.851,13.872
2026-07-29,DI1J31,14.458,14.479
2026-07-29,DI1V26,13.916,13.925
2026-07-29,DI1V28,14.143,14.174
2026-07-29,DI1F33,14.592,14.604
2026-07-29,DI1G27,13.854,13.888
2026-07-29,DI1X26,13.87,13.884
2026-07-29,DI1N29,14.311,14.333
2026-07-29,DI1K27,13.877,13.915
2026-07-29,DI1V27,13.926,13.959
2026-07-29,DI1F35,14.63,14.64
2026-07-29,DI1F30,14.366,14.385
2026-07-29,DI1F40,14.591,14.596
2026-07-29,DI1X29,14.339,14.364
2026-07-29,DI1Z27,13.927,13.961
2026-07-29,DI1V29,14.33,14.358
2026-07-29,DI1X27,13.927,13.961
2026-07-29,DI1M27,13.884,13.927
2026-07-29,DI1J28,13.999,14.025
2026-07-29,DI1F31,14.45,14.467
2026-07-29,DI1F41,14.582,14.587
2026-07-29,DI1Q27,13.902,13.942
2026-07-29,DI1N30,14.413,14.427
2026-07-29,DI1Q26,14.152,14.148
2026-07-29,DI1J29,14.261,14.285
2026-07-29,DI1V30,14.425,14.448
2026-07-29,DI1F36,14.633,14.635
2026-07-29,DI1N31,14.485,14.505
2026-07-29,DI1F28,13.942,13.976
2026-07-29,DI1F38,14.641,14.646
2026-07-29,DI1U26,13.979,13.984
2026-07-28,DI1Z28,14.209,14.327
2026-07-28,DI1J30,14.4,14.524
2026-07-28,DI1V31,14.525,14.63
2026-07-28,DI1J27,13.908,13.96
2026-07-28,DI1F27,13.873,13.908
2026-07-28,DI1F37,14.662,14.718
2026-07-28,DI1F32,14.559,14.661
2026-07-28,DI1F29,14.223,14.346
2026-07-28,DI1F39,14.616,14.67
2026-07-28,DI1H27,13.9,13.946
2026-07-28,DI1Z29,14.373,14.504
2026-07-28,DI1F34,14.618,14.691
2026-07-28,DI1N28,14.096,14.193
2026-07-28,DI1N27,13.934,13.992
2026-07-28,DI1X28,14.193,14.306
2026-07-28,DI1Z26,13.875,13.902
2026-07-28,DI1J31,14.479,14.59
2026-07-28,DI1V26,13.93,13.946
2026-07-28,DI1V28,14.174,14.282
2026-07-28,DI1F33,14.604,14.686
2026-07-28,DI1G27,13.89,13.926
2026-07-28,DI1X26,13.888,13.906
2026-07-28,DI1N29,14.333,14.463
2026-07-28,DI1K27,13.916,13.968
2026-07-28,DI1V27,13.96,14.019
2026-07-28,DI1F35,14.64,14.702
2026-07-28,DI1F30,14.385,14.517
2026-07-28,DI1F40,14.596,14.65
2026-07-28,DI1X29,14.364,14.493
2026-07-28,DI1Z27,13.962,14.026
2026-07-28,DI1V29,14.358,14.486
2026-07-28,DI1X27,13.962,14.024
2026-07-28,DI1M27,13.928,13.971
2026-07-28,DI1J28,14.025,14.109
2026-07-28,DI1F31,14.467,14.585
2026-07-28,DI1F41,14.587,14.641
2026-07-28,DI1Q27,13.943,13.998
2026-07-28,DI1N30,14.427,14.55
2026-07-28,DI1Q26,14.149,14.154
2026-07-28,DI1J29,14.285,14.411
2026-07-28,DI1V30,14.448,14.565
2026-07-28,DI1F36,14.635,14.692
2026-07-28,DI1N31,14.505,14.612
2026-07-28,DI1F28,13.976,14.042
2026-07-28,DI1F38,14.646,14.7
2026-07-28,DI1U26,13.991,13.995
2026-07-27,DI1Z28,14.327,14.443
2026-07-27,DI1J30,14.524,14.596
2026-07-27,DI1V31,14.63,14.661
2026-07-27,DI1J27,13.961,14.033
2026-07-27,DI1F27,13.91,13.96
2026-07-27,DI1F37,14.718,14.716
2026-07-27,DI1F32,14.661,14.684
2026-07-27,DI1F29,14.346,14.457
2026-07-27,DI1F39,14.67,14.663
2026-07-27,DI1H27,13.947,14.014
2026-07-27,DI1Z29,14.504,14.581
2026-07-27,DI1F34,14.691,14.698
2026-07-27,DI1N28,14.193,14.316
2026-07-27,DI1N27,13.993,14.09
2026-07-27,DI1X28,14.306,14.422
2026-07-27,DI1Z26,13.905,13.947
2026-07-27,DI1J31,14.59,14.642
2026-07-27,DI1V26,13.95,13.966
2026-07-27,DI1V28,14.282,14.399
2026-07-27,DI1F33,14.686,14.699
2026-07-27,DI1G27,13.928,13.986
2026-07-27,DI1X26,13.91,13.943
2026-07-27,DI1N29,14.463,14.551
2026-07-27,DI1K27,13.969,14.048
2026-07-27,DI1V27,14.019,14.136
2026-07-27,DI1F35,14.702,14.703
2026-07-27,DI1F30,14.517,14.591
2026-07-27,DI1F40,14.65,14.643
2026-07-27,DI1X29,14.493,14.574
2026-07-27,DI1Z27,14.026,14.147
2026-07-27,DI1V29,14.486,14.57
2026-07-27,DI1X27,14.024,14.142
2026-07-27,DI1M27,13.972,14.064
2026-07-27,DI1J28,14.109,14.235
2026-07-27,DI1F31,14.585,14.632
2026-07-27,DI1F41,14.641,14.634
2026-07-27,DI1Q27,13.999,14.104
2026-07-27,DI1N30,14.55,14.617
2026-07-27,DI1Q26,14.153,14.149
2026-07-27,DI1J29,14.411,14.513
2026-07-27,DI1V30,14.565,14.618
2026-07-27,DI1F36,14.692,14.687
2026-07-27,DI1N31,14.612,14.649
2026-07-27,DI1F28,14.042,14.167
2026-07-27,DI1F38,14.7,14.693
2026-07-27,DI1U26,14.001,14.01
2026-07-24,DI1Z28,14.442,14.656
2026-07-24,DI1J30,14.596,14.791
2026-07-24,DI1V31,14.661,14.834
2026-07-24,DI1J27,14.034,14.15
2026-07-24,DI1F27,13.962,14.023
2026-07-24,DI1F37,14.716,14.835
2026-07-24,DI1F32,14.684,14.858
2026-07-24,DI1F29,14.456,14.679
2026-07-24,DI1F39,14.663,14.782
2026-07-24,DI1H27,14.015,14.111
2026-07-24,DI1Z29,14.58,14.786
2026-07-24,DI1F34,14.698,14.846
2026-07-24,DI1N28,14.316,14.546
2026-07-24,DI1N27,14.09,14.255
2026-07-24,DI1X28,14.422,14.647
2026-07-24,DI1Z26,13.949,13.993
2026-07-24,DI1J31,14.642,14.816
2026-07-24,DI1V26,13.97,14
2026-07-24,DI1V28,14.399,14.627
2026-07-24,DI1F33,14.699,14.857
2026-07-24,DI1G27,13.987,14.068
2026-07-24,DI1X26,13.946,13.983
2026-07-24,DI1N29,14.55,14.767
2026-07-24,DI1K27,14.049,14.177
2026-07-24,DI1V27,14.136,14.335
2026-07-24,DI1F35,14.703,14.841
2026-07-24,DI1F30,14.59,14.796
2026-07-24,DI1F40,14.643,14.762
2026-07-24,DI1X29,14.573,14.78
2026-07-24,DI1Z27,14.147,14.358
2026-07-24,DI1V29,14.569,14.776
2026-07-24,DI1X27,14.142,14.347
2026-07-24,DI1M27,14.064,14.219
2026-07-24,DI1J28,14.235,14.461
2026-07-24,DI1F31,14.632,14.821
2026-07-24,DI1F41,14.634,14.753
2026-07-24,DI1Q27,14.104,14.281
2026-07-24,DI1N30,14.617,14.812
2026-07-24,DI1Q26,14.149,14.156
2026-07-24,DI1J29,14.512,14.73
2026-07-24,DI1V30,14.618,14.81
2026-07-24,DI1F36,14.687,14.823
2026-07-24,DI1N31,14.649,14.828
2026-07-24,DI1F28,14.167,14.384
2026-07-24,DI1F38,14.693,14.812
2026-07-24,DI1U26,14.015,14.035
2026-07-23,DI1Z28,14.655,14.476
2026-07-23,DI1J30,14.79,14.641
2026-07-23,DI1V31,14.833,14.703
2026-07-23,DI1J27,14.15,14.029
2026-07-23,DI1F27,14.024,13.954
2026-07-23,DI1F37,14.835,14.756
2026-07-23,DI1F32,14.857,14.731
2026-07-23,DI1F29,14.678,14.5
2026-07-23,DI1F39,14.782,14.703
2026-07-23,DI1H27,14.111,14.009
2026-07-23,DI1Z29,14.785,14.628
2026-07-23,DI1F34,14.846,14.731
2026-07-23,DI1N28,14.545,14.367
2026-07-23,DI1N27,14.255,14.112
2026-07-23,DI1X28,14.646,14.466
2026-07-23,DI1Z26,13.995,13.941
2026-07-23,DI1J31,14.815,14.675
2026-07-23,DI1V26,14.003,13.973
2026-07-23,DI1V28,14.626,14.45
2026-07-23,DI1F33,14.857,14.742
2026-07-23,DI1G27,14.069,13.984
2026-07-23,DI1X26,13.985,13.941
2026-07-23,DI1N29,14.766,14.601
2026-07-23,DI1K27,14.177,14.056
2026-07-23,DI1V27,14.334,14.178
2026-07-23,DI1F35,14.841,14.739
2026-07-23,DI1F30,14.795,14.639
2026-07-23,DI1F40,14.762,14.683
2026-07-23,DI1X29,14.779,14.62
2026-07-23,DI1Z27,14.357,14.197
2026-07-23,DI1V29,14.775,14.616
2026-07-23,DI1X27,14.346,14.187
2026-07-23,DI1M27,14.219,14.082
2026-07-23,DI1J28,14.46,14.282
2026-07-23,DI1F31,14.82,14.677
2026-07-23,DI1F41,14.753,14.674
2026-07-23,DI1Q27,14.28,14.135
2026-07-23,DI1N30,14.811,14.666
2026-07-23,DI1Q26,14.155,14.155
2026-07-23,DI1J29,14.729,14.555
2026-07-23,DI1V30,14.809,14.662
2026-07-23,DI1F36,14.823,14.721
2026-07-23,DI1N31,14.827,14.691
2026-07-23,DI1F28,14.383,14.218
2026-07-23,DI1F38,14.812,14.733
2026-07-23,DI1U26,14.039,14.022
2026-07-22,DI1Z28,14.475,14.382
2026-07-22,DI1J30,14.64,14.561
2026-07-22,DI1V31,14.703,14.623
2026-07-22,DI1J27,14.03,13.982
2026-07-22,DI1F27,13.956,13.927
2026-07-22,DI1F37,14.756,14.669
2026-07-22,DI1F32,14.731,14.647
2026-07-22,DI1F29,14.499,14.408
2026-07-22,DI1F39,14.703,14.599
2026-07-22,DI1H27,14.01,13.977
2026-07-22,DI1Z29,14.627,14.54
2026-07-22,DI1F34,14.731,14.654
2026-07-22,DI1N28,14.367,14.275
2026-07-22,DI1N27,14.112,14.061
2026-07-22,DI1X28,14.465,14.371
2026-07-22,DI1Z26,13.943,13.923
2026-07-22,DI1J31,14.675,14.596
2026-07-22,DI1V26,13.977,13.967
2026-07-22,DI1V28,14.449,14.351
2026-07-22,DI1F33,14.742,14.658
2026-07-22,DI1G27,13.985,13.952
2026-07-22,DI1X26,13.944,13.929
2026-07-22,DI1N29,14.6,14.511
2026-07-22,DI1K27,14.056,14.014
2026-07-22,DI1V27,14.178,14.111
2026-07-22,DI1F35,14.739,14.657
2026-07-22,DI1F30,14.638,14.55
2026-07-22,DI1F40,14.683,14.579
2026-07-22,DI1X29,14.619,14.533
2026-07-22,DI1Z27,14.197,14.124
2026-07-22,DI1V29,14.615,14.526
2026-07-22,DI1X27,14.187,14.117
2026-07-22,DI1M27,14.082,14.032
2026-07-22,DI1J28,14.282,14.2
2026-07-22,DI1F31,14.677,14.593
2026-07-22,DI1F41,14.674,14.57
2026-07-22,DI1Q27,14.135,14.079
2026-07-22,DI1N30,14.665,14.574
2026-07-22,DI1Q26,14.154,14.156
2026-07-22,DI1J29,14.554,14.453
2026-07-22,DI1V30,14.662,14.578
2026-07-22,DI1F36,14.721,14.636
2026-07-22,DI1N31,14.691,14.611
2026-07-22,DI1F28,14.218,14.143
2026-07-22,DI1F38,14.733,14.629
2026-07-22,DI1U26,14.026,14.024
2026-07-21,DI1Z28,14.382,14.358
2026-07-21,DI1J30,14.561,14.529
2026-07-21,DI1V31,14.623,14.588
2026-07-21,DI1J27,13.983,13.984
2026-07-21,DI1F27,13.929,13.923
2026-07-21,DI1F37,14.669,14.616
2026-07-21,DI1F32,14.647,14.61
2026-07-21,DI1F29,14.408,14.388
2026-07-21,DI1F39,14.599,14.546
2026-07-21,DI1H27,13.978,13.97
2026-07-21,DI1Z29,14.54,14.516
2026-07-21,DI1F34,14.654,14.609
2026-07-21,DI1N28,14.275,14.264
2026-07-21,DI1N27,14.061,14.05
2026-07-21,DI1X28,14.371,14.351
2026-07-21,DI1Z26,13.925,13.918
2026-07-21,DI1J31,14.596,14.585
2026-07-21,DI1V26,13.971,13.964
2026-07-21,DI1V28,14.351,14.331
2026-07-21,DI1F33,14.658,14.624
2026-07-21,DI1G27,13.953,13.946
2026-07-21,DI1X26,13.932,13.921
2026-07-21,DI1N29,14.511,14.487
2026-07-21,DI1K27,14.015,14.004
2026-07-21,DI1V27,14.111,14.102
2026-07-21,DI1F35,14.657,14.601
2026-07-21,DI1F30,14.55,14.526
2026-07-21,DI1F40,14.579,14.526
2026-07-21,DI1X29,14.533,14.509
2026-07-21,DI1Z27,14.124,14.112
2026-07-21,DI1V29,14.526,14.502
2026-07-21,DI1X27,14.117,14.11
2026-07-21,DI1M27,14.033,14.019
2026-07-21,DI1J28,14.2,14.188
2026-07-21,DI1F31,14.593,14.565
2026-07-21,DI1F41,14.57,14.517
2026-07-21,DI1Q27,14.079,14.067
2026-07-21,DI1N30,14.574,14.539
2026-07-21,DI1Q26,14.155,14.151
2026-07-21,DI1J29,14.453,14.444
2026-07-21,DI1V30,14.578,14.549
2026-07-21,DI1F36,14.636,14.601
2026-07-21,DI1N31,14.611,14.58
2026-07-21,DI1F28,14.143,14.126
2026-07-21,DI1F38,14.629,14.576
2026-07-21,DI1U26,14.028,14.028
2026-07-20,DI1Z28,14.358,14.311
2026-07-20,DI1J30,14.529,14.467
2026-07-20,DI1V31,14.588,14.54
2026-07-20,DI1J27,13.985,14.018
2026-07-20,DI1F27,13.925,13.96
2026-07-20,DI1F37,14.616,14.602
2026-07-20,DI1F32,14.61,14.586
2026-07-20,DI1F29,14.388,14.338
2026-07-20,DI1F39,14.546,14.532
2026-07-20,DI1H27,13.971,13.992
2026-07-20,DI1Z29,14.516,14.459
2026-07-20,DI1F34,14.609,14.574
2026-07-20,DI1N28,14.264,14.222
2026-07-20,DI1N27,14.05,14.063
2026-07-20,DI1X28,14.351,14.308
2026-07-20,DI1Z26,13.921,13.94
2026-07-20,DI1J31,14.585,14.51
2026-07-20,DI1V26,13.968,13.975
2026-07-20,DI1V28,14.331,14.291
2026-07-20,DI1F33,14.624,14.597
2026-07-20,DI1G27,13.948,13.979
2026-07-20,DI1X26,13.924,13.939
2026-07-20,DI1N29,14.487,14.424
2026-07-20,DI1K27,14.005,14.025
2026-07-20,DI1V27,14.102,14.089
2026-07-20,DI1F35,14.601,14.591
2026-07-20,DI1F30,14.526,14.471
2026-07-20,DI1F40,14.526,14.512
2026-07-20,DI1X29,14.509,14.45
2026-07-20,DI1Z27,14.112,14.084
2026-07-20,DI1V29,14.502,14.44
2026-07-20,DI1X27,14.11,14.083
2026-07-20,DI1M27,14.02,14.031
2026-07-20,DI1J28,14.188,14.152
2026-07-20,DI1F31,14.565,14.527
2026-07-20,DI1F41,14.517,14.503
2026-07-20,DI1Q27,14.067,14.062
2026-07-20,DI1N30,14.539,14.497
2026-07-20,DI1Q26,14.151,14.153
2026-07-20,DI1J29,14.444,14.38
2026-07-20,DI1V30,14.549,14.494
2026-07-20,DI1F36,14.601,14.579
2026-07-20,DI1N31,14.58,14.53
2026-07-20,DI1F28,14.126,14.105
2026-07-20,DI1F38,14.576,14.562
2026-07-20,DI1U26,14.032,14.033
2026-07-17,DI1Z28,14.311,14.095
2026-07-17,DI1J30,14.467,14.272
2026-07-17,DI1V31,14.54,14.362
2026-07-17,DI1J27,14.019,13.884
2026-07-17,DI1F27,13.962,13.872
2026-07-17,DI1F37,14.602,14.432
2026-07-17,DI1F32,14.586,14.392
2026-07-17,DI1F29,14.338,14.106
2026-07-17,DI1F39,14.532,14.395
2026-07-17,DI1H27,13.993,13.889
2026-07-17,DI1Z29,14.459,14.252
2026-07-17,DI1F34,14.574,14.412
2026-07-17,DI1N28,14.222,14
2026-07-17,DI1N27,14.063,13.898
2026-07-17,DI1X28,14.308,14.083
2026-07-17,DI1Z26,13.942,13.877
2026-07-17,DI1J31,14.51,14.329
2026-07-17,DI1V26,13.978,13.954
2026-07-17,DI1V28,14.291,14.068
2026-07-17,DI1F33,14.597,14.412
2026-07-17,DI1G27,13.98,13.88
2026-07-17,DI1X26,13.942,13.907
2026-07-17,DI1N29,14.424,14.217
2026-07-17,DI1K27,14.026,13.892
2026-07-17,DI1V27,14.089,13.905
2026-07-17,DI1F35,14.591,14.42
2026-07-17,DI1F30,14.471,14.262
2026-07-17,DI1F40,14.512,14.375
2026-07-17,DI1X29,14.45,14.244
2026-07-17,DI1Z27,14.084,13.896
2026-07-17,DI1V29,14.44,14.236
2026-07-17,DI1X27,14.083,13.901
2026-07-17,DI1M27,14.032,13.891
2026-07-17,DI1J28,14.152,13.944
2026-07-17,DI1F31,14.527,14.326
2026-07-17,DI1F41,14.503,14.366
2026-07-17,DI1Q27,14.062,13.897
2026-07-17,DI1N30,14.497,14.298
2026-07-17,DI1Q26,14.153,14.151
2026-07-17,DI1J29,14.38,14.166
2026-07-17,DI1V30,14.494,14.305
2026-07-17,DI1F36,14.579,14.409
2026-07-17,DI1N31,14.53,14.349
2026-07-17,DI1F28,14.105,13.904
2026-07-17,DI1F38,14.562,14.425
2026-07-17,DI1U26,14.037,14.024
2026-07-16,DI1Z28,14.095,14.019
2026-07-16,DI1J30,14.272,14.19
2026-07-16,DI1V31,14.362,14.28
2026-07-16,DI1J27,13.886,13.898
2026-07-16,DI1F27,13.874,13.889
2026-07-16,DI1F37,14.432,14.334
2026-07-16,DI1F32,14.392,14.307
2026-07-16,DI1F29,14.106,14.029
2026-07-16,DI1F39,14.395,14.3
2026-07-16,DI1H27,13.891,13.902
2026-07-16,DI1Z29,14.252,14.17
2026-07-16,DI1F34,14.412,14.328
2026-07-16,DI1N28,14,13.928
2026-07-16,DI1N27,13.899,13.879
2026-07-16,DI1X28,14.083,14.009
2026-07-16,DI1Z26,13.88,13.9
2026-07-16,DI1J31,14.329,14.256
2026-07-16,DI1V26,13.958,13.966
2026-07-16,DI1V28,14.068,13.995
2026-07-16,DI1F33,14.412,14.33
2026-07-16,DI1G27,13.882,13.898
2026-07-16,DI1X26,13.91,13.92
2026-07-16,DI1N29,14.217,14.133
2026-07-16,DI1K27,13.893,13.894
2026-07-16,DI1V27,13.906,13.866
2026-07-16,DI1F35,14.42,14.328
2026-07-16,DI1F30,14.262,14.18
2026-07-16,DI1F40,14.375,14.28
2026-07-16,DI1X29,14.244,14.161
2026-07-16,DI1Z27,13.897,13.847
2026-07-16,DI1V29,14.236,14.153
2026-07-16,DI1X27,13.902,13.856
2026-07-16,DI1M27,13.892,13.881
2026-07-16,DI1J28,13.944,13.878
2026-07-16,DI1F31,14.326,14.246
2026-07-16,DI1F41,14.366,14.271
2026-07-16,DI1Q27,13.898,13.864
2026-07-16,DI1N30,14.298,14.214
2026-07-16,DI1Q26,14.151,14.151
2026-07-16,DI1J29,14.166,14.085
2026-07-16,DI1V30,14.305,14.225
2026-07-16,DI1F36,14.409,14.315
2026-07-16,DI1N31,14.349,14.27
2026-07-16,DI1F28,13.905,13.85
2026-07-16,DI1F38,14.425,14.33
2026-07-16,DI1U26,14.028,14.028
2026-07-15,DI1Z28,14.019,14.032
2026-07-15,DI1J30,14.19,14.187
2026-07-15,DI1V31,14.28,14.264
2026-07-15,DI1J27,13.899,13.917
2026-07-15,DI1F27,13.891,13.9
2026-07-15,DI1F37,14.334,14.285
2026-07-15,DI1F32,14.307,14.291
2026-07-15,DI1F29,14.029,14.041
2026-07-15,DI1F39,14.3,14.25
2026-07-15,DI1H27,13.904,13.916
2026-07-15,DI1Z29,14.17,14.169
2026-07-15,DI1F34,14.328,14.29
2026-07-15,DI1N28,13.928,13.948
2026-07-15,DI1N27,13.88,13.902
2026-07-15,DI1X28,14.009,14.022
2026-07-15,DI1Z26,13.903,13.907
2026-07-15,DI1J31,14.256,14.233
2026-07-15,DI1V26,13.969,13.97
2026-07-15,DI1V28,13.995,14.009
2026-07-15,DI1F33,14.33,14.301
2026-07-15,DI1G27,13.9,13.911
2026-07-15,DI1X26,13.923,13.924
2026-07-15,DI1N29,14.133,14.137
2026-07-15,DI1K27,13.895,13.913
2026-07-15,DI1V27,13.867,13.887
2026-07-15,DI1F35,14.328,14.287
2026-07-15,DI1F30,14.18,14.179
2026-07-15,DI1F40,14.28,14.23
2026-07-15,DI1X29,14.161,14.161
2026-07-15,DI1Z27,13.848,13.869
2026-07-15,DI1V29,14.153,14.155
2026-07-15,DI1X27,13.857,13.878
2026-07-15,DI1M27,13.882,13.906
2026-07-15,DI1J28,13.879,13.902
2026-07-15,DI1F31,14.246,14.235
2026-07-15,DI1F41,14.271,14.221
2026-07-15,DI1Q27,13.865,13.896
2026-07-15,DI1N30,14.214,14.21
2026-07-15,DI1Q26,14.151,14.153
2026-07-15,DI1J29,14.085,14.094
2026-07-15,DI1V30,14.225,14.218
2026-07-15,DI1F36,14.315,14.271
2026-07-15,DI1N31,14.27,14.254
2026-07-15,DI1F28,13.851,13.872
2026-07-15,DI1F38,14.33,14.28
2026-07-15,DI1U26,14.032,14.034
2026-07-14,DI1Z28,14.032,14.185
2026-07-14,DI1J30,14.187,14.33
2026-07-14,DI1V31,14.264,14.382
2026-07-14,DI1J27,13.918,14.001
2026-07-14,DI1F27,13.902,13.947
2026-07-14,DI1F37,14.285,14.374
2026-07-14,DI1F32,14.291,14.403
2026-07-14,DI1F29,14.041,14.195
2026-07-14,DI1F39,14.25,14.328
2026-07-14,DI1H27,13.918,13.987
2026-07-14,DI1Z29,14.169,14.307
2026-07-14,DI1F34,14.29,14.383
2026-07-14,DI1N28,13.948,14.096
2026-07-14,DI1N27,13.903,14.015
2026-07-14,DI1X28,14.022,14.177
2026-07-14,DI1Z26,13.91,13.936
2026-07-14,DI1J31,14.233,14.358
2026-07-14,DI1V26,13.973,13.982
2026-07-14,DI1V28,14.009,14.169
2026-07-14,DI1F33,14.301,14.402
2026-07-14,DI1G27,13.913,13.966
2026-07-14,DI1X26,13.927,13.943
2026-07-14,DI1N29,14.137,14.282
2026-07-14,DI1K27,13.914,14.009
2026-07-14,DI1V27,13.888,14.024
2026-07-14,DI1F35,14.287,14.381
2026-07-14,DI1F30,14.179,14.316
2026-07-14,DI1F40,14.23,14.308
2026-07-14,DI1X29,14.161,14.3
2026-07-14,DI1Z27,13.87,14.006
2026-07-14,DI1V29,14.155,14.298
2026-07-14,DI1X27,13.879,14.011
2026-07-14,DI1M27,13.907,14.018
2026-07-14,DI1J28,13.903,14.044
2026-07-14,DI1F31,14.235,14.363
2026-07-14,DI1F41,14.221,14.299
2026-07-14,DI1Q27,13.897,14.014
2026-07-14,DI1N30,14.21,14.345
2026-07-14,DI1Q26,14.153,14.152
2026-07-14,DI1J29,14.094,14.243
2026-07-14,DI1V30,14.218,14.351
2026-07-14,DI1F36,14.271,14.36
2026-07-14,DI1N31,14.254,14.379
2026-07-14,DI1F28,13.873,14.011
2026-07-14,DI1F38,14.28,14.358
2026-07-14,DI1U26,14.037,14.041
2026-07-13,DI1Z28,14.185,13.999
2026-07-13,DI1J30,14.33,14.16
2026-07-13,DI1V31,14.382,14.233
2026-07-13,DI1J27,14.002,13.922
2026-07-13,DI1F27,13.949,13.904
2026-07-13,DI1F37,14.374,14.256
2026-07-13,DI1F32,14.403,14.259
2026-07-13,DI1F29,14.195,14.009
2026-07-13,DI1F39,14.328,14.225
2026-07-13,DI1H27,13.988,13.923
2026-07-13,DI1Z29,14.307,14.14
2026-07-13,DI1F34,14.383,14.262
2026-07-13,DI1N28,14.096,13.922
2026-07-13,DI1N27,14.016,13.906
2026-07-13,DI1X28,14.177,13.99
2026-07-13,DI1Z26,13.938,13.914
2026-07-13,DI1J31,14.358,14.205
2026-07-13,DI1V26,13.985,13.978
2026-07-13,DI1V28,14.169,13.982
2026-07-13,DI1F33,14.402,14.267
2026-07-13,DI1G27,13.967,13.916
2026-07-13,DI1X26,13.946,13.934
2026-07-13,DI1N29,14.282,14.104
2026-07-13,DI1K27,14.01,13.919
2026-07-13,DI1V27,14.024,13.88
2026-07-13,DI1F35,14.381,14.258
2026-07-13,DI1F30,14.316,14.151
2026-07-13,DI1F40,14.308,14.205
2026-07-13,DI1X29,14.3,14.13
2026-07-13,DI1Z27,14.006,13.855
2026-07-13,DI1V29,14.298,14.126
2026-07-13,DI1X27,14.011,13.865
2026-07-13,DI1M27,14.019,13.911
2026-07-13,DI1J28,14.044,13.874
2026-07-13,DI1F31,14.363,14.209
2026-07-13,DI1F41,14.299,14.196
2026-07-13,DI1Q27,14.015,13.888
2026-07-13,DI1N30,14.345,14.184
2026-07-13,DI1Q26,14.152,14.152
2026-07-13,DI1J29,14.243,14.059
2026-07-13,DI1V30,14.351,14.192
2026-07-13,DI1F36,14.36,14.239
2026-07-13,DI1N31,14.379,14.224
2026-07-13,DI1F28,14.011,13.856
2026-07-13,DI1F38,14.358,14.255
2026-07-13,DI1U26,14.044,14.042
2026-07-10,DI1Z28,13.999,14.221
2026-07-10,DI1J30,14.16,14.361
2026-07-10,DI1V31,14.233,14.416
2026-07-10,DI1J27,13.923,14.043
2026-07-10,DI1F27,13.906,13.998
2026-07-10,DI1F37,14.256,14.423
2026-07-10,DI1F32,14.259,14.44
2026-07-10,DI1F29,14.009,14.232
2026-07-10,DI1F39,14.225,14.39
2026-07-10,DI1H27,13.924,14.033
2026-07-10,DI1Z29,14.14,14.348
2026-07-10,DI1F34,14.262,14.442
2026-07-10,DI1N28,13.922,14.13
2026-07-10,DI1N27,13.907,14.053
2026-07-10,DI1X28,13.99,14.211
2026-07-10,DI1Z26,13.916,13.983
2026-07-10,DI1J31,14.205,14.392
2026-07-10,DI1V26,13.981,14.014
2026-07-10,DI1V28,13.982,14.196
2026-07-10,DI1F33,14.267,14.449
2026-07-10,DI1G27,13.918,14.017
2026-07-10,DI1X26,13.937,13.983
2026-07-10,DI1N29,14.104,14.324
2026-07-10,DI1K27,13.92,14.048
2026-07-10,DI1V27,13.881,14.049
2026-07-10,DI1F35,14.258,14.431
2026-07-10,DI1F30,14.151,14.358
2026-07-10,DI1F40,14.205,14.37
2026-07-10,DI1X29,14.13,14.34
2026-07-10,DI1Z27,13.856,14.033
2026-07-10,DI1V29,14.126,14.337
2026-07-10,DI1X27,13.866,14.035
2026-07-10,DI1M27,13.912,14.054
2026-07-10,DI1J28,13.875,14.08
2026-07-10,DI1F31,14.209,14.394
2026-07-10,DI1F41,14.196,14.361
2026-07-10,DI1Q27,13.889,14.047
2026-07-10,DI1N30,14.184,14.381
2026-07-10,DI1Q26,14.152,14.154
2026-07-10,DI1J29,14.059,14.282
2026-07-10,DI1V30,14.192,14.383
2026-07-10,DI1F36,14.239,14.41
2026-07-10,DI1N31,14.224,14.414
2026-07-10,DI1F28,13.857,14.04
2026-07-10,DI1F38,14.255,14.42
2026-07-10,DI1U26,14.045,14.057
2026-07-09,DI1Z28,14.221,14.347
2026-07-09,DI1J30,14.361,14.439
2026-07-09,DI1V31,14.416,14.457
2026-07-09,DI1J27,14.044,14.117
2026-07-09,DI1F27,13.999,14.041
2026-07-09,DI1F37,14.423,14.391
2026-07-09,DI1F32,14.44,14.476
2026-07-09,DI1F29,14.232,14.358
2026-07-09,DI1F39,14.39,14.361
2026-07-09,DI1H27,14.034,14.097
2026-07-09,DI1Z29,14.348,14.441
2026-07-09,DI1F34,14.442,14.452
2026-07-09,DI1N28,14.13,14.268
2026-07-09,DI1N27,14.053,14.146
2026-07-09,DI1X28,14.211,14.337
2026-07-09,DI1Z26,13.985,14.022
2026-07-09,DI1J31,14.392,14.46
2026-07-09,DI1V26,14.016,14.025
2026-07-09,DI1V28,14.196,14.322
2026-07-09,DI1F33,14.449,14.467
2026-07-09,DI1G27,14.018,14.072
2026-07-09,DI1X26,13.985,14.008
2026-07-09,DI1N29,14.324,14.425
2026-07-09,DI1K27,14.049,14.129
2026-07-09,DI1V27,14.049,14.162
2026-07-09,DI1F35,14.431,14.428
2026-07-09,DI1F30,14.358,14.446
2026-07-09,DI1F40,14.37,14.341
2026-07-09,DI1X29,14.34,14.438
2026-07-09,DI1Z27,14.033,14.161
2026-07-09,DI1V29,14.337,14.435
2026-07-09,DI1X27,14.035,14.16
2026-07-09,DI1M27,14.054,14.128
2026-07-09,DI1J28,14.08,14.213
2026-07-09,DI1F31,14.394,14.453
2026-07-09,DI1F41,14.361,14.332
2026-07-09,DI1Q27,14.047,14.145
2026-07-09,DI1N30,14.381,14.45
2026-07-09,DI1Q26,14.154,14.153
2026-07-09,DI1J29,14.282,14.396
2026-07-09,DI1V30,14.383,14.449
2026-07-09,DI1F36,14.41,14.401
2026-07-09,DI1N31,14.414,14.453
2026-07-09,DI1F28,14.04,14.171
2026-07-09,DI1F38,14.42,14.391
2026-07-09,DI1U26,14.059,14.062
2026-07-08,DI1Z28,14.347,14.278
2026-07-08,DI1J30,14.439,14.362
2026-07-08,DI1V31,14.457,14.393
2026-07-08,DI1J27,14.117,14.115
2026-07-08,DI1F27,14.042,14.04
2026-07-08,DI1F37,14.391,14.364
2026-07-08,DI1F32,14.476,14.419
2026-07-08,DI1F29,14.358,14.285
2026-07-08,DI1F39,14.361,14.334
2026-07-08,DI1H27,14.097,14.091
2026-07-08,DI1Z29,14.441,14.363
2026-07-08,DI1F34,14.452,14.395
2026-07-08,DI1N28,14.268,14.218
2026-07-08,DI1N27,14.146,14.137
2026-07-08,DI1X28,14.337,14.27
2026-07-08,DI1Z26,14.023,14.015
2026-07-08,DI1J31,14.46,14.395
2026-07-08,DI1V26,14.027,14.028
2026-07-08,DI1V28,14.322,14.257
2026-07-08,DI1F33,14.467,14.413
2026-07-08,DI1G27,14.073,14.08
2026-07-08,DI1X26,14.01,14.005
2026-07-08,DI1N29,14.425,14.347
2026-07-08,DI1K27,14.129,14.119
2026-07-08,DI1V27,14.162,14.147
2026-07-08,DI1F35,14.428,14.38
2026-07-08,DI1F30,14.446,14.369
2026-07-08,DI1F40,14.341,14.314
2026-07-08,DI1X29,14.438,14.358
2026-07-08,DI1Z27,14.161,14.136
2026-07-08,DI1V29,14.435,14.356
2026-07-08,DI1X27,14.16,14.138
2026-07-08,DI1M27,14.128,14.121
2026-07-08,DI1J28,14.213,14.184
2026-07-08,DI1F31,14.453,14.385
2026-07-08,DI1F41,14.332,14.305
2026-07-08,DI1Q27,14.145,14.123
2026-07-08,DI1N30,14.45,14.375
2026-07-08,DI1Q26,14.153,14.152
2026-07-08,DI1J29,14.396,14.311
2026-07-08,DI1V30,14.449,14.377
2026-07-08,DI1F36,14.401,14.353
2026-07-08,DI1N31,14.453,14.385
2026-07-08,DI1F28,14.171,14.15
2026-07-08,DI1F38,14.391,14.364
2026-07-08,DI1U26,14.064,14.062
2026-07-07,DI1Z28,14.278,14.184
2026-07-07,DI1J30,14.362,14.292
2026-07-07,DI1V31,14.393,14.334
2026-07-07,DI1J27,14.115,14.037
2026-07-07,DI1F27,14.041,13.991
2026-07-07,DI1F37,14.364,14.296
2026-07-07,DI1F32,14.419,14.355
2026-07-07,DI1F29,14.285,14.188
2026-07-07,DI1F39,14.334,14.269
2026-07-07,DI1H27,14.091,14.024
2026-07-07,DI1Z29,14.363,14.285
2026-07-07,DI1F34,14.395,14.334
2026-07-07,DI1N28,14.218,14.111
2026-07-07,DI1N27,14.137,14.046
2026-07-07,DI1X28,14.27,14.174
2026-07-07,DI1Z26,14.016,13.983
2026-07-07,DI1J31,14.395,14.316
2026-07-07,DI1V26,14.03,14.016
2026-07-07,DI1V28,14.257,14.162
2026-07-07,DI1F33,14.413,14.354
2026-07-07,DI1G27,14.08,14.012
2026-07-07,DI1X26,14.007,13.988
2026-07-07,DI1N29,14.347,14.261
2026-07-07,DI1K27,14.119,14.042
2026-07-07,DI1V27,14.147,14.048
2026-07-07,DI1F35,14.38,14.321
2026-07-07,DI1F30,14.369,14.291
2026-07-07,DI1F40,14.314,14.249
2026-07-07,DI1X29,14.358,14.28
2026-07-07,DI1Z27,14.136,14.037
2026-07-07,DI1V29,14.356,14.277
2026-07-07,DI1X27,14.138,14.042
2026-07-07,DI1M27,14.121,14.045
2026-07-07,DI1J28,14.184,14.074
2026-07-07,DI1F31,14.385,14.321
2026-07-07,DI1F41,14.305,14.249
2026-07-07,DI1Q27,14.123,14.037
2026-07-07,DI1N30,14.375,14.311
2026-07-07,DI1Q26,14.152,14.151
2026-07-07,DI1J29,14.311,14.23
2026-07-07,DI1V30,14.377,14.314
2026-07-07,DI1F36,14.353,14.294
2026-07-07,DI1N31,14.385,14.326
2026-07-07,DI1F28,14.15,14.043
2026-07-07,DI1F38,14.364,14.299
2026-07-07,DI1U26,14.064,14.063
2026-07-06,DI1Z28,14.184,14.25
2026-07-06,DI1J30,14.292,14.376
2026-07-06,DI1V31,14.334,14.417
2026-07-06,DI1J27,14.038,14.061
2026-07-06,DI1F27,13.992,13.998
2026-07-06,DI1F37,14.296,14.382
2026-07-06,DI1F32,14.355,14.438
2026-07-06,DI1F29,14.188,14.26
2026-07-06,DI1F39,14.269,14.355
2026-07-06,DI1H27,14.025,14.047
2026-07-06,DI1Z29,14.285,14.369
2026-07-06,DI1F34,14.334,14.415
2026-07-06,DI1N28,14.111,14.18
2026-07-06,DI1N27,14.046,14.086
2026-07-06,DI1X28,14.174,14.243
2026-07-06,DI1Z26,13.985,13.983
2026-07-06,DI1J31,14.316,14.399
2026-07-06,DI1V26,14.018,14.016
2026-07-06,DI1V28,14.162,14.231
2026-07-06,DI1F33,14.354,14.436
2026-07-06,DI1G27,14.013,14.023
2026-07-06,DI1X26,13.99,13.986
2026-07-06,DI1N29,14.261,14.341
2026-07-06,DI1K27,14.043,14.07
2026-07-06,DI1V27,14.048,14.1
2026-07-06,DI1F35,14.321,14.406
2026-07-06,DI1F30,14.291,14.378
2026-07-06,DI1F40,14.249,14.335
2026-07-06,DI1X29,14.28,14.36
2026-07-06,DI1Z27,14.037,14.086
2026-07-06,DI1V29,14.277,14.357
2026-07-06,DI1X27,14.042,14.091
2026-07-06,DI1M27,14.045,14.075
2026-07-06,DI1J28,14.074,14.125
2026-07-06,DI1F31,14.321,14.406
2026-07-06,DI1F41,14.249,14.335
2026-07-06,DI1Q27,14.037,14.088
2026-07-06,DI1N30,14.311,14.385
2026-07-06,DI1Q26,14.151,14.153
2026-07-06,DI1J29,14.23,14.304
2026-07-06,DI1V30,14.314,14.397
2026-07-06,DI1F36,14.294,14.374
2026-07-06,DI1N31,14.326,14.409
2026-07-06,DI1F28,14.043,14.095
2026-07-06,DI1F38,14.299,14.385
2026-07-06,DI1U26,14.065,14.064
2026-07-03,DI1Z28,14.25,14.389
2026-07-03,DI1J30,14.376,14.491
2026-07-03,DI1V31,14.417,14.516
2026-07-03,DI1J27,14.061,14.144
2026-07-03,DI1F27,13.999,14.043
2026-07-03,DI1F37,14.382,14.458
2026-07-03,DI1F32,14.438,14.535
2026-07-03,DI1F29,14.26,14.398
2026-07-03,DI1F39,14.355,14.421
2026-07-03,DI1H27,14.048,14.119
2026-07-03,DI1Z29,14.369,14.489
2026-07-03,DI1F34,14.415,14.503
2026-07-03,DI1N28,14.18,14.325
2026-07-03,DI1N27,14.086,14.198
2026-07-03,DI1X28,14.243,14.383
2026-07-03,DI1Z26,13.985,14.024
2026-07-03,DI1J31,14.399,14.501
2026-07-03,DI1V26,14.018,14.03
2026-07-03,DI1V28,14.231,14.37
2026-07-03,DI1F33,14.436,14.525
2026-07-03,DI1G27,14.024,14.084
2026-07-03,DI1X26,13.988,14.012
2026-07-03,DI1N29,14.341,14.472
2026-07-03,DI1K27,14.07,14.166
2026-07-03,DI1V27,14.1,14.224
2026-07-03,DI1F35,14.406,14.485
2026-07-03,DI1F30,14.378,14.495
2026-07-03,DI1F40,14.335,14.401
2026-07-03,DI1X29,14.36,14.484
2026-07-03,DI1Z27,14.086,14.225
2026-07-03,DI1V29,14.357,14.48
2026-07-03,DI1X27,14.091,14.225
2026-07-03,DI1M27,14.075,14.181
2026-07-03,DI1J28,14.125,14.28
2026-07-03,DI1F31,14.406,14.51
2026-07-03,DI1F41,14.335,14.401
2026-07-03,DI1Q27,14.088,14.204
2026-07-03,DI1N30,14.385,14.503
2026-07-03,DI1Q26,14.153,14.154
2026-07-03,DI1J29,14.304,14.44
2026-07-03,DI1V30,14.397,14.503
2026-07-03,DI1F36,14.374,14.455
2026-07-03,DI1N31,14.409,14.51
2026-07-03,DI1F28,14.095,14.239
2026-07-03,DI1F38,14.385,14.451
2026-07-03,DI1U26,14.066,14.069
2026-07-02,DI1Z28,14.389,14.253
2026-07-02,DI1J30,14.491,14.334
2026-07-02,DI1V31,14.516,14.367
2026-07-02,DI1J27,14.144,14.088
2026-07-02,DI1F27,14.044,14.025
2026-07-02,DI1F37,14.458,14.328
2026-07-02,DI1F32,14.535,14.371
2026-07-02,DI1F29,14.398,14.26
2026-07-02,DI1F39,14.421,14.295
2026-07-02,DI1H27,14.119,14.081
2026-07-02,DI1Z29,14.489,14.329
2026-07-02,DI1F34,14.503,14.369
2026-07-02,DI1N28,14.325,14.193
2026-07-02,DI1N27,14.198,14.108
2026-07-02,DI1X28,14.383,14.246
2026-07-02,DI1Z26,14.025,14.013
2026-07-02,DI1J31,14.501,14.349
2026-07-02,DI1V26,14.032,14.026
2026-07-02,DI1V28,14.37,14.237
2026-07-02,DI1F33,14.525,14.378
2026-07-02,DI1G27,14.084,14.057
2026-07-02,DI1X26,14.014,14.003
2026-07-02,DI1N29,14.472,14.31
2026-07-02,DI1K27,14.166,14.104
2026-07-02,DI1V27,14.224,14.127
2026-07-02,DI1F35,14.485,14.36
2026-07-02,DI1F30,14.495,14.333
2026-07-02,DI1F40,14.401,14.275
2026-07-02,DI1X29,14.484,14.327
2026-07-02,DI1Z27,14.225,14.118
2026-07-02,DI1V29,14.48,14.325
2026-07-02,DI1X27,14.225,14.119
2026-07-02,DI1M27,14.181,14.108
2026-07-02,DI1J28,14.28,14.145
2026-07-02,DI1F31,14.51,14.349
2026-07-02,DI1F41,14.401,14.275
2026-07-02,DI1Q27,14.204,14.115
2026-07-02,DI1N30,14.503,14.346
2026-07-02,DI1Q26,14.154,14.153
2026-07-02,DI1J29,14.44,14.295
2026-07-02,DI1V30,14.503,14.348
2026-07-02,DI1F36,14.455,14.334
2026-07-02,DI1N31,14.51,14.36
2026-07-02,DI1F28,14.239,14.123
2026-07-02,DI1F38,14.451,14.325
2026-07-02,DI1U26,14.071,14.071
2026-07-01,DI1Z28,14.253,14.067
2026-07-01,DI1N26,14.15,14.15
2026-07-01,DI1J30,14.334,14.137
2026-07-01,DI1V31,14.367,14.17
2026-07-01,DI1J27,14.088,14.018
2026-07-01,DI1F27,14.026,13.985
2026-07-01,DI1F37,14.328,14.163
2026-07-01,DI1F32,14.371,14.192
2026-07-01,DI1F29,14.26,14.071
2026-07-01,DI1F39,14.295,14.13
2026-07-01,DI1H27,14.081,14.016
2026-07-01,DI1Z29,14.329,14.135
2026-07-01,DI1F34,14.369,14.178
2026-07-01,DI1N28,14.193,14.025
2026-07-01,DI1N27,14.108,14.015
2026-07-01,DI1X28,14.246,14.064
2026-07-01,DI1Z26,14.014,13.984
2026-07-01,DI1J31,14.349,14.15
2026-07-01,DI1V26,14.028,14.028
2026-07-01,DI1V28,14.237,14.058
2026-07-01,DI1F33,14.378,14.194
2026-07-01,DI1G27,14.058,14.002
2026-07-01,DI1X26,14.005,13.994
2026-07-01,DI1N29,14.31,14.122
2026-07-01,DI1K27,14.104,14.022
2026-07-01,DI1V27,14.127,14.012
2026-07-01,DI1F35,14.36,14.171
2026-07-01,DI1F30,14.333,14.14
2026-07-01,DI1F40,14.275,14.11
2026-07-01,DI1X29,14.327,14.133
2026-07-01,DI1Z27,14.118,13.983
2026-07-01,DI1V29,14.325,14.13
2026-07-01,DI1X27,14.119,13.991
2026-07-01,DI1M27,14.108,14.016
2026-07-01,DI1J28,14.145,14.001
2026-07-01,DI1F31,14.349,14.157
2026-07-01,DI1F41,14.275,14.11
2026-07-01,DI1Q27,14.115,14.007
2026-07-01,DI1N30,14.346,14.15
2026-07-01,DI1Q26,14.153,14.154
2026-07-01,DI1J29,14.295,14.104
2026-07-01,DI1V30,14.348,14.151
2026-07-01,DI1F36,14.334,14.144
2026-07-01,DI1N31,14.36,14.161
2026-07-01,DI1F28,14.123,13.983
2026-07-01,DI1F38,14.325,14.16
2026-07-01,DI1U26,14.073,14.071
2026-06-30,DI1Z28,14.067,14.189
2026-06-30,DI1N26,14.15,14.155
2026-06-30,DI1J30,14.137,14.26
2026-06-30,DI1V31,14.17,14.287
2026-06-30,DI1J27,14.019,14.108
2026-06-30,DI1F27,13.986,14.038
2026-06-30,DI1F37,14.163,14.263
2026-06-30,DI1F32,14.192,14.297
2026-06-30,DI1F29,14.071,14.198
2026-06-30,DI1F39,14.13,14.226
2026-06-30,DI1H27,14.017,14.096
2026-06-30,DI1Z29,14.135,14.258
2026-06-30,DI1F34,14.178,14.271
2026-06-30,DI1N28,14.025,14.156
2026-06-30,DI1N27,14.016,14.135
2026-06-30,DI1X28,14.064,14.186
2026-06-30,DI1Z26,13.986,14.025
2026-06-30,DI1J31,14.15,14.301
2026-06-30,DI1V26,14.03,14.051
2026-06-30,DI1V28,14.058,14.183
2026-06-30,DI1F33,14.194,14.311
2026-06-30,DI1G27,14.003,14.067
2026-06-30,DI1X26,13.996,14.023
2026-06-30,DI1N29,14.122,14.249
2026-06-30,DI1K27,14.023,14.121
2026-06-30,DI1V27,14.012,14.131
2026-06-30,DI1F35,14.171,14.276
2026-06-30,DI1F30,14.14,14.267
2026-06-30,DI1F40,14.11,14.206
2026-06-30,DI1X29,14.133,14.252
2026-06-30,DI1Z27,13.983,14.105
2026-06-30,DI1V29,14.13,14.246
2026-06-30,DI1X27,13.991,14.116
2026-06-30,DI1M27,14.017,14.126
2026-06-30,DI1J28,14.001,14.125
2026-06-30,DI1F31,14.157,14.281
2026-06-30,DI1F41,14.11,14.206
2026-06-30,DI1Q27,14.008,14.129
2026-06-30,DI1N30,14.15,14.273
2026-06-30,DI1Q26,14.154,14.154
2026-06-30,DI1J29,14.104,14.226
2026-06-30,DI1V30,14.151,14.273
2026-06-30,DI1F36,14.144,14.251
2026-06-30,DI1N31,14.161,14.279
2026-06-30,DI1F28,13.983,14.107
2026-06-30,DI1F38,14.16,14.256
2026-06-30,DI1U26,14.073,14.083
2026-06-29,DI1Z28,14.189,14.234
2026-06-29,DI1N26,14.152,14.154
2026-06-29,DI1J30,14.26,14.319
2026-06-29,DI1V31,14.287,14.354
2026-06-29,DI1J27,14.108,14.151
2026-06-29,DI1F27,14.039,14.058
2026-06-29,DI1F37,14.263,14.313
2026-06-29,DI1F32,14.297,14.372
2026-06-29,DI1F29,14.198,14.235
2026-06-29,DI1F39,14.226,14.254
2026-06-29,DI1H27,14.096,14.127
2026-06-29,DI1Z29,14.258,14.312
2026-06-29,DI1F34,14.271,14.339
2026-06-29,DI1N28,14.156,14.197
2026-06-29,DI1N27,14.135,14.185
2026-06-29,DI1X28,14.186,14.23
2026-06-29,DI1Z26,14.026,14.034
2026-06-29,DI1J31,14.301,14.336
2026-06-29,DI1V26,14.052,14.051
2026-06-29,DI1V28,14.183,14.226
2026-06-29,DI1F33,14.311,14.366
2026-06-29,DI1G27,14.068,14.094
2026-06-29,DI1X26,14.024,14.028
2026-06-29,DI1N29,14.249,14.298
2026-06-29,DI1K27,14.121,14.166
2026-06-29,DI1V27,14.131,14.18
2026-06-29,DI1F35,14.276,14.334
2026-06-29,DI1F30,14.267,14.316
2026-06-29,DI1F40,14.206,14.234
2026-06-29,DI1X29,14.252,14.312
2026-06-29,DI1Z27,14.105,14.16
2026-06-29,DI1V29,14.246,14.309
2026-06-29,DI1X27,14.116,14.168
2026-06-29,DI1M27,14.126,14.174
2026-06-29,DI1J28,14.125,14.18
2026-06-29,DI1F31,14.281,14.339
2026-06-29,DI1F41,14.206,14.234
2026-06-29,DI1Q27,14.129,14.178
2026-06-29,DI1N30,14.273,14.335
2026-06-29,DI1Q26,14.154,14.153
2026-06-29,DI1J29,14.226,14.274
2026-06-29,DI1V30,14.273,14.335
2026-06-29,DI1F36,14.251,14.298
2026-06-29,DI1N31,14.279,14.346
2026-06-29,DI1F28,14.107,14.159
2026-06-29,DI1F38,14.256,14.284
2026-06-29,DI1U26,14.084,14.088
2026-06-26,DI1Z28,14.234,14.337
2026-06-26,DI1N26,14.153,14.15
2026-06-26,DI1J30,14.319,14.39
2026-06-26,DI1V31,14.354,14.389
2026-06-26,DI1J27,14.151,14.198
2026-06-26,DI1F27,14.059,14.091
2026-06-26,DI1F37,14.313,14.288
2026-06-26,DI1F32,14.372,14.404
2026-06-26,DI1F29,14.235,14.339
2026-06-26,DI1F39,14.254,14.229
2026-06-26,DI1H27,14.127,14.167
2026-06-26,DI1Z29,14.312,14.389
2026-06-26,DI1F34,14.339,14.336
2026-06-26,DI1N28,14.197,14.298
2026-06-26,DI1N27,14.185,14.246
2026-06-26,DI1X28,14.23,14.334
2026-06-26,DI1Z26,14.035,14.058
2026-06-26,DI1J31,14.336,14.384
2026-06-26,DI1V26,14.052,14.063
2026-06-26,DI1V28,14.226,14.331
2026-06-26,DI1F33,14.366,14.381
2026-06-26,DI1G27,14.094,14.129
2026-06-26,DI1X26,14.029,14.044
2026-06-26,DI1N29,14.298,14.388
2026-06-26,DI1K27,14.166,14.217
2026-06-26,DI1V27,14.18,14.26
2026-06-26,DI1F35,14.334,14.311
2026-06-26,DI1F30,14.316,14.394
2026-06-26,DI1F40,14.234,14.209
2026-06-26,DI1X29,14.312,14.387
2026-06-26,DI1Z27,14.16,14.241
2026-06-26,DI1V29,14.309,14.39
2026-06-26,DI1X27,14.168,14.249
2026-06-26,DI1M27,14.174,14.229
2026-06-26,DI1J28,14.18,14.268
2026-06-26,DI1F31,14.339,14.396
2026-06-26,DI1F41,14.234,14.209
2026-06-26,DI1Q27,14.178,14.25
2026-06-26,DI1N30,14.335,14.395
2026-06-26,DI1Q26,14.153,14.155
2026-06-26,DI1J29,14.274,14.367
2026-06-26,DI1V30,14.335,14.393
2026-06-26,DI1F36,14.298,14.269
2026-06-26,DI1N31,14.346,14.38
2026-06-26,DI1F28,14.159,14.246
2026-06-26,DI1F38,14.284,14.259
2026-06-26,DI1U26,14.089,14.094
2026-06-25,DI1Z28,14.337,14.378
2026-06-25,DI1N26,14.15,14.153
2026-06-25,DI1J30,14.39,14.378
2026-06-25,DI1V31,14.389,14.342
2026-06-25,DI1J27,14.198,14.247
2026-06-25,DI1F27,14.091,14.128
2026-06-25,DI1F37,14.288,14.15
2026-06-25,DI1F32,14.404,14.348
2026-06-25,DI1F29,14.339,14.378
2026-06-25,DI1F39,14.229,14.104
2026-06-25,DI1H27,14.167,14.215
2026-06-25,DI1Z29,14.389,14.388
2026-06-25,DI1F34,14.336,14.251
2026-06-25,DI1N28,14.298,14.358
2026-06-25,DI1N27,14.246,14.312
2026-06-25,DI1X28,14.334,14.376
2026-06-25,DI1Z26,14.059,14.097
2026-06-25,DI1J31,14.384,14.343
2026-06-25,DI1V26,14.064,14.085
2026-06-25,DI1V28,14.331,14.375
2026-06-25,DI1F33,14.381,14.303
2026-06-25,DI1G27,14.129,14.175
2026-06-25,DI1X26,14.045,14.079
2026-06-25,DI1N29,14.388,14.401
2026-06-25,DI1K27,14.217,14.273
2026-06-25,DI1V27,14.26,14.339
2026-06-25,DI1F35,14.311,14.21
2026-06-25,DI1F30,14.394,14.39
2026-06-25,DI1F40,14.209,14.084
2026-06-25,DI1X29,14.387,14.389
2026-06-25,DI1Z27,14.241,14.319
2026-06-25,DI1V29,14.39,14.395
2026-06-25,DI1X27,14.249,14.329
2026-06-25,DI1M27,14.229,14.293
2026-06-25,DI1J28,14.268,14.339
2026-06-25,DI1F31,14.396,14.362
2026-06-25,DI1F41,14.209,14.084
2026-06-25,DI1Q27,14.25,14.323
2026-06-25,DI1N30,14.395,14.382
2026-06-25,DI1Q26,14.155,14.152
2026-06-25,DI1J29,14.367,14.39
2026-06-25,DI1V30,14.393,14.369
2026-06-25,DI1F36,14.269,14.157
2026-06-25,DI1N31,14.38,14.342
2026-06-25,DI1F28,14.246,14.32
2026-06-25,DI1F38,14.259,14.134
2026-06-25,DI1U26,14.095,14.107
2026-06-24,DI1Z28,14.378,14.658
2026-06-24,DI1N26,14.152,14.151
2026-06-24,DI1J30,14.378,14.641
2026-06-24,DI1V31,14.342,14.581
2026-06-24,DI1J27,14.246,14.356
2026-06-24,DI1F27,14.128,14.186
2026-06-24,DI1F37,14.15,14.374
2026-06-24,DI1F32,14.348,14.589
2026-06-24,DI1F29,14.378,14.659
2026-06-24,DI1F39,14.104,14.319
2026-06-24,DI1H27,14.215,14.308
2026-06-24,DI1Z29,14.388,14.656
2026-06-24,DI1F34,14.251,14.479
2026-06-24,DI1N28,14.358,14.634
2026-06-24,DI1N27,14.311,14.476
2026-06-24,DI1X28,14.376,14.658
2026-06-24,DI1Z26,14.097,14.138
2026-06-24,DI1J31,14.343,14.593
2026-06-24,DI1V26,14.086,14.102
2026-06-24,DI1V28,14.375,14.656
2026-06-24,DI1F33,14.303,14.541
2026-06-24,DI1G27,14.175,14.248
2026-06-24,DI1X26,14.08,14.103
2026-06-24,DI1N29,14.401,14.676
2026-06-24,DI1K27,14.272,14.405
2026-06-24,DI1V27,14.338,14.551
2026-06-24,DI1F35,14.21,14.443
2026-06-24,DI1F30,14.39,14.657
2026-06-24,DI1F40,14.084,14.299
2026-06-24,DI1X29,14.389,14.659
2026-06-24,DI1Z27,14.319,14.552
2026-06-24,DI1V29,14.395,14.667
2026-06-24,DI1X27,14.328,14.551
2026-06-24,DI1M27,14.292,14.441
2026-06-24,DI1J28,14.339,14.603
2026-06-24,DI1F31,14.362,14.614
2026-06-24,DI1F41,14.084,14.299
2026-06-24,DI1Q27,14.322,14.503
2026-06-24,DI1N30,14.382,14.635
2026-06-24,DI1Q26,14.152,14.153
2026-06-24,DI1J29,14.39,14.669
2026-06-24,DI1V30,14.369,14.624
2026-06-24,DI1F36,14.157,14.38
2026-06-24,DI1N31,14.342,14.615
2026-06-24,DI1F28,14.32,14.566
2026-06-24,DI1F38,14.134,14.349
2026-06-24,DI1U26,14.108,14.115
2026-06-23,DI1Z28,14.657,14.775
2026-06-23,DI1N26,14.15,14.152
2026-06-23,DI1J30,14.64,14.748
2026-06-23,DI1V31,14.581,14.677
2026-06-23,DI1J27,14.355,14.43
2026-06-23,DI1F27,14.186,14.217
2026-06-23,DI1F37,14.374,14.461
2026-06-23,DI1F32,14.589,14.682
2026-06-23,DI1F29,14.658,14.773
2026-06-23,DI1F39,14.319,14.406
2026-06-23,DI1H27,14.307,14.366
2026-06-23,DI1Z29,14.655,14.765
2026-06-23,DI1F34,14.479,14.568
2026-06-23,DI1N28,14.633,14.761
2026-06-23,DI1N27,14.475,14.577
2026-06-23,DI1X28,14.657,14.778
2026-06-23,DI1Z26,14.138,14.162
2026-06-23,DI1J31,14.593,14.703
2026-06-23,DI1V26,14.103,14.106
2026-06-23,DI1V28,14.655,14.781
2026-06-23,DI1F33,14.541,14.629
2026-06-23,DI1G27,14.247,14.293
2026-06-23,DI1X26,14.104,14.115
2026-06-23,DI1N29,14.675,14.793
2026-06-23,DI1K27,14.404,14.495
2026-06-23,DI1V27,14.55,14.673
2026-06-23,DI1F35,14.443,14.52
2026-06-23,DI1F30,14.656,14.765
2026-06-23,DI1F40,14.299,14.386
2026-06-23,DI1X29,14.658,14.77
2026-06-23,DI1Z27,14.551,14.682
2026-06-23,DI1V29,14.666,14.778
2026-06-23,DI1X27,14.55,14.677
2026-06-23,DI1M27,14.44,14.53
2026-06-23,DI1J28,14.602,14.73
2026-06-23,DI1F31,14.614,14.714
2026-06-23,DI1F41,14.299,14.386
2026-06-23,DI1Q27,14.502,14.606
2026-06-23,DI1N30,14.635,14.74
2026-06-23,DI1Q26,14.153,14.154
2026-06-23,DI1J29,14.668,14.795
2026-06-23,DI1V30,14.624,14.715
2026-06-23,DI1F36,14.38,14.466
2026-06-23,DI1N31,14.615,14.679
2026-06-23,DI1F28,14.565,14.699
2026-06-23,DI1F38,14.349,14.436
2026-06-23,DI1U26,14.116,14.116
2026-06-22,DI1Z28,14.774,14.933
2026-06-22,DI1N26,14.152,14.152
2026-06-22,DI1J30,14.747,14.927
2026-06-22,DI1V31,14.677,14.865
2026-06-22,DI1J27,14.429,14.491
2026-06-22,DI1F27,14.217,14.257
2026-06-22,DI1F37,14.461,14.662
2026-06-22,DI1F32,14.682,14.88
2026-06-22,DI1F29,14.772,14.94
2026-06-22,DI1F39,14.406,14.611
2026-06-22,DI1H27,14.365,14.421
2026-06-22,DI1Z29,14.764,14.941
2026-06-22,DI1F34,14.568,14.766
2026-06-22,DI1N28,14.76,14.902
2026-06-22,DI1N27,14.575,14.669
2026-06-22,DI1X28,14.777,14.931
2026-06-22,DI1Z26,14.162,14.195
2026-06-22,DI1J31,14.703,14.873
2026-06-22,DI1V26,14.107,14.122
2026-06-22,DI1V28,14.78,14.929
2026-06-22,DI1F33,14.629,14.824
2026-06-22,DI1G27,14.292,14.339
2026-06-22,DI1X26,14.115,14.14
2026-06-22,DI1N29,14.792,14.963
2026-06-22,DI1K27,14.493,14.558
2026-06-22,DI1V27,14.671,14.78
2026-06-22,DI1F35,14.52,14.729
2026-06-22,DI1F30,14.764,14.943
2026-06-22,DI1F40,14.386,14.591
2026-06-22,DI1X29,14.769,14.943
2026-06-22,DI1Z27,14.681,14.796
2026-06-22,DI1V29,14.777,14.951
2026-06-22,DI1X27,14.675,14.786
2026-06-22,DI1M27,14.528,14.603
2026-06-22,DI1J28,14.729,14.861
2026-06-22,DI1F31,14.714,14.898
2026-06-22,DI1F41,14.386,14.591
2026-06-22,DI1Q27,14.604,14.707
2026-06-22,DI1N30,14.739,14.93
2026-06-22,DI1Q26,14.154,14.152
2026-06-22,DI1J29,14.794,14.946
2026-06-22,DI1V30,14.714,14.906
2026-06-22,DI1F36,14.466,14.67
2026-06-22,DI1N31,14.679,14.871
2026-06-22,DI1F28,14.698,14.816
2026-06-22,DI1F38,14.436,14.641
2026-06-22,DI1U26,14.117,14.121
2026-06-19,DI1Z28,14.932,14.838
2026-06-19,DI1N26,14.152,14.153
2026-06-19,DI1J30,14.926,14.808
2026-06-19,DI1V31,14.864,14.728
2026-06-19,DI1J27,14.489,14.459
2026-06-19,DI1F27,14.256,14.246
2026-06-19,DI1F37,14.662,14.545
2026-06-19,DI1F32,14.879,14.734
2026-06-19,DI1F29,14.939,14.843
2026-06-19,DI1F39,14.611,14.494
2026-06-19,DI1H27,14.419,14.396
2026-06-19,DI1Z29,14.94,14.828
2026-06-19,DI1F34,14.766,14.638
2026-06-19,DI1N28,14.901,14.813
2026-06-19,DI1N27,14.667,14.601
2026-06-19,DI1X28,14.93,14.838
2026-06-19,DI1Z26,14.195,14.194
2026-06-19,DI1J31,14.872,14.725
2026-06-19,DI1V26,14.122,14.128
2026-06-19,DI1V28,14.928,14.835
2026-06-19,DI1F33,14.824,14.687
2026-06-19,DI1G27,14.338,14.323
2026-06-19,DI1X26,14.14,14.145
2026-06-19,DI1N29,14.962,14.855
2026-06-19,DI1K27,14.556,14.514
2026-06-19,DI1V27,14.778,14.7
2026-06-19,DI1F35,14.729,14.6
2026-06-19,DI1F30,14.942,14.828
2026-06-19,DI1F40,14.591,14.474
2026-06-19,DI1X29,14.942,14.833
2026-06-19,DI1Z27,14.794,14.717
2026-06-19,DI1V29,14.95,14.84
2026-06-19,DI1X27,14.784,14.71
2026-06-19,DI1M27,14.601,14.558
2026-06-19,DI1J28,14.859,14.775
2026-06-19,DI1F31,14.897,14.762
2026-06-19,DI1F41,14.591,14.474
2026-06-19,DI1Q27,14.705,14.631
2026-06-19,DI1N30,14.929,14.793
2026-06-19,DI1Q26,14.152,14.154
2026-06-19,DI1J29,14.945,14.846
2026-06-19,DI1V30,14.905,14.778
2026-06-19,DI1F36,14.67,14.551
2026-06-19,DI1N31,14.87,14.729
2026-06-19,DI1F28,14.814,14.737
2026-06-19,DI1F38,14.641,14.524
2026-06-19,DI1U26,14.122,14.119
2026-06-18,DI1Z28,14.837,14.59
2026-06-18,DI1N26,14.153,14.216
2026-06-18,DI1J30,14.807,14.532
2026-06-18,DI1V31,14.728,14.455
2026-06-18,DI1J27,14.457,14.459
2026-06-18,DI1F27,14.245,14.302
2026-06-18,DI1F37,14.545,14.305
2026-06-18,DI1F32,14.734,14.464
2026-06-18,DI1F29,14.842,14.594
2026-06-18,DI1F39,14.494,14.271
2026-06-18,DI1H27,14.395,14.417
2026-06-18,DI1Z29,14.827,14.554
2026-06-18,DI1F34,14.638,14.379
2026-06-18,DI1N28,14.812,14.587
2026-06-18,DI1N27,14.599,14.543
2026-06-18,DI1X28,14.837,14.594
2026-06-18,DI1Z26,14.194,14.263
2026-06-18,DI1J31,14.725,14.463
2026-06-18,DI1V26,14.128,14.21
2026-06-18,DI1V28,14.834,14.595
2026-06-18,DI1F33,14.687,14.423
2026-06-18,DI1G27,14.322,14.365
2026-06-18,DI1X26,14.145,14.222
2026-06-18,DI1N29,14.854,14.586
2026-06-18,DI1K27,14.512,14.491
2026-06-18,DI1V27,14.698,14.583
2026-06-18,DI1F35,14.6,14.349
2026-06-18,DI1F30,14.827,14.554
2026-06-18,DI1F40,14.474,14.251
2026-06-18,DI1X29,14.832,14.56
2026-06-18,DI1Z27,14.715,14.557
2026-06-18,DI1V29,14.839,14.567
2026-06-18,DI1X27,14.708,14.565
2026-06-18,DI1M27,14.556,14.515
2026-06-18,DI1J28,14.774,14.568
2026-06-18,DI1F31,14.761,14.486
2026-06-18,DI1F41,14.474,14.251
2026-06-18,DI1Q27,14.629,14.55
2026-06-18,DI1N30,14.792,14.525
2026-06-18,DI1Q26,14.154,14.21
2026-06-18,DI1J29,14.845,14.583
2026-06-18,DI1V30,14.777,14.5
2026-06-18,DI1F36,14.551,14.299
2026-06-18,DI1N31,14.729,14.457
2026-06-18,DI1F28,14.735,14.562
2026-06-18,DI1F38,14.524,14.301
2026-06-18,DI1U26,14.12,14.2
2026-06-17,DI1Z28,14.59,14.405
2026-06-17,DI1N26,14.234,14.214
2026-06-17,DI1J30,14.532,14.34
2026-06-17,DI1V31,14.455,14.273
2026-06-17,DI1J27,14.459,14.385
2026-06-17,DI1F27,14.303,14.256
2026-06-17,DI1F37,14.305,14.17
2026-06-17,DI1F32,14.464,14.281
2026-06-17,DI1F29,14.594,14.403
2026-06-17,DI1F39,14.271,14.126
2026-06-17,DI1H27,14.417,14.351
2026-06-17,DI1Z29,14.554,14.361
2026-06-17,DI1F34,14.379,14.221
2026-06-17,DI1N28,14.587,14.421
2026-06-17,DI1N27,14.542,14.444
2026-06-17,DI1X28,14.594,14.412
2026-06-17,DI1Z26,14.264,14.226
2026-06-17,DI1J31,14.463,14.28
2026-06-17,DI1V26,14.212,14.18
2026-06-17,DI1V28,14.595,14.417
2026-06-17,DI1F33,14.423,14.258
2026-06-17,DI1G27,14.365,14.302
2026-06-17,DI1X26,14.224,14.189
2026-06-17,DI1N29,14.586,14.39
2026-06-17,DI1K27,14.491,14.409
2026-06-17,DI1V27,14.582,14.461
2026-06-17,DI1F35,14.349,14.196
2026-06-17,DI1F30,14.554,14.36
2026-06-17,DI1F40,14.251,14.106
2026-06-17,DI1X29,14.56,14.367
2026-06-17,DI1Z27,14.557,14.433
2026-06-17,DI1V29,14.567,14.375
2026-06-17,DI1X27,14.565,14.445
2026-06-17,DI1M27,14.515,14.422
2026-06-17,DI1J28,14.568,14.42
2026-06-17,DI1F31,14.486,14.296
2026-06-17,DI1F41,14.251,14.106
2026-06-17,DI1Q27,14.549,14.446
2026-06-17,DI1N30,14.525,14.331
2026-06-17,DI1Q26,14.216,14.204
2026-06-17,DI1J29,14.583,14.39
2026-06-17,DI1V30,14.5,14.306
2026-06-17,DI1F36,14.299,14.164
2026-06-17,DI1N31,14.457,14.275
2026-06-17,DI1F28,14.562,14.428
2026-06-17,DI1F38,14.301,14.156
2026-06-17,DI1U26,14.204,14.177
2026-06-16,DI1Z28,14.405,14.336
2026-06-16,DI1N26,14.231,14.242
2026-06-16,DI1J30,14.34,14.285
2026-06-16,DI1V31,14.273,14.24
2026-06-16,DI1J27,14.385,14.357
2026-06-16,DI1F27,14.257,14.25
2026-06-16,DI1F37,14.17,14.198
2026-06-16,DI1F32,14.281,14.259
2026-06-16,DI1F29,14.403,14.329
2026-06-16,DI1F39,14.126,14.154
2026-06-16,DI1H27,14.351,14.331
2026-06-16,DI1Z29,14.361,14.297
2026-06-16,DI1F34,14.221,14.216
2026-06-16,DI1N28,14.421,14.347
2026-06-16,DI1N27,14.444,14.4
2026-06-16,DI1X28,14.412,14.341
2026-06-16,DI1Z26,14.227,14.223
2026-06-16,DI1J31,14.28,14.235
2026-06-16,DI1V26,14.183,14.193
2026-06-16,DI1V28,14.417,14.346
2026-06-16,DI1F33,14.258,14.24
2026-06-16,DI1G27,14.303,14.29
2026-06-16,DI1X26,14.191,14.202
2026-06-16,DI1N29,14.39,14.325
2026-06-16,DI1K27,14.409,14.368
2026-06-16,DI1V27,14.461,14.401
2026-06-16,DI1F35,14.196,14.205
2026-06-16,DI1F30,14.36,14.297
2026-06-16,DI1F40,14.106,14.134
2026-06-16,DI1X29,14.367,14.301
2026-06-16,DI1Z27,14.433,14.362
2026-06-16,DI1V29,14.375,14.309
2026-06-16,DI1X27,14.445,14.379
2026-06-16,DI1M27,14.422,14.387
2026-06-16,DI1J28,14.42,14.347
2026-06-16,DI1F31,14.296,14.251
2026-06-16,DI1F41,14.106,14.134
2026-06-16,DI1Q27,14.446,14.395
2026-06-16,DI1N30,14.331,14.282
2026-06-16,DI1Q26,14.21,14.213
2026-06-16,DI1J29,14.39,14.318
2026-06-16,DI1V30,14.306,14.259
2026-06-16,DI1F36,14.164,14.174
2026-06-16,DI1N31,14.275,14.239
2026-06-16,DI1F28,14.428,14.355
2026-06-16,DI1F38,14.156,14.184
2026-06-16,DI1U26,14.181,14.189
2026-06-15,DI1Z28,14.336,14.458
2026-06-15,DI1N26,14.255,14.282
2026-06-15,DI1J30,14.285,14.386
2026-06-15,DI1V31,14.24,14.314
2026-06-15,DI1J27,14.357,14.495
2026-06-15,DI1F27,14.251,14.351
2026-06-15,DI1F37,14.198,14.265
2026-06-15,DI1F32,14.259,14.331
2026-06-15,DI1F29,14.329,14.449
2026-06-15,DI1F39,14.154,14.216
2026-06-15,DI1H27,14.331,14.455
2026-06-15,DI1Z29,14.297,14.399
2026-06-15,DI1F34,14.216,14.286
2026-06-15,DI1N28,14.347,14.482
2026-06-15,DI1N27,14.4,14.558
2026-06-15,DI1X28,14.341,14.465
2026-06-15,DI1Z26,14.224,14.314
2026-06-15,DI1J31,14.235,14.314
2026-06-15,DI1V26,14.196,14.264
2026-06-15,DI1V28,14.346,14.472
2026-06-15,DI1F33,14.24,14.307
2026-06-15,DI1G27,14.291,14.404
2026-06-15,DI1X26,14.204,14.278
2026-06-15,DI1N29,14.325,14.429
2026-06-15,DI1K27,14.368,14.528
2026-06-15,DI1V27,14.401,14.561
2026-06-15,DI1F35,14.205,14.268
2026-06-15,DI1F30,14.297,14.395
2026-06-15,DI1F40,14.134,14.196
2026-06-15,DI1X29,14.301,14.407
2026-06-15,DI1Z27,14.362,14.523
2026-06-15,DI1V29,14.309,14.417
2026-06-15,DI1X27,14.379,14.542
2026-06-15,DI1M27,14.387,14.548
2026-06-15,DI1J28,14.347,14.489
2026-06-15,DI1F31,14.251,14.329
2026-06-15,DI1F41,14.134,14.196
2026-06-15,DI1Q27,14.395,14.557
2026-06-15,DI1N30,14.282,14.367
2026-06-15,DI1Q26,14.218,14.264
2026-06-15,DI1J29,14.318,14.427
2026-06-15,DI1V30,14.259,14.344
2026-06-15,DI1F36,14.174,14.248
2026-06-15,DI1N31,14.239,14.317
2026-06-15,DI1F28,14.355,14.512
2026-06-15,DI1F38,14.184,14.246
2026-06-15,DI1U26,14.193,14.251
2026-06-12,DI1Z28,14.458,14.559
2026-06-12,DI1N26,14.291,14.295
2026-06-12,DI1J30,14.386,14.53
2026-06-12,DI1V31,14.314,14.44
2026-06-12,DI1J27,14.495,14.485
2026-06-12,DI1F27,14.351,14.331
2026-06-12,DI1F37,14.265,14.356
2026-06-12,DI1F32,14.331,14.449
2026-06-12,DI1F29,14.449,14.559
2026-06-12,DI1F39,14.216,14.318
2026-06-12,DI1H27,14.455,14.44
2026-06-12,DI1Z29,14.399,14.52
2026-06-12,DI1F34,14.286,14.403
2026-06-12,DI1N28,14.482,14.557
2026-06-12,DI1N27,14.557,14.578
2026-06-12,DI1X28,14.465,14.563
2026-06-12,DI1Z26,14.315,14.29
2026-06-12,DI1J31,14.314,14.461
2026-06-12,DI1V26,14.266,14.243
2026-06-12,DI1V28,14.472,14.567
2026-06-12,DI1F33,14.307,14.434
2026-06-12,DI1G27,14.404,14.386
2026-06-12,DI1X26,14.279,14.263
2026-06-12,DI1N29,14.429,14.548
2026-06-12,DI1K27,14.527,14.518
2026-06-12,DI1V27,14.56,14.595
2026-06-12,DI1F35,14.268,14.379
2026-06-12,DI1F30,14.395,14.526
2026-06-12,DI1F40,14.196,14.298
2026-06-12,DI1X29,14.407,14.517
2026-06-12,DI1Z27,14.523,14.561
2026-06-12,DI1V29,14.417,14.538
2026-06-12,DI1X27,14.542,14.578
2026-06-12,DI1M27,14.547,14.555
2026-06-12,DI1J28,14.489,14.553
2026-06-12,DI1F31,14.329,14.462
2026-06-12,DI1F41,14.196,14.298
2026-06-12,DI1Q27,14.556,14.577
2026-06-12,DI1N30,14.367,14.517
2026-06-12,DI1Q26,14.268,14.271
2026-06-12,DI1J29,14.427,14.554
2026-06-12,DI1V30,14.344,14.495
2026-06-12,DI1F36,14.248,14.348
2026-06-12,DI1N31,14.317,14.441
2026-06-12,DI1F28,14.512,14.556
2026-06-12,DI1F38,14.246,14.348
2026-06-12,DI1U26,14.254,14.241
2026-06-11,DI1Z28,14.559,14.961
2026-06-11,DI1N26,14.302,14.352
2026-06-11,DI1J30,14.53,14.9
2026-06-11,DI1V31,14.44,14.812
2026-06-11,DI1J27,14.485,14.693
2026-06-11,DI1F27,14.331,14.481
2026-06-11,DI1F37,14.356,14.693
2026-06-11,DI1F32,14.449,14.821
2026-06-11,DI1F29,14.559,14.968
2026-06-11,DI1F39,14.318,14.655
2026-06-11,DI1H27,14.44,14.632
2026-06-11,DI1Z29,14.52,14.917
2026-06-11,DI1F34,14.403,14.754
2026-06-11,DI1N28,14.557,14.953
2026-06-11,DI1N27,14.577,14.844
2026-06-11,DI1X28,14.563,14.957
2026-06-11,DI1Z26,14.291,14.427
2026-06-11,DI1J31,14.461,14.822
2026-06-11,DI1V26,14.245,14.344
2026-06-11,DI1V28,14.567,14.963
2026-06-11,DI1F33,14.434,14.788
2026-06-11,DI1G27,14.386,14.556
2026-06-11,DI1X26,14.264,14.372
2026-06-11,DI1N29,14.548,14.953
2026-06-11,DI1K27,14.517,14.751
2026-06-11,DI1V27,14.594,14.912
2026-06-11,DI1F35,14.379,14.728
2026-06-11,DI1F30,14.526,14.922
2026-06-11,DI1F40,14.298,14.635
2026-06-11,DI1X29,14.517,14.916
2026-06-11,DI1Z27,14.561,14.901
2026-06-11,DI1V29,14.538,14.938
2026-06-11,DI1X27,14.577,14.905
2026-06-11,DI1M27,14.554,14.801
2026-06-11,DI1J28,14.553,14.93
2026-06-11,DI1F31,14.462,14.841
2026-06-11,DI1F41,14.298,14.635
2026-06-11,DI1Q27,14.576,14.861
2026-06-11,DI1N30,14.517,14.89
2026-06-11,DI1Q26,14.274,14.333
2026-06-11,DI1J29,14.554,14.955
2026-06-11,DI1V30,14.495,14.858
2026-06-11,DI1F36,14.348,14.692
2026-06-11,DI1N31,14.441,14.818
2026-06-11,DI1F28,14.556,14.907
2026-06-11,DI1F38,14.348,14.685
2026-06-11,DI1U26,14.244,14.324
2026-06-10,DI1Z28,14.96,14.963
2026-06-10,DI1N26,14.355,14.36
2026-06-10,DI1J30,14.899,14.881
2026-06-10,DI1V31,14.812,14.784
2026-06-10,DI1J27,14.692,14.71
2026-06-10,DI1F27,14.48,14.511
2026-06-10,DI1F37,14.693,14.704
2026-06-10,DI1F32,14.821,14.794
2026-06-10,DI1F29,14.967,14.968
2026-06-10,DI1F39,14.655,14.662
2026-06-10,DI1H27,14.631,14.651
2026-06-10,DI1Z29,14.916,14.912
2026-06-10,DI1F34,14.754,14.738
2026-06-10,DI1N28,14.952,14.969
2026-06-10,DI1N27,14.842,14.859
2026-06-10,DI1X28,14.956,14.969
2026-06-10,DI1Z26,14.427,14.472
2026-06-10,DI1J31,14.822,14.815
2026-06-10,DI1V26,14.345,14.371
2026-06-10,DI1V28,14.962,14.985
2026-06-10,DI1F33,14.788,14.762
2026-06-10,DI1G27,14.555,14.583
2026-06-10,DI1X26,14.372,14.406
2026-06-10,DI1N29,14.952,14.945
2026-06-10,DI1K27,14.749,14.768
2026-06-10,DI1V27,14.91,14.93
2026-06-10,DI1F35,14.728,14.72
2026-06-10,DI1F30,14.921,14.912
2026-06-10,DI1F40,14.635,14.642
2026-06-10,DI1X29,14.915,14.917
2026-06-10,DI1Z27,14.9,14.925
2026-06-10,DI1V29,14.937,14.944
2026-06-10,DI1X27,14.904,14.937
2026-06-10,DI1M27,14.799,14.81
2026-06-10,DI1J28,14.929,14.951
2026-06-10,DI1F31,14.841,14.809
2026-06-10,DI1F41,14.635,14.642
2026-06-10,DI1Q27,14.859,14.878
2026-06-10,DI1N30,14.89,14.874
2026-06-10,DI1Q26,14.335,14.345
2026-06-10,DI1J29,14.954,14.952
2026-06-10,DI1V30,14.858,14.834
2026-06-10,DI1F36,14.692,14.69
2026-06-10,DI1N31,14.818,14.79
2026-06-10,DI1F28,14.906,14.934
2026-06-10,DI1F38,14.685,14.692
2026-06-10,DI1U26,14.325,14.349
2026-06-09,DI1Z28,14.962,14.916
2026-06-09,DI1N26,14.362,14.357
2026-06-09,DI1J30,14.88,14.84
2026-06-09,DI1V31,14.784,14.743
2026-06-09,DI1J27,14.708,14.643
2026-06-09,DI1F27,14.51,14.473
2026-06-09,DI1F37,14.704,14.697
2026-06-09,DI1F32,14.794,14.753
2026-06-09,DI1F29,14.967,14.928
2026-06-09,DI1F39,14.662,14.675
2026-06-09,DI1H27,14.65,14.601
2026-06-09,DI1Z29,14.911,14.865
2026-06-09,DI1F34,14.738,14.706
2026-06-09,DI1N28,14.968,14.918
2026-06-09,DI1N27,14.857,14.77
2026-06-09,DI1X28,14.968,14.92
2026-06-09,DI1Z26,14.471,14.452
2026-06-09,DI1J31,14.815,14.75
2026-06-09,DI1V26,14.371,14.373
2026-06-09,DI1V28,14.984,14.935
2026-06-09,DI1F33,14.762,14.738
2026-06-09,DI1G27,14.582,14.533
2026-06-09,DI1X26,14.406,14.401
2026-06-09,DI1N29,14.944,14.904
2026-06-09,DI1K27,14.766,14.689
2026-06-09,DI1V27,14.928,14.851
2026-06-09,DI1F35,14.72,14.707
2026-06-09,DI1F30,14.911,14.864
2026-06-09,DI1F40,14.642,14.655
2026-06-09,DI1X29,14.916,14.871
2026-06-09,DI1Z27,14.924,14.852
2026-06-09,DI1V29,14.943,14.882
2026-06-09,DI1X27,14.935,14.848
2026-06-09,DI1M27,14.808,14.73
2026-06-09,DI1J28,14.95,14.892
2026-06-09,DI1F31,14.809,14.774
2026-06-09,DI1F41,14.642,14.655
2026-06-09,DI1Q27,14.876,14.789
2026-06-09,DI1N30,14.874,14.82
2026-06-09,DI1Q26,14.346,14.338
2026-06-09,DI1J29,14.951,14.907
2026-06-09,DI1V30,14.834,14.785
2026-06-09,DI1F36,14.69,14.685
2026-06-09,DI1N31,14.79,14.748
2026-06-09,DI1F28,14.933,14.869
2026-06-09,DI1F38,14.692,14.705
2026-06-09,DI1U26,14.35,14.348
2026-06-08,DI1Z28,14.915,14.732
2026-06-08,DI1N26,14.359,14.358
2026-06-08,DI1J30,14.84,14.694
2026-06-08,DI1V31,14.743,14.642
2026-06-08,DI1J27,14.642,14.493
2026-06-08,DI1F27,14.472,14.392
2026-06-08,DI1F37,14.697,14.667
2026-06-08,DI1F32,14.753,14.656
2026-06-08,DI1F29,14.927,14.741
2026-06-08,DI1F39,14.675,14.622
2026-06-08,DI1H27,14.6,14.469
2026-06-08,DI1Z29,14.864,14.718
2026-06-08,DI1F34,14.706,14.649
2026-06-08,DI1N28,14.917,14.706
2026-06-08,DI1N27,14.769,14.571
2026-06-08,DI1X28,14.919,14.734
2026-06-08,DI1Z26,14.452,14.397
2026-06-08,DI1J31,14.75,14.647
2026-06-08,DI1V26,14.373,14.364
2026-06-08,DI1V28,14.934,14.728
2026-06-08,DI1F33,14.738,14.658
2026-06-08,DI1G27,14.532,14.427
2026-06-08,DI1X26,14.401,14.373
2026-06-08,DI1N29,14.903,14.742
2026-06-08,DI1K27,14.688,14.525
2026-06-08,DI1V27,14.85,14.624
2026-06-08,DI1F35,14.707,14.652
2026-06-08,DI1F30,14.863,14.718
2026-06-08,DI1F40,14.655,14.602
2026-06-08,DI1X29,14.87,14.723
2026-06-08,DI1Z27,14.851,14.631
2026-06-08,DI1V29,14.881,14.723
2026-06-08,DI1X27,14.847,14.626
2026-06-08,DI1M27,14.729,14.552
2026-06-08,DI1J28,14.891,14.677
2026-06-08,DI1F31,14.774,14.65
2026-06-08,DI1F41,14.655,14.602
2026-06-08,DI1Q27,14.788,14.582
2026-06-08,DI1N30,14.82,14.69
2026-06-08,DI1Q26,14.339,14.336
2026-06-08,DI1J29,14.906,14.736
2026-06-08,DI1V30,14.785,14.653
2026-06-08,DI1F36,14.685,14.639
2026-06-08,DI1N31,14.748,14.645
2026-06-08,DI1F28,14.868,14.645
2026-06-08,DI1F38,14.705,14.652
2026-06-08,DI1U26,14.349,14.348
2026-06-05,DI1Z28,14.731,14.42
2026-06-05,DI1N26,14.36,14.339
2026-06-05,DI1J30,14.694,14.431
2026-06-05,DI1V31,14.642,14.417
2026-06-05,DI1J27,14.493,14.343
2026-06-05,DI1F27,14.392,14.295
2026-06-05,DI1F37,14.667,14.468
2026-06-05,DI1F32,14.656,14.434
2026-06-05,DI1F29,14.74,14.427
2026-06-05,DI1F39,14.622,14.415
2026-06-05,DI1H27,14.469,14.336
2026-06-05,DI1Z29,14.718,14.439
2026-06-05,DI1F34,14.649,14.447
2026-06-05,DI1N28,14.705,14.406
2026-06-05,DI1N27,14.57,14.376
2026-06-05,DI1X28,14.733,14.421
2026-06-05,DI1Z26,14.397,14.308
2026-06-05,DI1J31,14.647,14.399
2026-06-05,DI1V26,14.364,14.292
2026-06-05,DI1V28,14.727,14.424
2026-06-05,DI1F33,14.658,14.452
2026-06-05,DI1G27,14.427,14.312
2026-06-05,DI1X26,14.373,14.293
2026-06-05,DI1N29,14.742,14.443
2026-06-05,DI1K27,14.524,14.354
2026-06-05,DI1V27,14.623,14.388
2026-06-05,DI1F35,14.652,14.448
2026-06-05,DI1F30,14.718,14.445
2026-06-05,DI1F40,14.602,14.395
2026-06-05,DI1X29,14.723,14.437
2026-06-05,DI1Z27,14.63,14.371
2026-06-05,DI1V29,14.723,14.443
2026-06-05,DI1X27,14.625,14.377
2026-06-05,DI1M27,14.551,14.371
2026-06-05,DI1J28,14.676,14.385
2026-06-05,DI1F31,14.65,14.409
2026-06-05,DI1F41,14.602,14.395
2026-06-05,DI1Q27,14.581,14.371
2026-06-05,DI1N30,14.69,14.432
2026-06-05,DI1Q26,14.337,14.302
2026-06-05,DI1J29,14.736,14.435
2026-06-05,DI1V30,14.653,14.412
2026-06-05,DI1F36,14.639,14.438
2026-06-05,DI1N31,14.645,14.412
2026-06-05,DI1F28,14.644,14.375
2026-06-05,DI1F38,14.652,14.445
2026-06-05,DI1U26,14.349,14.286
2026-06-03,DI1Z28,14.42,14.048
2026-06-03,DI1N26,14.342,14.32
2026-06-03,DI1J30,14.431,14.07
2026-06-03,DI1V31,14.417,14.084
2026-06-03,DI1J27,14.343,14.164
2026-06-03,DI1F27,14.296,14.168
2026-06-03,DI1F37,14.468,14.132
2026-06-03,DI1F32,14.434,14.109
2026-06-03,DI1F29,14.427,14.053
2026-06-03,DI1F39,14.415,14.079
2026-06-03,DI1H27,14.336,14.172
2026-06-03,DI1Z29,14.439,14.064
2026-06-03,DI1F34,14.447,14.133
2026-06-03,DI1N28,14.406,14.05
2026-06-03,DI1N27,14.376,14.147
2026-06-03,DI1X28,14.421,14.051
2026-06-03,DI1Z26,14.309,14.191
2026-06-03,DI1J31,14.399,14.067
2026-06-03,DI1V26,14.293,14.209
2026-06-03,DI1V28,14.424,14.055
2026-06-03,DI1F33,14.452,14.132
2026-06-03,DI1G27,14.313,14.167
2026-06-03,DI1X26,14.294,14.195
2026-06-03,DI1N29,14.443,14.069
2026-06-03,DI1K27,14.354,14.157
2026-06-03,DI1V27,14.388,14.119
2026-06-03,DI1F35,14.448,14.127
2026-06-03,DI1F30,14.445,14.069
2026-06-03,DI1F40,14.395,14.059
2026-06-03,DI1X29,14.437,14.064
2026-06-03,DI1Z27,14.371,14.076
2026-06-03,DI1V29,14.443,14.071
2026-06-03,DI1X27,14.377,14.096
2026-06-03,DI1M27,14.371,14.154
2026-06-03,DI1J28,14.385,14.052
2026-06-03,DI1F31,14.409,14.063
2026-06-03,DI1F41,14.395,14.059
2026-06-03,DI1Q27,14.371,14.128
2026-06-03,DI1N30,14.432,14.072
2026-06-03,DI1Q26,14.304,14.272
2026-06-03,DI1J29,14.435,14.058
2026-06-03,DI1V30,14.412,14.061
2026-06-03,DI1F36,14.438,14.114
2026-06-03,DI1N31,14.412,14.075
2026-06-03,DI1F28,14.375,14.067
2026-06-03,DI1F38,14.445,14.109
2026-06-03,DI1U26,14.288,14.23
2026-06-02,DI1Z28,14.049,13.977
2026-06-02,DI1N26,14.324,14.325
2026-06-02,DI1J30,14.07,13.961
2026-06-02,DI1V31,14.084,13.979
2026-06-02,DI1J27,14.165,14.168
2026-06-02,DI1F27,14.17,14.175
2026-06-02,DI1F37,14.132,14.029
2026-06-02,DI1F32,14.109,14.003
2026-06-02,DI1F29,14.054,13.98
2026-06-02,DI1F39,14.079,13.976
2026-06-02,DI1H27,14.173,14.178
2026-06-02,DI1Z29,14.064,13.968
2026-06-02,DI1F34,14.133,14.027
2026-06-02,DI1N28,14.051,14
2026-06-02,DI1N27,14.148,14.145
2026-06-02,DI1X28,14.052,13.986
2026-06-02,DI1Z26,14.193,14.19
2026-06-02,DI1J31,14.067,13.958
2026-06-02,DI1V26,14.211,14.212
2026-06-02,DI1V28,14.056,13.993
2026-06-02,DI1F33,14.132,14.026
2026-06-02,DI1G27,14.168,14.173
2026-06-02,DI1X26,14.197,14.196
2026-06-02,DI1N29,14.069,13.98
2026-06-02,DI1K27,14.158,14.161
2026-06-02,DI1V27,14.12,14.108
2026-06-02,DI1F35,14.127,14.021
2026-06-02,DI1F30,14.069,13.971
2026-06-02,DI1F40,14.059,13.956
2026-06-02,DI1X29,14.064,13.97
2026-06-02,DI1Z27,14.077,14.056
2026-06-02,DI1V29,14.071,13.977
2026-06-02,DI1X27,14.097,14.079
2026-06-02,DI1M27,14.155,14.149
2026-06-02,DI1J28,14.053,14.016
2026-06-02,DI1F31,14.063,13.96
2026-06-02,DI1F41,14.059,13.956
2026-06-02,DI1Q27,14.129,14.122
2026-06-02,DI1N30,14.072,13.978
2026-06-02,DI1Q26,14.275,14.279
2026-06-02,DI1J29,14.058,13.977
2026-06-02,DI1V30,14.061,13.959
2026-06-02,DI1F36,14.114,14.007
2026-06-02,DI1N31,14.075,13.971
2026-06-02,DI1F28,14.068,14.045
2026-06-02,DI1F38,14.109,14.006
2026-06-02,DI1U26,14.233,14.228
2026-06-01,DI1Z28,13.978,13.836
2026-06-01,DI1N26,14.329,14.316
2026-06-01,DI1J30,13.961,13.871
2026-06-01,DI1V31,13.979,13.914
2026-06-01,DI1J27,14.169,14.053
2026-06-01,DI1F27,14.176,14.083
2026-06-01,DI1F37,14.029,13.993
2026-06-01,DI1F32,14.003,13.938
2026-06-01,DI1F29,13.981,13.841
2026-06-01,DI1F39,13.976,13.94
2026-06-01,DI1H27,14.179,14.07
2026-06-01,DI1Z29,13.968,13.865
2026-06-01,DI1F34,14.027,13.977
2026-06-01,DI1N28,14.001,13.846
2026-06-01,DI1N27,14.146,14.007
2026-06-01,DI1X28,13.987,13.849
2026-06-01,DI1Z26,14.192,14.121
2026-06-01,DI1J31,13.958,13.888
2026-06-01,DI1V26,14.214,14.163
2026-06-01,DI1V28,13.994,13.849
2026-06-01,DI1F33,14.026,13.971
2026-06-01,DI1G27,14.174,14.074
2026-06-01,DI1X26,14.198,14.133
2026-06-01,DI1N29,13.981,13.861
2026-06-01,DI1K27,14.162,14.038
2026-06-01,DI1V27,14.109,13.953
2026-06-01,DI1F35,14.021,13.976
2026-06-01,DI1F30,13.971,13.869
2026-06-01,DI1F40,13.956,13.92
2026-06-01,DI1X29,13.97,13.865
2026-06-01,DI1Z27,14.057,13.904
2026-06-01,DI1V29,13.978,13.867
2026-06-01,DI1X27,14.08,13.927
2026-06-01,DI1M27,14.15,14.023
2026-06-01,DI1J28,14.017,13.857
2026-06-01,DI1F31,13.96,13.884
2026-06-01,DI1F41,13.956,13.92
2026-06-01,DI1Q27,14.123,13.982
2026-06-01,DI1N30,13.978,13.886
2026-06-01,DI1Q26,14.282,14.258
2026-06-01,DI1M26,14.4,14.4
2026-06-01,DI1J29,13.978,13.85
2026-06-01,DI1V30,13.959,13.874
2026-06-01,DI1F36,14.007,13.964
2026-06-01,DI1N31,13.971,13.903
2026-06-01,DI1F28,14.046,13.888
2026-06-01,DI1F38,14.006,13.97
2026-06-01,DI1U26,14.231,14.202
2026-05-29,DI1Z28,13.837,13.798
2026-05-29,DI1N26,14.32,14.318
2026-05-29,DI1J30,13.872,13.867
2026-05-29,DI1V31,13.914,13.929
2026-05-29,DI1J27,14.055,14.007
2026-05-29,DI1F27,14.085,14.053
2026-05-29,DI1F37,13.993,14.007
2026-05-29,DI1F32,13.938,13.951
2026-05-29,DI1F29,13.842,13.805
2026-05-29,DI1F39,13.94,13.956
2026-05-29,DI1H27,14.072,14.031
2026-05-29,DI1Z29,13.866,13.856
2026-05-29,DI1F34,13.977,14.003
2026-05-29,DI1N28,13.847,13.797
2026-05-29,DI1N27,14.008,13.952
2026-05-29,DI1X28,13.85,13.805
2026-05-29,DI1Z26,14.123,14.093
2026-05-29,DI1J31,13.888,13.895
2026-05-29,DI1V26,14.166,14.144
2026-05-29,DI1V28,13.85,13.804
2026-05-29,DI1F33,13.971,13.992
2026-05-29,DI1G27,14.076,14.039
2026-05-29,DI1X26,14.135,14.114
2026-05-29,DI1N29,13.862,13.842
2026-05-29,DI1K27,14.04,13.99
2026-05-29,DI1V27,13.954,13.895
2026-05-29,DI1F35,13.976,14
2026-05-29,DI1F30,13.87,13.863
2026-05-29,DI1F40,13.92,13.936
2026-05-29,DI1X29,13.866,13.853
2026-05-29,DI1Z27,13.905,13.837
2026-05-29,DI1V29,13.868,13.852
2026-05-29,DI1X27,13.928,13.863
2026-05-29,DI1J28,13.858,13.803
2026-05-29,DI1F31,13.884,13.895
2026-05-29,DI1F41,13.92,13.936
2026-05-29,DI1Q27,13.983,13.924
2026-05-29,DI1N30,13.887,13.887
2026-05-29,DI1Q26,14.261,14.254
2026-05-29,DI1M26,14.4,14.397
2026-05-29,DI1J29,13.851,13.819
2026-05-29,DI1V30,13.874,13.878
2026-05-29,DI1F36,13.964,13.99
2026-05-29,DI1N31,13.903,13.915
2026-05-29,DI1F28,13.889,13.824
2026-05-29,DI1F38,13.97,13.986
2026-05-29,DI1U26,14.205,14.189
2026-05-28,DI1Z28,13.799,13.812
2026-05-28,DI1N26,14.321,14.324
2026-05-28,DI1J30,13.868,13.88
2026-05-28,DI1V31,13.929,13.944
2026-05-28,DI1J27,14.009,14.019
2026-05-28,DI1F27,14.055,14.057
2026-05-28,DI1F37,14.007,14.016
2026-05-28,DI1F32,13.951,13.975
2026-05-28,DI1F29,13.806,13.818
2026-05-28,DI1F39,13.956,13.965
2026-05-28,DI1H27,14.033,14.039
2026-05-28,DI1Z29,13.857,13.87
2026-05-28,DI1F34,14.003,14.004
2026-05-28,DI1N28,13.798,13.819
2026-05-28,DI1N27,13.954,13.968
2026-05-28,DI1X28,13.806,13.818
2026-05-28,DI1Z26,14.095,14.097
2026-05-28,DI1J31,13.895,13.915
2026-05-28,DI1V26,14.147,14.151
2026-05-28,DI1V28,13.805,13.818
2026-05-28,DI1F33,13.992,14.002
2026-05-28,DI1G27,14.041,14.051
2026-05-28,DI1X26,14.117,14.118
2026-05-28,DI1N29,13.843,13.857
2026-05-28,DI1K27,13.992,14
2026-05-28,DI1V27,13.896,13.912
2026-05-28,DI1F35,14,14.005
2026-05-28,DI1F30,13.864,13.877
2026-05-28,DI1F40,13.936,13.945
2026-05-28,DI1X29,13.854,13.866
2026-05-28,DI1Z27,13.838,13.863
2026-05-28,DI1V29,13.853,13.866
2026-05-28,DI1X27,13.864,13.888
2026-05-28,DI1J28,13.804,13.821
2026-05-28,DI1F31,13.895,13.909
2026-05-28,DI1F41,13.936,13.945
2026-05-28,DI1Q27,13.926,13.933
2026-05-28,DI1N30,13.887,13.901
2026-05-28,DI1Q26,14.257,14.261
2026-05-28,DI1M26,14.396,14.394
2026-05-28,DI1J29,13.82,13.836
2026-05-28,DI1V30,13.878,13.893
2026-05-28,DI1F36,13.99,13.991
2026-05-28,DI1N31,13.915,13.936
2026-05-28,DI1F28,13.825,13.848
2026-05-28,DI1F38,13.986,13.995
2026-05-28,DI1U26,14.192,14.195
2026-05-27,DI1Z28,13.813,13.792
2026-05-27,DI1N26,14.327,14.327
2026-05-27,DI1J30,13.881,13.874
2026-05-27,DI1V31,13.944,13.941
2026-05-27,DI1J27,14.021,14.009
2026-05-27,DI1F27,14.059,14.055
2026-05-27,DI1F37,14.016,13.993
2026-05-27,DI1F32,13.975,13.969
2026-05-27,DI1F29,13.819,13.798
2026-05-27,DI1F39,13.965,13.966
2026-05-27,DI1H27,14.041,14.031
2026-05-27,DI1Z29,13.871,13.861
2026-05-27,DI1F34,14.004,13.996
2026-05-27,DI1N28,13.82,13.787
2026-05-27,DI1N27,13.97,13.949
2026-05-27,DI1X28,13.819,13.795
2026-05-27,DI1Z26,14.099,14.096
2026-05-27,DI1J31,13.915,13.907
2026-05-27,DI1V26,14.154,14.152
2026-05-27,DI1V28,13.819,13.795
2026-05-27,DI1F33,14.002,13.99
2026-05-27,DI1G27,14.053,14.041
2026-05-27,DI1X26,14.121,14.117
2026-05-27,DI1N29,13.858,13.841
2026-05-27,DI1K27,14.002,13.988
2026-05-27,DI1V27,13.913,13.891
2026-05-27,DI1F35,14.005,13.988
2026-05-27,DI1F30,13.878,13.867
2026-05-27,DI1F40,13.945,13.949
2026-05-27,DI1X29,13.867,13.858
2026-05-27,DI1Z27,13.864,13.834
2026-05-27,DI1V29,13.867,13.856
2026-05-27,DI1X27,13.889,13.86
2026-05-27,DI1J28,13.822,13.797
2026-05-27,DI1F31,13.909,13.907
2026-05-27,DI1F41,13.945,13.956
2026-05-27,DI1Q27,13.935,13.92
2026-05-27,DI1N30,13.901,13.897
2026-05-27,DI1Q26,14.264,14.264
2026-05-27,DI1M26,14.394,14.396
2026-05-27,DI1J29,13.837,13.818
2026-05-27,DI1V30,13.893,13.892
2026-05-27,DI1F36,13.991,13.971
2026-05-27,DI1N31,13.936,13.927
2026-05-27,DI1F28,13.849,13.819
2026-05-27,DI1F38,13.995,13.984
2026-05-27,DI1U26,14.198,14.202
2026-05-26,DI1Z28,13.793,13.666
2026-05-26,DI1N26,14.33,14.322
2026-05-26,DI1J30,13.875,13.764
2026-05-26,DI1V31,13.941,13.841
2026-05-26,DI1J27,14.011,13.937
2026-05-26,DI1F27,14.057,14.006
2026-05-26,DI1F37,13.993,13.905
2026-05-26,DI1F32,13.969,13.87
2026-05-26,DI1F29,13.799,13.674
2026-05-26,DI1F39,13.966,13.867
2026-05-26,DI1H27,14.033,13.968
2026-05-26,DI1Z29,13.862,13.748
2026-05-26,DI1F34,13.996,13.908
2026-05-26,DI1N28,13.788,13.66
2026-05-26,DI1N27,13.951,13.858
2026-05-26,DI1X28,13.796,13.671
2026-05-26,DI1Z26,14.098,14.057
2026-05-26,DI1J31,13.907,13.81
2026-05-26,DI1V26,14.155,14.127
2026-05-26,DI1V28,13.796,13.666
2026-05-26,DI1F33,13.99,13.899
2026-05-26,DI1G27,14.043,13.983
2026-05-26,DI1X26,14.12,14.085
2026-05-26,DI1N29,13.842,13.724
2026-05-26,DI1K27,13.99,13.908
2026-05-26,DI1V27,13.892,13.782
2026-05-26,DI1F35,13.988,13.905
2026-05-26,DI1F30,13.868,13.754
2026-05-26,DI1F40,13.949,13.85
2026-05-26,DI1X29,13.859,13.744
2026-05-26,DI1Z27,13.835,13.718
2026-05-26,DI1V29,13.857,13.742
2026-05-26,DI1X27,13.861,13.747
2026-05-26,DI1J28,13.798,13.666
2026-05-26,DI1F31,13.907,13.801
2026-05-26,DI1F41,13.956,13.857
2026-05-26,DI1Q27,13.922,13.823
2026-05-26,DI1N30,13.897,13.79
2026-05-26,DI1Q26,14.267,14.25
2026-05-26,DI1M26,14.397,14.398
2026-05-26,DI1J29,13.819,13.694
2026-05-26,DI1V30,13.892,13.782
2026-05-26,DI1F36,13.971,13.89
2026-05-26,DI1N31,13.927,13.828
2026-05-26,DI1F28,13.82,13.698
2026-05-26,DI1F38,13.984,13.885
2026-05-26,DI1U26,14.205,14.177
2026-05-25,DI1Z28,13.667,13.843
2026-05-25,DI1N26,14.325,14.332
2026-05-25,DI1J30,13.765,13.941
2026-05-25,DI1V31,13.841,14.01
2026-05-25,DI1J27,13.939,14.028
2026-05-25,DI1F27,14.009,14.077
2026-05-25,DI1F37,13.905,14.064
2026-05-25,DI1F32,13.87,14.05
2026-05-25,DI1F29,13.675,13.851
2026-05-25,DI1F39,13.867,14.038
2026-05-25,DI1H27,13.97,14.051
2026-05-25,DI1Z29,13.749,13.926
2026-05-25,DI1F34,13.908,14.063
2026-05-25,DI1N28,13.661,13.826
2026-05-25,DI1N27,13.86,13.972
2026-05-25,DI1X28,13.672,13.843
2026-05-25,DI1Z26,14.06,14.116
2026-05-25,DI1J31,13.81,13.975
2026-05-25,DI1V26,14.13,14.168
2026-05-25,DI1V28,13.667,13.834
2026-05-25,DI1F33,13.899,14.063
2026-05-25,DI1G27,13.985,14.063
2026-05-25,DI1X26,14.088,14.137
2026-05-25,DI1N29,13.725,13.9
2026-05-25,DI1K27,13.91,14.007
2026-05-25,DI1V27,13.784,13.91
2026-05-25,DI1F35,13.905,14.064
2026-05-25,DI1F30,13.755,13.93
2026-05-25,DI1F40,13.85,14.021
2026-05-25,DI1X29,13.745,13.925
2026-05-25,DI1Z27,13.72,13.844
2026-05-25,DI1V29,13.743,13.922
2026-05-25,DI1X27,13.749,13.878
2026-05-25,DI1J28,13.668,13.818
2026-05-25,DI1F31,13.802,13.97
2026-05-25,DI1F41,13.857,14.028
2026-05-25,DI1Q27,13.825,13.941
2026-05-25,DI1N30,13.791,13.965
2026-05-25,DI1Q26,14.253,14.267
2026-05-25,DI1M26,14.398,14.401
2026-05-25,DI1J29,13.695,13.878
2026-05-25,DI1V30,13.783,13.959
2026-05-25,DI1F36,13.89,14.046
2026-05-25,DI1N31,13.828,13.995
2026-05-25,DI1F28,13.7,13.835
2026-05-25,DI1F38,13.885,14.056
2026-05-25,DI1U26,14.18,14.211
2026-05-22,DI1Z28,13.844,13.836
2026-05-22,DI1N26,14.334,14.329
2026-05-22,DI1J30,13.941,13.968
2026-05-22,DI1V31,14.01,14.059
2026-05-22,DI1J27,14.03,13.995
2026-05-22,DI1F27,14.079,14.043
2026-05-22,DI1F37,14.064,14.135
2026-05-22,DI1F32,14.05,14.087
2026-05-22,DI1F29,13.852,13.844
2026-05-22,DI1F39,14.038,14.112
2026-05-22,DI1H27,14.053,14.017
2026-05-22,DI1Z29,13.927,13.947
2026-05-22,DI1F34,14.063,14.134
2026-05-22,DI1N28,13.827,13.806
2026-05-22,DI1N27,13.974,13.937
2026-05-22,DI1X28,13.844,13.83
2026-05-22,DI1Z26,14.118,14.085
2026-05-22,DI1J31,13.975,14.022
2026-05-22,DI1V26,14.17,14.138
2026-05-22,DI1V28,13.835,13.827
2026-05-22,DI1F33,14.063,14.12
2026-05-22,DI1G27,14.065,14.029
2026-05-22,DI1X26,14.139,14.106
2026-05-22,DI1N29,13.901,13.912
2026-05-22,DI1K27,14.009,13.979
2026-05-22,DI1V27,13.911,13.874
2026-05-22,DI1F35,14.064,14.129
2026-05-22,DI1F30,13.931,13.956
2026-05-22,DI1F40,14.021,14.095
2026-05-22,DI1X29,13.926,13.942
2026-05-22,DI1Z27,13.845,13.816
2026-05-22,DI1V29,13.923,13.938
2026-05-22,DI1X27,13.879,13.844
2026-05-22,DI1J28,13.819,13.791
2026-05-22,DI1F31,13.97,14.012
2026-05-22,DI1F41,14.028,14.102
2026-05-22,DI1Q27,13.943,13.905
2026-05-22,DI1N30,13.965,14.001
2026-05-22,DI1Q26,14.27,14.261
2026-05-22,DI1M26,14.4,14.401
2026-05-22,DI1J29,13.879,13.879
2026-05-22,DI1V30,13.959,13.997
2026-05-22,DI1F36,14.046,14.117
2026-05-22,DI1N31,13.995,14.044
2026-05-22,DI1F28,13.836,13.802
2026-05-22,DI1F38,14.056,14.13
2026-05-22,DI1U26,14.214,14.189
2026-05-21,DI1Z28,13.837,13.903
2026-05-21,DI1N26,14.331,14.337
2026-05-21,DI1J30,13.968,14.032
2026-05-21,DI1V31,14.059,14.117
2026-05-21,DI1J27,13.997,14.019
2026-05-21,DI1F27,14.045,14.057
2026-05-21,DI1F37,14.135,14.177
2026-05-21,DI1F32,14.087,14.142
2026-05-21,DI1F29,13.845,13.912
2026-05-21,DI1F39,14.112,14.138
2026-05-21,DI1H27,14.019,14.04
2026-05-21,DI1Z29,13.948,14.013
2026-05-21,DI1F34,14.134,14.178
2026-05-21,DI1N28,13.807,13.871
2026-05-21,DI1N27,13.939,13.98
2026-05-21,DI1X28,13.831,13.898
2026-05-21,DI1Z26,14.087,14.097
2026-05-21,DI1J31,14.022,14.082
2026-05-21,DI1V26,14.141,14.147
2026-05-21,DI1V28,13.828,13.889
2026-05-21,DI1F33,14.12,14.173
2026-05-21,DI1G27,14.031,14.045
2026-05-21,DI1X26,14.109,14.119
2026-05-21,DI1N29,13.913,13.977
2026-05-21,DI1K27,13.981,14.005
2026-05-21,DI1V27,13.876,13.93
2026-05-21,DI1F35,14.129,14.17
2026-05-21,DI1F30,13.956,14.021
2026-05-21,DI1F40,14.095,14.121
2026-05-21,DI1X29,13.943,14.007
2026-05-21,DI1Z27,13.818,13.877
2026-05-21,DI1V29,13.939,14.005
2026-05-21,DI1X27,13.846,13.902
2026-05-21,DI1J28,13.792,13.854
2026-05-21,DI1F31,14.012,14.076
2026-05-21,DI1F41,14.102,14.128
2026-05-21,DI1Q27,13.907,13.952
2026-05-21,DI1N30,14.001,14.057
2026-05-21,DI1Q26,14.264,14.27
2026-05-21,DI1M26,14.4,14.4
2026-05-21,DI1J29,13.88,13.951
2026-05-21,DI1V30,13.997,14.056
2026-05-21,DI1F36,14.117,14.157
2026-05-21,DI1N31,14.044,14.102
2026-05-21,DI1F28,13.803,13.862
2026-05-21,DI1F38,14.13,14.156
2026-05-21,DI1U26,14.192,14.195
2026-05-20,DI1Z28,13.904,14.117
2026-05-20,DI1N26,14.339,14.346
2026-05-20,DI1J30,14.032,14.249
2026-05-20,DI1V31,14.117,14.318
2026-05-20,DI1J27,14.021,14.134
2026-05-20,DI1F27,14.059,14.148
2026-05-20,DI1F37,14.177,14.354
2026-05-20,DI1F32,14.142,14.345
2026-05-20,DI1F29,13.913,14.132
2026-05-20,DI1F39,14.138,14.315
2026-05-20,DI1H27,14.042,14.147
2026-05-20,DI1Z29,14.013,14.229
2026-05-20,DI1F34,14.178,14.37
2026-05-20,DI1N28,13.872,14.08
2026-05-20,DI1N27,13.981,14.123
2026-05-20,DI1X28,13.899,14.113
2026-05-20,DI1Z26,14.099,14.179
2026-05-20,DI1J31,14.082,14.3
2026-05-20,DI1V26,14.15,14.209
2026-05-20,DI1V28,13.89,14.108
2026-05-20,DI1F33,14.173,14.37
2026-05-20,DI1G27,14.047,14.147
2026-05-20,DI1X26,14.121,14.189
2026-05-20,DI1N29,13.978,14.196
2026-05-20,DI1K27,14.007,14.122
2026-05-20,DI1V27,13.931,14.102
2026-05-20,DI1F35,14.17,14.356
2026-05-20,DI1F30,14.021,14.237
2026-05-20,DI1F40,14.121,14.298
2026-05-20,DI1X29,14.007,14.223
2026-05-20,DI1Z27,13.878,14.063
2026-05-20,DI1V29,14.005,14.22
2026-05-20,DI1X27,13.903,14.082
2026-05-20,DI1J28,13.855,14.055
2026-05-20,DI1F31,14.076,14.285
2026-05-20,DI1F41,14.128,14.305
2026-05-20,DI1Q27,13.953,14.107
2026-05-20,DI1N30,14.057,14.27
2026-05-20,DI1Q26,14.272,14.293
2026-05-20,DI1M26,14.4,14.401
2026-05-20,DI1J29,13.952,14.163
2026-05-20,DI1V30,14.056,14.267
2026-05-20,DI1F36,14.157,14.341
2026-05-20,DI1N31,14.102,14.306
2026-05-20,DI1F28,13.863,14.054
2026-05-20,DI1F38,14.156,14.333
2026-05-20,DI1U26,14.198,14.243
2026-05-19,DI1Z28,14.117,14.056
2026-05-19,DI1N26,14.348,14.357
2026-05-19,DI1J30,14.249,14.156
2026-05-19,DI1V31,14.318,14.209
2026-05-19,DI1J27,14.135,14.133
2026-05-19,DI1F27,14.15,14.157
2026-05-19,DI1F37,14.354,14.251
2026-05-19,DI1F32,14.345,14.237
2026-05-19,DI1F29,14.132,14.068
2026-05-19,DI1F39,14.315,14.212
2026-05-19,DI1H27,14.148,14.15
2026-05-19,DI1Z29,14.229,14.143
2026-05-19,DI1F34,14.37,14.26
2026-05-19,DI1N28,14.081,14.036
2026-05-19,DI1N27,14.124,14.117
2026-05-19,DI1X28,14.113,14.054
2026-05-19,DI1Z26,14.181,14.189
2026-05-19,DI1J31,14.3,14.183
2026-05-19,DI1V26,14.211,14.221
2026-05-19,DI1V28,14.108,14.053
2026-05-19,DI1F33,14.37,14.255
2026-05-19,DI1G27,14.148,14.15
2026-05-19,DI1X26,14.191,14.2
2026-05-19,DI1N29,14.196,14.117
2026-05-19,DI1K27,14.123,14.126
2026-05-19,DI1V27,14.103,14.093
2026-05-19,DI1F35,14.356,14.25
2026-05-19,DI1F30,14.237,14.15
2026-05-19,DI1F40,14.298,14.195
2026-05-19,DI1X29,14.223,14.139
2026-05-19,DI1Z27,14.064,14.047
2026-05-19,DI1V29,14.22,14.138
2026-05-19,DI1X27,14.083,14.068
2026-05-19,DI1J28,14.056,14.028
2026-05-19,DI1F31,14.285,14.185
2026-05-19,DI1F41,14.305,14.202
2026-05-19,DI1Q27,14.108,14.098
2026-05-19,DI1N30,14.27,14.173
2026-05-19,DI1Q26,14.295,14.308
2026-05-19,DI1M26,14.4,14.401
2026-05-19,DI1J29,14.163,14.093
2026-05-19,DI1V30,14.267,14.168
2026-05-19,DI1F36,14.341,14.235
2026-05-19,DI1N31,14.306,14.198
2026-05-19,DI1F28,14.055,14.038
2026-05-19,DI1F38,14.333,14.23
2026-05-19,DI1U26,14.245,14.25
2026-05-18,DI1Z28,14.057,14.15
2026-05-18,DI1N26,14.358,14.371
2026-05-18,DI1J30,14.156,14.232
2026-05-18,DI1V31,14.209,14.265
2026-05-18,DI1J27,14.134,14.211
2026-05-18,DI1F27,14.159,14.227
2026-05-18,DI1F37,14.251,14.278
2026-05-18,DI1F32,14.237,14.282
2026-05-18,DI1F29,14.069,14.16
2026-05-18,DI1F39,14.212,14.239
2026-05-18,DI1H27,14.151,14.225
2026-05-18,DI1Z29,14.143,14.225
2026-05-18,DI1F34,14.26,14.297
2026-05-18,DI1N28,14.037,14.133
2026-05-18,DI1N27,14.118,14.201
2026-05-18,DI1X28,14.055,14.148
2026-05-18,DI1Z26,14.191,14.255
2026-05-18,DI1J31,14.183,14.264
2026-05-18,DI1V26,14.223,14.27
2026-05-18,DI1V28,14.054,14.148
2026-05-18,DI1F33,14.255,14.3
2026-05-18,DI1G27,14.151,14.225
2026-05-18,DI1X26,14.202,14.254
2026-05-18,DI1N29,14.117,14.209
2026-05-18,DI1K27,14.127,14.209
2026-05-18,DI1V27,14.094,14.179
2026-05-18,DI1F35,14.25,14.282
2026-05-18,DI1F30,14.15,14.23
2026-05-18,DI1F40,14.195,14.222
2026-05-18,DI1X29,14.139,14.223
2026-05-18,DI1Z27,14.048,14.139
2026-05-18,DI1V29,14.138,14.224
2026-05-18,DI1X27,14.069,14.159
2026-05-18,DI1J28,14.029,14.127
2026-05-18,DI1F31,14.185,14.251
2026-05-18,DI1F41,14.202,14.229
2026-05-18,DI1Q27,14.099,14.182
2026-05-18,DI1N30,14.173,14.251
2026-05-18,DI1Q26,14.31,14.329
2026-05-18,DI1M26,14.401,14.403
2026-05-18,DI1J29,14.093,14.185
2026-05-18,DI1V30,14.168,14.24
2026-05-18,DI1F36,14.235,14.26
2026-05-18,DI1N31,14.198,14.259
2026-05-18,DI1F28,14.039,14.131
2026-05-18,DI1F38,14.23,14.257
2026-05-18,DI1U26,14.252,14.29
2026-05-15,DI1Z28,14.15,13.967
2026-05-15,DI1N26,14.372,14.361
2026-05-15,DI1J30,14.232,14.035
2026-05-15,DI1V31,14.265,14.078
2026-05-15,DI1J27,14.212,14.137
2026-05-15,DI1F27,14.228,14.18
2026-05-15,DI1F37,14.278,14.119
2026-05-15,DI1F32,14.282,14.096
2026-05-15,DI1F29,14.16,13.976
2026-05-15,DI1F39,14.239,14.08
2026-05-15,DI1H27,14.226,14.154
2026-05-15,DI1Z29,14.225,14.03
2026-05-15,DI1F34,14.297,14.118
2026-05-15,DI1N28,14.133,13.963
2026-05-15,DI1N27,14.202,14.091
2026-05-15,DI1X28,14.148,13.969
2026-05-15,DI1Z26,14.256,14.211
2026-05-15,DI1J31,14.264,14.052
2026-05-15,DI1V26,14.271,14.242
2026-05-15,DI1V28,14.148,13.972
2026-05-15,DI1F33,14.3,14.118
2026-05-15,DI1G27,14.226,14.166
2026-05-15,DI1X26,14.255,14.215
2026-05-15,DI1N29,14.209,14.018
2026-05-15,DI1K27,14.21,14.12
2026-05-15,DI1V27,14.18,14.039
2026-05-15,DI1F35,14.282,14.114
2026-05-15,DI1F30,14.23,14.034
2026-05-15,DI1F40,14.222,14.063
2026-05-15,DI1X29,14.223,14.03
2026-05-15,DI1Z27,14.14,13.992
2026-05-15,DI1V29,14.224,14.032
2026-05-15,DI1X27,14.16,14.016
2026-05-15,DI1J28,14.128,13.965
2026-05-15,DI1F31,14.251,14.057
2026-05-15,DI1F41,14.229,14.07
2026-05-15,DI1Q27,14.183,14.062
2026-05-15,DI1N30,14.251,14.05
2026-05-15,DI1Q26,14.33,14.312
2026-05-15,DI1M26,14.403,14.402
2026-05-15,DI1J29,14.185,13.992
2026-05-15,DI1V30,14.24,14.043
2026-05-15,DI1F36,14.26,14.096
2026-05-15,DI1N31,14.259,14.07
2026-05-15,DI1F28,14.132,13.98
2026-05-15,DI1F38,14.257,14.098
2026-05-15,DI1U26,14.291,14.27
2026-05-14,DI1Z28,13.968,14.045
2026-05-14,DI1N26,14.362,14.373
2026-05-14,DI1J30,14.035,14.099
2026-05-14,DI1V31,14.078,14.132
2026-05-14,DI1J27,14.138,14.183
2026-05-14,DI1F27,14.181,14.21
2026-05-14,DI1F37,14.119,14.156
2026-05-14,DI1F32,14.096,14.149
2026-05-14,DI1F29,13.977,14.054
2026-05-14,DI1F39,14.08,14.134
2026-05-14,DI1H27,14.155,14.2
2026-05-14,DI1Z29,14.03,14.098
2026-05-14,DI1F34,14.118,14.171
2026-05-14,DI1N28,13.964,14.042
2026-05-14,DI1N27,14.092,14.155
2026-05-14,DI1X28,13.97,14.046
2026-05-14,DI1Z26,14.212,14.24
2026-05-14,DI1J31,14.052,14.12
2026-05-14,DI1V26,14.244,14.265
2026-05-14,DI1V28,13.973,14.049
2026-05-14,DI1F33,14.118,14.166
2026-05-14,DI1G27,14.167,14.195
2026-05-14,DI1X26,14.217,14.245
2026-05-14,DI1N29,14.018,14.089
2026-05-14,DI1K27,14.121,14.17
2026-05-14,DI1V27,14.04,14.118
2026-05-14,DI1F35,14.114,14.158
2026-05-14,DI1F30,14.034,14.102
2026-05-14,DI1F40,14.063,14.117
2026-05-14,DI1X29,14.03,14.097
2026-05-14,DI1Z27,13.993,14.071
2026-05-14,DI1V29,14.032,14.1
2026-05-14,DI1X27,14.017,14.091
2026-05-14,DI1J28,13.966,14.044
2026-05-14,DI1F31,14.057,14.115
2026-05-14,DI1F41,14.07,14.124
2026-05-14,DI1Q27,14.063,14.131
2026-05-14,DI1N30,14.05,14.111
2026-05-14,DI1Q26,14.314,14.33
2026-05-14,DI1M26,14.402,14.4
2026-05-14,DI1J29,13.993,14.07
2026-05-14,DI1V30,14.043,14.108
2026-05-14,DI1F36,14.096,14.155
2026-05-14,DI1N31,14.07,14.133
2026-05-14,DI1F28,13.981,14.059
2026-05-14,DI1F38,14.098,14.152
2026-05-14,DI1U26,14.272,14.282
2026-05-13,DI1Z28,14.046,13.757
2026-05-13,DI1N26,14.374,14.357
2026-05-13,DI1J30,14.099,13.798
2026-05-13,DI1V31,14.132,13.837
2026-05-13,DI1J27,14.184,14.061
2026-05-13,DI1F27,14.211,14.127
2026-05-13,DI1F37,14.156,13.886
2026-05-13,DI1F32,14.149,13.86
2026-05-13,DI1F29,14.055,13.764
2026-05-13,DI1F39,14.134,13.868
2026-05-13,DI1H27,14.201,14.088
2026-05-13,DI1Z29,14.098,13.8
2026-05-13,DI1F34,14.171,13.887
2026-05-13,DI1N28,14.043,13.775
2026-05-13,DI1N27,14.156,13.991
2026-05-13,DI1X28,14.047,13.76
2026-05-13,DI1Z26,14.241,14.167
2026-05-13,DI1J31,14.12,13.82
2026-05-13,DI1V26,14.266,14.218
2026-05-13,DI1V28,14.05,13.765
2026-05-13,DI1F33,14.166,13.885
2026-05-13,DI1G27,14.196,14.105
2026-05-13,DI1X26,14.246,14.187
2026-05-13,DI1N29,14.089,13.792
2026-05-13,DI1K27,14.171,14.037
2026-05-13,DI1V27,14.119,13.919
2026-05-13,DI1F35,14.158,13.881
2026-05-13,DI1F30,14.102,13.804
2026-05-13,DI1F40,14.117,13.851
2026-05-13,DI1X29,14.097,13.8
2026-05-13,DI1Z27,14.072,13.852
2026-05-13,DI1V29,14.1,13.803
2026-05-13,DI1X27,14.092,13.884
2026-05-13,DI1J28,14.045,13.796
2026-05-13,DI1F31,14.115,13.816
2026-05-13,DI1F41,14.124,13.858
2026-05-13,DI1Q27,14.132,13.958
2026-05-13,DI1N30,14.111,13.816
2026-05-13,DI1Q26,14.331,14.302
2026-05-13,DI1M26,14.4,14.402
2026-05-13,DI1J29,14.07,13.778
2026-05-13,DI1V30,14.108,13.807
2026-05-13,DI1F36,14.155,13.871
2026-05-13,DI1N31,14.133,13.831
2026-05-13,DI1F28,14.06,13.83
2026-05-13,DI1F38,14.152,13.886
2026-05-13,DI1U26,14.283,14.252
2026-05-12,DI1Z28,13.758,13.682
2026-05-12,DI1N26,14.358,14.356
2026-05-12,DI1J30,13.799,13.738
2026-05-12,DI1V31,13.837,13.796
2026-05-12,DI1J27,14.063,14.035
2026-05-12,DI1F27,14.129,14.108
2026-05-12,DI1F37,13.886,13.86
2026-05-12,DI1F32,13.86,13.822
2026-05-12,DI1F29,13.765,13.689
2026-05-12,DI1F39,13.868,13.842
2026-05-12,DI1H27,14.09,14.077
2026-05-12,DI1Z29,13.801,13.74
2026-05-12,DI1F34,13.887,13.858
2026-05-12,DI1N28,13.776,13.706
2026-05-12,DI1N27,13.992,13.949
2026-05-12,DI1X28,13.761,13.686
2026-05-12,DI1Z26,14.169,14.154
2026-05-12,DI1J31,13.82,13.769
2026-05-12,DI1V26,14.22,14.209
2026-05-12,DI1V28,13.766,13.689
2026-05-12,DI1F33,13.885,13.851
2026-05-12,DI1G27,14.107,14.085
2026-05-12,DI1X26,14.189,14.177
2026-05-12,DI1N29,13.793,13.725
2026-05-12,DI1K27,14.038,14.007
2026-05-12,DI1V27,13.92,13.859
2026-05-12,DI1F35,13.881,13.852
2026-05-12,DI1F30,13.805,13.745
2026-05-12,DI1F40,13.851,13.825
2026-05-12,DI1X29,13.801,13.738
2026-05-12,DI1Z27,13.853,13.786
2026-05-12,DI1V29,13.804,13.741
2026-05-12,DI1X27,13.885,13.82
2026-05-12,DI1J28,13.797,13.724
2026-05-12,DI1F31,13.816,13.763
2026-05-12,DI1F41,13.858,13.832
2026-05-12,DI1Q27,13.959,13.908
2026-05-12,DI1N30,13.817,13.761
2026-05-12,DI1Q26,14.304,14.298
2026-05-12,DI1M26,14.402,14.4
2026-05-12,DI1J29,13.779,13.704
2026-05-12,DI1V30,13.808,13.751
2026-05-12,DI1F36,13.871,13.844
2026-05-12,DI1N31,13.831,13.785
2026-05-12,DI1F28,13.831,13.762
2026-05-12,DI1F38,13.886,13.86
2026-05-12,DI1U26,14.254,14.246
2026-05-11,DI1Z28,13.683,13.519
2026-05-11,DI1N26,14.357,14.352
2026-05-11,DI1J30,13.739,13.574
2026-05-11,DI1V31,13.796,13.641
2026-05-11,DI1J27,14.037,13.943
2026-05-11,DI1F27,14.11,14.049
2026-05-11,DI1F37,13.86,13.732
2026-05-11,DI1F32,13.822,13.666
2026-05-11,DI1F29,13.69,13.525
2026-05-11,DI1F39,13.842,13.704
2026-05-11,DI1H27,14.079,13.987
2026-05-11,DI1Z29,13.741,13.574
2026-05-11,DI1F34,13.858,13.712
2026-05-11,DI1N28,13.707,13.538
2026-05-11,DI1N27,13.951,13.828
2026-05-11,DI1X28,13.687,13.521
2026-05-11,DI1Z26,14.156,14.103
2026-05-11,DI1J31,13.77,13.607
2026-05-11,DI1V26,14.211,14.18
2026-05-11,DI1V28,13.69,13.523
2026-05-11,DI1F33,13.851,13.703
2026-05-11,DI1G27,14.087,14.014
2026-05-11,DI1X26,14.179,14.135
2026-05-11,DI1N29,13.726,13.558
2026-05-11,DI1K27,14.009,13.903
2026-05-11,DI1V27,13.861,13.717
2026-05-11,DI1F35,13.852,13.712
2026-05-11,DI1F30,13.746,13.578
2026-05-11,DI1F40,13.825,13.687
2026-05-11,DI1X29,13.739,13.57
2026-05-11,DI1Z27,13.788,13.636
2026-05-11,DI1V29,13.742,13.572
2026-05-11,DI1X27,13.822,13.675
2026-05-11,DI1J28,13.725,13.557
2026-05-11,DI1F31,13.764,13.605
2026-05-11,DI1F41,13.832,13.694
2026-05-11,DI1Q27,13.91,13.781
2026-05-11,DI1N30,13.762,13.593
2026-05-11,DI1Q26,14.3,14.287
2026-05-11,DI1M26,14.4,14.401
2026-05-11,DI1J29,13.705,13.541
2026-05-11,DI1V30,13.752,13.59
2026-05-11,DI1F36,13.844,13.702
2026-05-11,DI1N31,13.785,13.629
2026-05-11,DI1F28,13.764,13.608
2026-05-11,DI1F38,13.86,13.722
2026-05-11,DI1U26,14.248,14.225
2026-05-08,DI1Z28,13.52,13.561
2026-05-08,DI1N26,14.353,14.354
2026-05-08,DI1J30,13.575,13.627
2026-05-08,DI1V31,13.642,13.699
2026-05-08,DI1J27,13.945,13.966
2026-05-08,DI1F27,14.051,14.069
2026-05-08,DI1F37,13.732,13.796
2026-05-08,DI1F32,13.667,13.732
2026-05-08,DI1F29,13.526,13.565
2026-05-08,DI1F39,13.704,13.77
2026-05-08,DI1H27,13.989,14.008
2026-05-08,DI1Z29,13.575,13.621
2026-05-08,DI1F34,13.712,13.775
2026-05-08,DI1N28,13.54,13.575
2026-05-08,DI1N27,13.83,13.851
2026-05-08,DI1X28,13.522,13.566
2026-05-08,DI1Z26,14.105,14.12
2026-05-08,DI1J31,13.608,13.661
2026-05-08,DI1V26,14.182,14.187
2026-05-08,DI1V28,13.524,13.569
2026-05-08,DI1F33,13.703,13.768
2026-05-08,DI1G27,14.016,14.035
2026-05-08,DI1X26,14.137,14.144
2026-05-08,DI1N29,13.559,13.607
2026-05-08,DI1K27,13.905,13.918
2026-05-08,DI1V27,13.719,13.746
2026-05-08,DI1F35,13.712,13.782
2026-05-08,DI1F30,13.579,13.627
2026-05-08,DI1F40,13.687,13.753
2026-05-08,DI1X29,13.571,13.617
2026-05-08,DI1Z27,13.638,13.666
2026-05-08,DI1V29,13.573,13.656
2026-05-08,DI1X27,13.677,13.705
2026-05-08,DI1J28,13.559,13.593
2026-05-08,DI1F31,13.606,13.665
2026-05-08,DI1F41,13.694,13.76
2026-05-08,DI1Q27,13.783,13.804
2026-05-08,DI1N30,13.594,13.646
2026-05-08,DI1Q26,14.289,14.293
2026-05-08,DI1M26,14.401,14.4
2026-05-08,DI1J29,13.542,13.583
2026-05-08,DI1V30,13.591,13.645
2026-05-08,DI1F36,13.702,13.77
2026-05-08,DI1N31,13.63,13.688
2026-05-08,DI1F28,13.61,13.642
2026-05-08,DI1F38,13.722,13.788
2026-05-08,DI1U26,14.227,14.232
